Date,Close,Target_Return,Predicted_Return,Predicted_Next_Close,Signal
2022-06-29 04:00:00+00:00,15.541999816894531,-0.024642866084047,-0.008023571,15.417297648110889,HOLD
2022-06-30 04:00:00+00:00,15.159000396728516,-0.0419553147697655,-0.0023837204,15.122865751751306,HOLD
2022-07-01 04:00:00+00:00,14.52299976348877,0.0303656263804326,0.0034476602,14.573070010681135,HOLD
2022-07-05 04:00:00+00:00,14.96399974822998,0.0110933152234631,-0.007643061,14.849629239814533,HOLD
2022-07-06 04:00:00+00:00,15.130000114440918,0.0481163041433145,-0.0021885524,15.096887150752423,HOLD
2022-07-07 04:00:00+00:00,15.857999801635742,-0.0012611618324834,-0.0023002136,15.821523185351793,HOLD
2022-07-08 04:00:00+00:00,15.838000297546388,-0.043313540687745,-0.015813911,15.587539948645658,SELL
2022-07-11 04:00:00+00:00,15.152000427246094,-0.0046198948339956,-0.008781469,15.018943245950595,HOLD
2022-07-12 04:00:00+00:00,15.08199977874756,0.0054369301120864,-0.0038063442,15.02459236944492,HOLD
2022-07-13 04:00:00+00:00,15.163999557495115,0.0137167099165906,-0.0012259458,15.145409277504767,HOLD
2022-07-14 04:00:00+00:00,15.371999740600586,0.0253708268217494,0.008369581,15.500656691764334,HOLD
2022-07-15 04:00:00+00:00,15.76200008392334,0.0215074068281313,0.0010194002,15.77806721481295,HOLD
2022-07-18 04:00:00+00:00,16.10099983215332,0.0553382247667226,0.006078416,16.19886754518052,HOLD
2022-07-19 04:00:00+00:00,16.992000579833984,0.0479636651893844,-0.0032367364,16.937002384216385,HOLD
2022-07-20 04:00:00+00:00,17.80699920654297,0.0136463211852275,-0.0017170057,17.77642403685195,HOLD
2022-07-21 04:00:00+00:00,18.049999237060547,-0.0404985608763364,0.0019805,18.085748039165082,HOLD
2022-07-22 04:00:00+00:00,17.319000244140625,-0.0170333201764201,-0.000113620416,17.31703269395439,HOLD
2022-07-25 04:00:00+00:00,17.02400016784668,-0.0288415893421518,0.0049545662,17.108346878883367,HOLD
2022-07-26 04:00:00+00:00,16.533000946044922,0.0760297524680857,-0.005866936,16.436002742283335,HOLD
2022-07-27 04:00:00+00:00,17.790000915527344,0.0109049087581927,0.019449154,18.136000685616636,BUY
2022-07-28 04:00:00+00:00,17.983999252319336,0.0099533397427773,0.0021012076,18.021786924698517,HOLD
2022-07-29 04:00:00+00:00,18.163000106811523,0.0153058347351675,0.00018011559,18.166271721501516,HOLD
2022-08-01 04:00:00+00:00,18.44099998474121,0.0046092448643233,-0.001786528,18.408054584709248,HOLD
2022-08-02 04:00:00+00:00,18.525999069213867,0.0198100290549976,0.00061054283,18.53731085863501,HOLD
2022-08-03 04:00:00+00:00,18.89299964904785,0.0170433763574577,0.0008423156,18.908913843097707,HOLD
2022-08-04 04:00:00+00:00,19.21500015258789,-0.0117616357199394,0.001174349,19.237564917385953,HOLD
2022-08-05 04:00:00+00:00,18.98900032043457,-0.0629838871280336,0.010357762,19.18568340192337,BUY
2022-08-08 04:00:00+00:00,17.792999267578125,-0.0397346627424143,0.004271651,17.869004314274207,HOLD
2022-08-09 04:00:00+00:00,17.086000442504883,0.0591712310301926,-0.0014751569,17.06079593748143,HOLD
2022-08-10 04:00:00+00:00,18.097000122070312,-0.00856499340222,0.0021679087,18.13623333504438,HOLD
2022-08-11 04:00:00+00:00,17.941999435424805,0.0427488698305211,-0.0015950708,17.913380512780464,HOLD
2022-08-12 04:00:00+00:00,18.708999633789062,0.0172644160856296,0.0028737162,18.76276292147304,HOLD
2022-08-15 04:00:00+00:00,19.03199958801269,-0.0080390858155572,-0.0011870416,19.009408100140373,HOLD
2022-08-16 04:00:00+00:00,18.878999710083008,-0.0288151191251837,0.0025985716,18.928057245693253,HOLD
2022-08-17 04:00:00+00:00,18.334999084472656,0.023888827628105,-0.0037981858,18.265359333356628,HOLD
2022-08-18 04:00:00+00:00,18.77300071716309,-0.0492196106684317,0.0029532588,18.828442850085143,HOLD
2022-08-19 04:00:00+00:00,17.849000930786133,-0.0456608488742861,-0.005231091,17.75563133545586,HOLD
2022-08-22 04:00:00+00:00,17.034000396728516,0.0086297614011499,0.0018228042,17.065050470836923,HOLD
2022-08-23 04:00:00+00:00,17.180999755859375,0.0023863783710813,0.00046670088,17.1890182035022,HOLD
2022-08-24 04:00:00+00:00,17.222000122070312,0.0401230971921595,0.004210811,17.294519032277094,HOLD
2022-08-25 04:00:00+00:00,17.913000106811523,-0.0922793428277335,-0.008963351,17.75243968033419,HOLD
2022-08-26 04:00:00+00:00,16.260000228881836,-0.0282288180198226,0.0024995215,16.300643406486415,HOLD
2022-08-29 04:00:00+00:00,15.800999641418455,-0.0210745672418265,-0.0063412352,15.700802043089196,HOLD
2022-08-30 04:00:00+00:00,15.468000411987305,-0.0241789849595921,-0.0051022656,15.389078392310921,HOLD
2022-08-31 04:00:00+00:00,15.093999862670898,-0.0766529480945658,0.0020680677,15.125214899732782,HOLD
2022-09-01 04:00:00+00:00,13.937000274658203,-0.0208079182132425,0.022809539,14.254896358555925,BUY
2022-09-02 04:00:00+00:00,13.647000312805176,-0.0133362758148771,0.0009982747,13.660623548104695,HOLD
2022-09-06 04:00:00+00:00,13.46500015258789,0.0184923574318887,0.016347451,13.685118007770143,BUY
2022-09-07 04:00:00+00:00,13.71399974822998,0.0201254213180079,0.0061190985,13.79791752351241,HOLD
2022-09-08 04:00:00+00:00,13.989999771118164,0.0283774352609189,0.0048708455,14.058143543082224,HOLD
2022-09-09 04:00:00+00:00,14.38700008392334,0.0082018509647077,0.0016352959,14.410527332681568,HOLD
2022-09-12 04:00:00+00:00,14.505000114440918,-0.0947259936901673,0.016565707,14.745285312044984,BUY
2022-09-13 04:00:00+00:00,13.130999565124512,-0.0002284141211201,0.030760713,13.53491915795621,BUY
2022-09-14 04:00:00+00:00,13.128000259399414,-0.0151584669903598,-0.007428399,13.030480121592973,HOLD
2022-09-15 04:00:00+00:00,12.928999900817873,0.0208059444248849,-0.0053717694,12.859548553343929,HOLD
2022-09-16 04:00:00+00:00,13.197999954223633,0.0139415074933308,0.0016417016,13.21966777507896,HOLD
2022-09-19 04:00:00+00:00,13.381999969482422,-0.0153938371344902,-0.012565001,13.213854915763932,SELL
2022-09-20 04:00:00+00:00,13.175999641418455,0.006451126325154,-0.006715312,13.087518881344748,HOLD
2022-09-21 04:00:00+00:00,13.26099967956543,-0.0527863529281132,0.002957182,13.30021543729913,HOLD
2022-09-22 04:00:00+00:00,12.560999870300291,-0.003582523426367,-0.011194372,12.420387662312917,SELL
2022-09-23 04:00:00+00:00,12.515999794006348,-0.0230105554131953,8.29713e-05,12.517038242322997,HOLD
2022-09-26 04:00:00+00:00,12.227999687194824,0.0151292463484793,-0.005899108,12.155865111527362,HOLD
2022-09-27 04:00:00+00:00,12.413000106811523,0.0260211029923691,0.01342599,12.579656378868776,BUY
2022-09-28 04:00:00+00:00,12.736000061035156,-0.040515059008598,-0.0028045352,12.700281722851287,HOLD
2022-09-29 04:00:00+00:00,12.220000267028809,-0.0066285046067072,0.0031602166,12.258618379483096,HOLD
2022-09-30 04:00:00+00:00,12.138999938964844,0.0307274196255002,0.00202282,12.163555465932404,HOLD
2022-10-03 04:00:00+00:00,12.51200008392334,0.0523497225525757,0.0054602628,12.580318886261466,HOLD
2022-10-04 04:00:00+00:00,13.166999816894531,0.0031897788014427,-0.00076457276,13.156933003267568,HOLD
2022-10-05 04:00:00+00:00,13.208999633789062,-0.0059807344642558,-0.0013405756,13.19129207070091,HOLD
2022-10-06 04:00:00+00:00,13.130000114440918,-0.0802741730107554,-0.0042064907,13.074769049997542,HOLD
2022-10-07 04:00:00+00:00,12.076000213623049,-0.033620414884648,0.0048616077,12.134708814705848,HOLD
2022-10-10 04:00:00+00:00,11.670000076293944,-0.0071979120171296,-0.012528987,11.52378646397369,SELL
2022-10-11 04:00:00+00:00,11.586000442504885,-0.0074227895063234,0.0010374698,11.598020668250458,HOLD
2022-10-12 04:00:00+00:00,11.5,0.0400000033171281,0.0010167592,11.511692464351654,HOLD
2022-10-13 04:00:00+00:00,11.960000038146973,-0.0612876086369402,0.010323819,12.083472242749167,BUY
2022-10-14 04:00:00+00:00,11.22700023651123,0.0588758603519106,-0.0049227574,11.171732547907027,HOLD
2022-10-17 04:00:00+00:00,11.887999534606934,0.0066453967122463,-0.008418059,11.787925365551018,HOLD
2022-10-18 04:00:00+00:00,11.967000007629396,0.0070192724772712,0.009959506,12.086184857206037,HOLD
2022-10-19 04:00:00+00:00,12.050999641418455,0.0118662855345779,0.00056871946,12.057853617583417,HOLD
2022-10-20 04:00:00+00:00,12.194000244140623,0.0223059991540972,0.0012627293,12.209398632596274,HOLD
2022-10-21 04:00:00+00:00,12.465999603271484,0.0106690500620125,0.0078403,12.563736477840848,HOLD
2022-10-24 04:00:00+00:00,12.598999977111816,0.0525438291655089,-0.0014040875,12.5813096378767,HOLD
2022-10-25 04:00:00+00:00,13.26099967956543,-0.0275243028382401,-0.0012545813,13.244362978860408,HOLD
2022-10-26 04:00:00+00:00,12.895999908447266,0.021712138256746,-0.0045256563,12.83763697856375,HOLD
2022-10-27 04:00:00+00:00,13.175999641418455,0.049939284325889,0.00664968,13.263616515636157,HOLD
2022-10-28 04:00:00+00:00,13.833999633789062,-0.0243602647180477,0.002798955,13.872719821620194,HOLD
2022-10-31 04:00:00+00:00,13.496999740600586,0.0034082004546149,0.0018454,13.521906561372816,HOLD
2022-11-01 04:00:00+00:00,13.54300022125244,-0.0239238243585865,0.005066779,13.611619250584111,HOLD
2022-11-02 04:00:00+00:00,13.218999862670898,0.0152810096380338,0.009694497,13.34715088913822,HOLD
2022-11-03 04:00:00+00:00,13.42099952697754,0.0547649680542896,0.00707287,13.51592525767501,HOLD
2022-11-04 04:00:00+00:00,14.156000137329102,0.0102429713678084,0.0008384896,14.167870200272318,HOLD
2022-11-07 05:00:00+00:00,14.300999641418455,0.0210475213369714,0.00019571139,14.303798942734145,HOLD
2022-11-08 05:00:00+00:00,14.60200023651123,-0.0565676071938209,0.010072246,14.749074960229791,BUY
2022-11-09 05:00:00+00:00,13.776000022888184,0.1432926810273016,0.0022267918,13.806676826528019,HOLD
2022-11-10 05:00:00+00:00,15.75,0.0366348993210565,-0.002201013,15.715333923697472,HOLD
2022-11-11 05:00:00+00:00,16.32699966430664,-0.0019599184584202,-0.007633494,16.202367393970007,HOLD
2022-11-14 05:00:00+00:00,16.295000076293945,0.0227677378447346,0.0011022943,16.312962516034304,HOLD
2022-11-15 05:00:00+00:00,16.666000366210938,-0.0453618446049937,0.001218551,16.686308843582083,HOLD
2022-11-16 05:00:00+00:00,15.90999984741211,-0.0146448651081314,-0.0010504363,15.893287782233301,HOLD
2022-11-17 05:00:00+00:00,15.677000045776367,-0.0170950850459463,0.010958177,15.848791665101999,BUY
2022-11-18 05:00:00+00:00,15.409000396728516,-0.0059705370407368,-0.017571542,15.138240090909221,SELL
2022-11-21 05:00:00+00:00,15.31700038909912,0.0470718612911655,0.008821,15.452111811732264,HOLD
2022-11-22 05:00:00+00:00,16.038000106811523,0.0299912077389024,0.00096426706,16.05346529279518,HOLD
2022-11-23 05:00:00+00:00,16.518999099731445,-0.0150734702789481,0.0060984367,16.619738392465706,HOLD
2022-11-25 05:00:00+00:00,16.270000457763672,-0.0272280750456673,-0.001439848,16.24657378190409,HOLD
2022-11-28 05:00:00+00:00,15.82699966430664,-0.0118784184829281,0.0051807123,15.908994862843883,HOLD
2022-11-29 05:00:00+00:00,15.638999938964844,0.0821024619054704,0.0067398464,15.744404527968072,HOLD
2022-11-30 05:00:00+00:00,16.92300033569336,0.012527323109563,0.008778664,17.071562131371593,HOLD
2022-12-01 05:00:00+00:00,17.135000228881836,-0.0151153063751749,-0.0016661761,17.106450093007197,HOLD
2022-12-02 05:00:00+00:00,16.875999450683594,-0.0157619607128665,-0.0011752354,16.856166357924394,HOLD
2022-12-05 05:00:00+00:00,16.610000610351562,-0.037507532935925,-0.0035862222,16.550433283643542,HOLD
2022-12-06 05:00:00+00:00,15.987000465393066,0.008319282540101,-0.0020308276,15.954533274182268,HOLD
2022-12-07 05:00:00+00:00,16.1200008392334,0.0650744250474144,0.0051968135,16.203773417065804,HOLD
2022-12-08 05:00:00+00:00,17.16900062561035,-0.0097851458329005,0.0050356956,17.255457511475925,HOLD
2022-12-09 05:00:00+00:00,17.000999450683594,0.0314099414141821,-0.00039775,16.99423744265232,HOLD
2022-12-12 05:00:00+00:00,17.53499984741211,0.0306245030396838,0.00070400443,17.547345365178444,HOLD
2022-12-13 05:00:00+00:00,18.07200050354004,-0.0220230581050019,0.010478782,18.26137220719602,BUY
2022-12-14 05:00:00+00:00,17.673999786376953,-0.0408509749234481,-0.004116051,17.601252571985242,HOLD
2022-12-15 05:00:00+00:00,16.95199966430664,-0.0224752552113981,-0.004336549,16.878486708666287,HOLD
2022-12-16 05:00:00+00:00,16.570999145507812,-0.0191297719975285,0.004217795,16.640891375633146,HOLD
2022-12-19 05:00:00+00:00,16.253999710083008,-0.0103974793050791,0.004825589,16.332434881718655,HOLD
2022-12-20 05:00:00+00:00,16.084999084472656,0.025862629150692,0.00068102207,16.095953655215453,HOLD
2022-12-21 05:00:00+00:00,16.500999450683594,-0.070419958859248,0.004465951,16.57469188480627,HOLD
2022-12-22 05:00:00+00:00,15.33899974822998,-0.0086706709921787,0.004946661,15.414877311414784,HOLD
2022-12-23 05:00:00+00:00,15.206000328063965,-0.0713534140956523,0.0008893169,15.219523043924255,HOLD
2022-12-27 05:00:00+00:00,14.121000289916992,-0.0060194063028004,0.010370916,14.26744875707891,BUY
2022-12-28 05:00:00+00:00,14.03600025177002,0.0403960833039529,-0.013353568,13.848569312548307,SELL
2022-12-29 05:00:00+00:00,14.602999687194824,0.0007533132558643,0.021847747,14.922042007287928,BUY
2022-12-30 05:00:00+00:00,14.61400032043457,-0.0204598832280837,0.0064501055,14.70826145593378,HOLD
2023-01-03 05:00:00+00:00,14.3149995803833,0.0303178503653975,0.006153391,14.403084713022736,HOLD
2023-01-04 05:00:00+00:00,14.74899959564209,-0.0328157343269807,-0.0024382244,14.713037888618771,HOLD
2023-01-05 05:00:00+00:00,14.265000343322754,0.0416403679197205,0.003440623,14.31408076762068,HOLD
2023-01-06 05:00:00+00:00,14.859000205993652,0.0517531491180389,0.0037266847,14.91437555127618,HOLD
2023-01-09 05:00:00+00:00,15.628000259399414,0.0179805562237622,-0.0016318205,15.602498545461799,HOLD
2023-01-10 05:00:00+00:00,15.909000396728516,0.0057828305777147,-0.0065745036,15.804406490221027,HOLD
2023-01-11 05:00:00+00:00,16.000999450683594,0.0318730233354296,-0.006177431,15.902154470499227,HOLD
2023-01-12 05:00:00+00:00,16.51099967956543,0.023499515220841,-0.0011567497,16.491900624586265,HOLD
2023-01-13 05:00:00+00:00,16.89900016784668,0.0475175743229949,-0.0018942702,16.86698847268019,HOLD
2023-01-17 05:00:00+00:00,17.70199966430664,-0.0183594430998736,-0.0022483396,17.66219942990915,HOLD
2023-01-18 05:00:00+00:00,17.37700080871582,-0.0352190476253198,0.0050041624,17.463958232396635,HOLD
2023-01-19 05:00:00+00:00,16.764999389648438,0.0640621146052056,-0.0024739574,16.723523612936333,HOLD
2023-01-20 05:00:00+00:00,17.839000701904297,0.0759011176790971,0.008706748,17.9943193309623,HOLD
2023-01-23 05:00:00+00:00,19.19300079345703,0.0037512943893565,-0.01360547,18.931870892815823,SELL
2023-01-24 05:00:00+00:00,19.26499938964844,0.0030106704600447,-0.010877947,19.055435364329245,SELL
2023-01-25 05:00:00+00:00,19.32299995422364,0.0247891162183659,-0.00090968725,19.305422089976,HOLD
2023-01-26 05:00:00+00:00,19.802000045776367,0.0284314576325779,-0.006065353,19.681893615445006,HOLD
2023-01-27 05:00:00+00:00,20.364999771118164,-0.059071894353583,-0.0037394585,20.288845339081263,HOLD
2023-01-30 05:00:00+00:00,19.16200065612793,0.0195699815864518,-0.0088465195,18.99248360768661,HOLD
2023-01-31 05:00:00+00:00,19.53700065612793,0.0719660178179959,-0.0018569789,19.50072078374376,HOLD
2023-02-01 05:00:00+00:00,20.94300079345703,0.0365754099847688,0.0023992816,20.993249866601218,HOLD
2023-02-02 05:00:00+00:00,21.708999633789062,-0.0280528473256527,-0.005654872,21.586238031252833,HOLD
2023-02-03 05:00:00+00:00,21.100000381469727,-0.0005213118183206,0.001623871,21.134264016770885,HOLD
2023-02-06 05:00:00+00:00,21.089000701904297,0.0514011853435605,0.004858234,21.191456453157116,HOLD
2023-02-07 05:00:00+00:00,22.17300033569336,0.0014431780782133,0.0084593035,22.36056905386704,HOLD
2023-02-08 05:00:00+00:00,22.20499992370605,0.0059446057165488,0.0018238089,22.245497023324102,HOLD
2023-02-09 05:00:00+00:00,22.33699989318848,-0.0479921434689597,0.0039872234,22.426061825207174,HOLD
2023-02-10 05:00:00+00:00,21.26499938964844,0.0245944383811114,0.00011619889,21.26747100048124,HOLD
2023-02-13 05:00:00+00:00,21.788000106811523,0.0542959683667965,-0.0026917541,21.729352349947476,HOLD
2023-02-14 05:00:00+00:00,22.97100067138672,-0.0090113937735294,-0.007079531,22.80837651462889,HOLD
2023-02-15 05:00:00+00:00,22.763999938964844,-0.0334738680500837,0.0014349599,22.796664508255162,HOLD
2023-02-16 05:00:00+00:00,22.00200080871582,-0.0279065674877778,0.0008378147,22.020434148512322,HOLD
2023-02-17 05:00:00+00:00,21.38800048828125,-0.0342715440855427,0.006158518,21.51971787133516,HOLD
2023-02-21 05:00:00+00:00,20.655000686645508,0.0047929808833899,0.0036364961,20.730112170689836,HOLD
2023-02-22 05:00:00+00:00,20.753999710083008,0.1402139292696596,-0.0015898601,20.721004281385717,HOLD
2023-02-23 05:00:00+00:00,23.66399955749512,-0.0159736420921159,0.027695954,24.319395186566457,BUY
2023-02-24 05:00:00+00:00,23.285999298095703,0.0092330223769041,-0.002212832,23.234471516374242,HOLD
2023-02-27 05:00:00+00:00,23.5009994506836,-0.0121271373164438,0.001480814,23.535800148865754,HOLD
2023-02-28 05:00:00+00:00,23.215999603271484,-0.0223121837482652,0.0030527131,23.286871351938316,HOLD
2023-03-01 05:00:00+00:00,22.69799995422364,0.0271389207438574,0.0037532675,22.78319245917306,HOLD
2023-03-02 05:00:00+00:00,23.31399917602539,0.0247061951608615,0.008740848,23.51778455681597,HOLD
2023-03-03 05:00:00+00:00,23.88999938964844,-0.0140644011611754,0.0028312989,23.95764009660525,HOLD
2023-03-06 05:00:00+00:00,23.554000854492188,-0.0112932299410158,0.0076490343,23.73416691599232,HOLD
2023-03-07 05:00:00+00:00,23.288000106811523,0.0383459139879793,0.0026514954,23.349747144982302,HOLD
2023-03-08 05:00:00+00:00,24.18099975585937,-0.0308092692364483,0.0072862008,24.357187138328296,HOLD
2023-03-09 05:00:00+00:00,23.43600082397461,-0.0200973141673938,0.0010008523,23.459457476486932,HOLD
2023-03-10 05:00:00+00:00,22.96500015258789,4.352060426526805e-05,0.0021343685,23.014014883367054,HOLD
2023-03-13 04:00:00+00:00,22.965999603271484,0.0477662693120506,0.004358933,23.066105815827086,HOLD
2023-03-14 04:00:00+00:00,24.0629997253418,0.0068570384993842,0.004895293,24.180796037163876,HOLD
2023-03-15 04:00:00+00:00,24.22800064086914,0.0541934823597023,0.001836938,24.272504956945795,HOLD
2023-03-16 04:00:00+00:00,25.541000366210938,0.0072041037007386,0.0036015522,25.632987583048816,HOLD
2023-03-17 04:00:00+00:00,25.725000381469727,0.0068026913300498,0.0031219535,25.805313114522733,HOLD
2023-03-20 04:00:00+00:00,25.89999961853028,0.0115443934664396,-0.0010245055,25.873465466890146,HOLD
2023-03-21 04:00:00+00:00,26.198999404907227,0.0102676061372668,0.0020054595,26.25154039466247,HOLD
2023-03-22 04:00:00+00:00,26.468000411987305,0.0273159876643518,0.0075489148,26.667805448304307,HOLD
2023-03-23 04:00:00+00:00,27.19099998474121,-0.015152096515727,0.008700387,27.427571766720575,HOLD
2023-03-24 04:00:00+00:00,26.77899932861328,-0.0092609581202384,0.0026891853,26.851014548045896,HOLD
2023-03-27 04:00:00+00:00,26.5310001373291,-0.0045607134782207,0.0054870415,26.67657797400011,HOLD
2023-03-28 04:00:00+00:00,26.40999984741211,0.021734169186808,0.0031539013,26.493294878716824,HOLD
2023-03-29 04:00:00+00:00,26.983999252319336,0.0147865468018935,0.0026268181,27.05488019270001,HOLD
2023-03-30 04:00:00+00:00,27.382999420166016,0.0143885262908751,0.0017983827,27.4322447692457,HOLD
2023-03-31 04:00:00+00:00,27.777000427246094,0.0067681795172307,0.0026500386,27.850610103547297,HOLD
2023-04-03 04:00:00+00:00,27.96500015258789,-0.0183086370392984,0.0014780087,28.00633121393821,HOLD
2023-04-04 04:00:00+00:00,27.452999114990234,-0.0208355594882555,0.0026155747,27.52480438394332,HOLD
2023-04-05 04:00:00+00:00,26.881000518798828,0.0058033605267038,0.008648091,27.113468430356534,HOLD
2023-04-06 04:00:00+00:00,27.03700065612793,0.0200465955446758,-0.00018701828,27.031943672415082,HOLD
2023-04-10 04:00:00+00:00,27.57900047302246,-0.014866378055041,0.0032124852,27.66759668645227,HOLD
2023-04-11 04:00:00+00:00,27.16900062561035,-0.0248076767955027,0.0071282643,27.36266774671185,HOLD
2023-04-12 04:00:00+00:00,26.4950008392334,-0.0012078314530166,0.005301681,26.635469754615315,HOLD
2023-04-13 04:00:00+00:00,26.46299934387207,0.011147643260712,0.0017740806,26.50994662716812,HOLD
2023-04-14 04:00:00+00:00,26.757999420166016,0.0091188203093357,0.0077292295,26.96481661896769,HOLD
2023-04-17 04:00:00+00:00,27.00200080871582,0.0246277678787441,0.0048081074,27.131828272177927,HOLD
2023-04-18 04:00:00+00:00,27.66699981689453,0.0095420515672839,0.009324599,27.92498215743035,HOLD
2023-04-19 04:00:00+00:00,27.93099975585937,-0.0296086667693716,0.0012695603,27.966460364747032,HOLD
2023-04-20 04:00:00+00:00,27.10400009155273,0.0005534013281349,0.0023506016,27.167709907746936,HOLD
2023-04-21 04:00:00+00:00,27.11899948120117,-0.0028393254094795,0.0035663226,27.215713022766064,HOLD
2023-04-24 04:00:00+00:00,27.04199981689453,-0.0296206123998397,-0.0012805565,27.007371287103524,HOLD
2023-04-25 04:00:00+00:00,26.24099922180176,0.0272474438394803,0.0007518894,26.260728595506183,HOLD
2023-04-26 04:00:00+00:00,26.95599937438965,0.0100163401109214,0.0037308384,27.05656932740453,HOLD
2023-04-27 04:00:00+00:00,27.22599983215332,0.0192096055383588,0.0006439837,27.24353252066294,HOLD
2023-04-28 04:00:00+00:00,27.749000549316406,0.0418393194389952,0.0040617115,27.861708634700335,HOLD
2023-05-01 04:00:00+00:00,28.90999984741211,-0.0242131015784876,0.0015033795,28.95346164799639,HOLD
2023-05-02 04:00:00+00:00,28.209999084472656,-0.0144629227911198,0.001815467,28.26121259642332,HOLD
2023-05-03 04:00:00+00:00,27.802000045776367,-0.0086324642372132,-0.0019149062,27.748761483700832,HOLD
2023-05-04 04:00:00+00:00,27.562000274658203,0.0405630948181043,0.004571345,27.687994959894695,HOLD
2023-05-05 04:00:00+00:00,28.68000030517578,0.0164225508726052,0.006578693,28.86867696009176,HOLD
2023-05-08 04:00:00+00:00,29.150999069213867,-0.0198963995137508,0.0013515209,29.190395936542473,HOLD
2023-05-09 04:00:00+00:00,28.57099914550781,0.0109902030998241,-0.0008032898,28.548048296243902,HOLD
2023-05-10 04:00:00+00:00,28.88500022888184,-0.0106283922956191,0.0018487347,28.938399861282054,HOLD
2023-05-11 04:00:00+00:00,28.577999114990234,-0.0083280484908933,0.0070917835,28.78066744415173,HOLD
2023-05-12 04:00:00+00:00,28.34000015258789,0.0216301679287875,0.004482524,28.46703442165108,HOLD
2023-05-15 04:00:00+00:00,28.952999114990234,0.0089800793295786,0.0021414193,29.015001258385382,HOLD
2023-05-16 04:00:00+00:00,29.21299934387207,0.0330332445918573,0.0075255856,29.432843617865956,HOLD
2023-05-17 04:00:00+00:00,30.17799949645996,0.049705084002535,0.002302522,30.247485168012872,HOLD
2023-05-18 04:00:00+00:00,31.67799949645996,-0.0130689931206476,0.0042998022,31.81420728729222,HOLD
2023-05-19 04:00:00+00:00,31.263999938964844,-0.0028147180157327,0.0008120886,31.28938798517993,HOLD
2023-05-22 04:00:00+00:00,31.176000595092773,-0.0156530940606854,-0.003925379,31.053622849512635,HOLD
2023-05-23 04:00:00+00:00,30.6879997253418,-0.0048878916799002,-0.0033711854,30.584544981928733,HOLD
2023-05-24 04:00:00+00:00,30.538000106811523,0.2436963589428,0.006162961,30.72620583385492,HOLD
2023-05-25 04:00:00+00:00,37.97999954223633,0.0254344290393482,0.009195362,38.32923808630585,HOLD
2023-05-26 04:00:00+00:00,38.94599914550781,0.0299132373308679,0.023885824,39.87625728878811,BUY
2023-05-30 04:00:00+00:00,40.11100006103516,-0.0567674808352144,0.0052191317,40.32034345789817,HOLD
2023-05-31 04:00:00+00:00,37.83399963378906,0.0511709267514395,0.014450987,38.38073978085595,BUY
2023-06-01 04:00:00+00:00,39.77000045776367,-0.0111390693577563,0.012574781,40.27009993771162,BUY
2023-06-02 04:00:00+00:00,39.32699966430664,-0.0039666954334697,0.010255451,39.730315977826194,BUY
2023-06-05 04:00:00+00:00,39.17100143432617,-0.0131985930096705,0.003554229,39.310223985643916,HOLD
2023-06-06 04:00:00+00:00,38.65399932861328,-0.030501393774782,-0.0037321793,38.509734700801346,HOLD
2023-06-07 04:00:00+00:00,37.47499847412109,0.0276184093276707,0.008063027,37.77716230711848,HOLD
2023-06-08 04:00:00+00:00,38.5099983215332,0.0067515488850355,0.0007272293,38.538001893730325,HOLD
2023-06-09 04:00:00+00:00,38.77000045776367,0.0183646628174665,0.028752962,39.88475129609242,BUY
2023-06-12 04:00:00+00:00,39.48199844360352,0.0390051409815814,0.014480436,40.053716401212576,BUY
2023-06-13 04:00:00+00:00,41.02199935913086,0.0481449544067322,0.012416165,41.53133360400807,BUY
2023-06-14 04:00:00+00:00,42.99700164794922,-0.008000599037955,-0.00022473978,42.98733724992189,HOLD
2023-06-15 04:00:00+00:00,42.65299987792969,0.0009143897253502,0.012262538,43.17603581970252,BUY
2023-06-16 04:00:00+00:00,42.69200134277344,0.0261406652148443,0.0008407694,42.727896056827376,HOLD
2023-06-20 04:00:00+00:00,43.80799865722656,-0.0174169218331864,0.006194632,44.0793713143139,HOLD
2023-06-21 04:00:00+00:00,43.04499816894531,-0.0004645520714839,0.00488442,43.25524553179457,HOLD
2023-06-22 04:00:00+00:00,43.025001525878906,-0.0189657609099451,0.014974449,43.669278331598434,BUY
2023-06-23 04:00:00+00:00,42.20899963378906,-0.0373616924823829,-0.00045434866,42.18982129071901,HOLD
2023-06-26 04:00:00+00:00,40.63199996948242,0.0306162502986688,0.0039407653,40.792123395799536,HOLD
2023-06-27 04:00:00+00:00,41.8759994506836,-0.0181249135735487,0.0036241973,42.02776648226973,HOLD
2023-06-28 04:00:00+00:00,41.117000579833984,-0.0071746960985102,0.0062491526,41.37394850306464,HOLD
2023-06-29 04:00:00+00:00,40.821998596191406,0.0362549505935851,0.0061572213,41.07335103148125,HOLD
2023-06-30 04:00:00+00:00,42.30199813842773,0.0026239909678009,0.01373896,42.88318486064099,BUY
2023-07-03 04:00:00+00:00,42.41299819946289,-0.0022633829430778,0.009609975,42.82058446846622,HOLD
2023-07-05 04:00:00+00:00,42.31700134277344,-0.0050570856892921,0.006720636,42.60139961060304,HOLD
2023-07-06 04:00:00+00:00,42.10300064086914,0.0095004561454787,0.00591179,42.35190630051875,HOLD
2023-07-07 04:00:00+00:00,42.50299835205078,-0.0075994179092876,0.009138436,42.891410511811955,HOLD
2023-07-10 04:00:00+00:00,42.18000030517578,0.0053342454360649,0.0069232383,42.472020828452514,HOLD
2023-07-11 04:00:00+00:00,42.40499877929688,0.0353024806282999,0.0007325915,42.436062183081965,HOLD
2023-07-12 04:00:00+00:00,43.902000427246094,0.0472643784507751,0.0030043796,44.03390099010085,HOLD
2023-07-13 04:00:00+00:00,45.97700119018555,-0.0110489898648382,0.00705069,46.30116817181033,HOLD
2023-07-14 04:00:00+00:00,45.46900177001953,0.0218169901805673,0.0057556373,45.73070601742984,HOLD
2023-07-17 04:00:00+00:00,46.46099853515625,0.0222337224470814,0.005439287,46.71371298326994,HOLD
2023-07-18 04:00:00+00:00,47.49399948120117,-0.00878005266875,0.010333821,47.98479185569613,BUY
2023-07-19 04:00:00+00:00,47.07699966430664,-0.0330734587515243,0.0055816798,47.33977107468627,HOLD
2023-07-20 04:00:00+00:00,45.52000045776367,-0.0266037420403181,0.007301356,45.85235702848877,HOLD
2023-07-21 04:00:00+00:00,44.30899810791016,0.0068383718149225,0.005018017,44.531340475839905,HOLD
2023-07-24 04:00:00+00:00,44.61199951171875,0.0239173620203496,0.004976627,44.834016936256376,HOLD
2023-07-25 04:00:00+00:00,45.67900085449219,-0.0049694867650158,0.008190578,46.05314073451882,HOLD
2023-07-26 04:00:00+00:00,45.45199966430664,0.009856592996591,0.0067226402,45.75755930770265,HOLD
2023-07-27 04:00:00+00:00,45.900001525878906,0.0185184846593491,0.0103387125,46.374546221773016,BUY
2023-07-28 04:00:00+00:00,46.75,-0.0004491959026152,0.0041718907,46.94503390789032,HOLD
2023-07-31 04:00:00+00:00,46.729000091552734,-0.0047507997525169,0.0009869292,46.775118516893144,HOLD
2023-08-01 04:00:00+00:00,46.50699996948242,-0.0481217658389253,0.0016441213,46.58346373362292,HOLD
2023-08-02 04:00:00+00:00,44.26900100708008,0.0055568993420251,-2.99056e-05,44.267676410764125,HOLD
2023-08-03 04:00:00+00:00,44.51499938964844,0.0037066363650386,0.005795943,44.77300635222491,HOLD
2023-08-04 04:00:00+00:00,44.68000030517578,0.0164950650556146,0.0030399554,44.81582554433135,HOLD
2023-08-07 04:00:00+00:00,45.41699981689453,-0.0165796586099171,0.0038085864,45.58997580136656,HOLD
2023-08-08 04:00:00+00:00,44.66400146484375,-0.0472416384817737,-0.0015656152,44.594073931784806,HOLD
2023-08-09 04:00:00+00:00,42.55400085449219,-0.0039009344098702,-6.2889325e-05,42.551324935501725,HOLD
2023-08-10 04:00:00+00:00,42.38800048828125,-0.036165917910394,0.0039912187,42.55718143514969,HOLD
2023-08-11 04:00:00+00:00,40.85499954223633,0.0709337618965941,-5.049388e-05,40.85293697210477,HOLD
2023-08-14 04:00:00+00:00,43.75299835205078,0.0042739990789553,0.010441856,44.209862754899405,BUY
2023-08-15 04:00:00+00:00,43.93999862670898,-0.0103322389591029,0.0029714117,44.07056241104237,HOLD
2023-08-16 04:00:00+00:00,43.48600006103516,-0.0032653794512332,0.0068973727,43.78593736619133,HOLD
2023-08-17 04:00:00+00:00,43.34400177001953,-0.0010382517027697,-0.0018651072,43.26316135171737,HOLD
2023-08-18 04:00:00+00:00,43.29899978637695,0.0847132563263546,0.0032067483,43.437847983152096,HOLD
2023-08-21 04:00:00+00:00,46.96699905395508,-0.0276577131292693,0.017900983,47.807752662412895,BUY
2023-08-22 04:00:00+00:00,45.667999267578125,0.0317071447139194,-0.0059339725,45.39700535922748,HOLD
2023-08-23 04:00:00+00:00,47.11600112915039,0.0009974757871253,0.005327151,47.366993038947385,HOLD
2023-08-24 04:00:00+00:00,47.16299819946289,-0.0242774354213861,0.015584832,47.89802534217915,BUY
2023-08-25 04:00:00+00:00,46.01800155639648,0.0177538680612829,0.0066190152,46.32259363155571,HOLD
2023-08-28 04:00:00+00:00,46.834999084472656,0.0416142062635809,0.0074543287,47.18412009808435,HOLD
2023-08-29 04:00:00+00:00,48.78400039672852,0.0098392821075108,-0.0014916473,48.71123096979091,HOLD
2023-08-30 04:00:00+00:00,49.26399993896485,0.0018471825954899,0.004698321,49.495455833148306,HOLD
2023-08-31 04:00:00+00:00,49.35499954223633,-0.0171411342160532,-0.0017499476,49.268631611373394,HOLD
2023-09-01 04:00:00+00:00,48.50899887084961,0.0008040047362674,0.00462498,48.73335118641762,HOLD
2023-09-05 04:00:00+00:00,48.54800033569336,-0.0306294698326736,-0.005635903,48.27438782621971,HOLD
2023-09-06 04:00:00+00:00,47.06100082397461,-0.0174241873412619,-0.00032227588,47.04583389571576,HOLD
2023-09-07 04:00:00+00:00,46.24100112915039,-0.0144677346212828,-0.0018182823,46.15692114946569,HOLD
2023-09-08 04:00:00+00:00,45.571998596191406,-0.0086455982734919,-0.0059364187,45.301462987411924,HOLD
2023-09-11 04:00:00+00:00,45.178001403808594,-0.0068175320366842,0.0067292135,45.48201525226159,HOLD
2023-09-12 04:00:00+00:00,44.869998931884766,0.0137063002698174,0.0005603486,44.89514420807109,HOLD
2023-09-13 04:00:00+00:00,45.48500061035156,0.0021106006397386,0.0016811979,45.56147038502786,HOLD
2023-09-14 04:00:00+00:00,45.58100128173828,-0.0368793951117711,0.006999581,45.90005059865234,HOLD
2023-09-15 04:00:00+00:00,43.900001525878906,0.0015033730090801,0.0022431079,43.99847630604654,HOLD
2023-09-18 04:00:00+00:00,43.96599960327149,-0.0101441829944117,-0.0020957245,43.873860088226145,HOLD
2023-09-19 04:00:00+00:00,43.52000045776367,-0.0294347893199347,0.00088540633,43.558531647133805,HOLD
2023-09-20 04:00:00+00:00,42.23899841308594,-0.028930613129589,0.0022224118,42.33287115662279,HOLD
2023-09-21 04:00:00+00:00,41.016998291015625,0.0144574772422054,0.0003955504,41.033222007790755,HOLD
2023-09-22 04:00:00+00:00,41.61000061035156,0.0147079909334704,-0.010270371,41.18265104382226,SELL
2023-09-25 04:00:00+00:00,42.22200012207031,-0.0073658477351963,5.64606e-05,42.22438588476871,HOLD
2023-09-26 04:00:00+00:00,41.9109992980957,0.0132900483374605,0.0013823633,41.968935006601896,HOLD
2023-09-27 04:00:00+00:00,42.46799850463867,0.0146228270493555,-0.0064936103,42.19222711938096,HOLD
2023-09-28 04:00:00+00:00,43.0890007019043,0.0095151857952924,-0.0031052877,42.955197169866096,HOLD
2023-09-29 04:00:00+00:00,43.499000549316406,0.0294949522941414,-0.0031373175,43.36253154910128,HOLD
2023-10-02 04:00:00+00:00,44.78200149536133,-0.028248027379409,-0.00028296752,44.76933073037276,HOLD
2023-10-03 04:00:00+00:00,43.516998291015625,0.0120413193872219,-0.0033904233,43.369456893397,HOLD
2023-10-04 04:00:00+00:00,44.04100036621094,0.0146908415737816,-0.0017142704,43.96550135543748,HOLD
2023-10-05 04:00:00+00:00,44.6879997253418,0.0240333270420876,0.0016643363,44.7623731093604,HOLD
2023-10-06 04:00:00+00:00,45.762001037597656,-0.0106857702175532,0.006952408,46.080157001318184,HOLD
2023-10-09 04:00:00+00:00,45.27299880981445,0.0115963496936521,0.0013334386,45.33336922701437,HOLD
2023-10-10 04:00:00+00:00,45.79800033569336,0.0220096819244839,0.0018352293,45.88205006303406,HOLD
2023-10-11 04:00:00+00:00,46.805999755859375,0.0029697034501958,0.0023409796,46.91557410039968,HOLD
2023-10-12 04:00:00+00:00,46.94499969482422,-0.0316114851275967,0.0059893834,47.226173593958265,HOLD
2023-10-13 04:00:00+00:00,45.46099853515625,0.0139460791882206,-0.00012825886,45.455167289444944,HOLD
2023-10-16 04:00:00+00:00,46.095001220703125,-0.0467946943971991,0.0015525228,46.16656748007517,HOLD
2023-10-17 04:00:00+00:00,43.9379997253418,-0.0396467884456119,0.0010029902,43.98207072373498,HOLD
2023-10-18 04:00:00+00:00,42.19599914550781,-0.0022513368075079,0.0040437845,42.3666320661323,HOLD
2023-10-19 04:00:00+00:00,42.10100173950195,-0.0169592330919379,-0.005016206,41.88981437060875,HOLD
2023-10-20 04:00:00+00:00,41.387001037597656,0.0383694734267126,-0.0036714985,41.2350475496105,HOLD
2023-10-23 04:00:00+00:00,42.97499847412109,0.0160093019143701,0.000416536,42.99289830263478,HOLD
2023-10-24 04:00:00+00:00,43.66299819946289,-0.0431486372567238,0.0046981717,43.86813383365143,HOLD
2023-10-25 04:00:00+00:00,41.77899932861328,-0.0347782172464603,-0.00719621,41.4783497961198,HOLD
2023-10-26 04:00:00+00:00,40.32600021362305,0.0043148287818084,0.0064971414,40.58800407214676,HOLD
2023-10-27 04:00:00+00:00,40.5,0.0163209703233506,0.0040951115,40.66585063934326,HOLD
2023-10-30 04:00:00+00:00,41.1609992980957,-0.0092563476420857,0.0016482739,41.22884525505242,HOLD
2023-10-31 04:00:00+00:00,40.77999877929688,0.0378862685112912,0.003376082,40.91767720525605,HOLD
2023-11-01 04:00:00+00:00,42.32500076293945,0.0279031242662961,0.00015739468,42.33166086685742,HOLD
2023-11-02 04:00:00+00:00,43.50600051879883,0.0344550299140618,-0.0017047861,43.431830964872916,HOLD
2023-11-03 04:00:00+00:00,45.005001068115234,0.0165758996747782,-0.0054390314,44.76021693006351,HOLD
2023-11-06 05:00:00+00:00,45.7509994506836,0.0044589710131028,-0.0050853956,45.5183369206111,HOLD
2023-11-07 05:00:00+00:00,45.95500183105469,0.013469686792241,-0.003646637,45.787421762226586,HOLD
2023-11-08 05:00:00+00:00,46.57400131225586,0.0080731618518816,-0.0029446026,46.43686003608536,HOLD
2023-11-09 05:00:00+00:00,46.95000076293945,0.0294994312891783,0.006008745,47.232111309582706,HOLD
2023-11-10 05:00:00+00:00,48.334999084472656,0.0058963453565816,0.0032394158,48.49157515348452,HOLD
2023-11-13 05:00:00+00:00,48.619998931884766,0.0213080896926203,0.0032183537,48.77647813930071,HOLD
2023-11-14 05:00:00+00:00,49.65599822998047,-0.0154663639655828,0.0026553331,49.78785411841545,HOLD
2023-11-15 05:00:00+00:00,48.88800048828125,0.012109291606168,0.0016264932,48.967516407807125,HOLD
2023-11-16 05:00:00+00:00,49.47999954223633,-0.0036782378380503,0.004461349,49.70074999128201,HOLD
2023-11-17 05:00:00+00:00,49.29800033569336,0.0225364122980615,-0.0010493814,49.2462670449072,HOLD
2023-11-20 05:00:00+00:00,50.40900039672852,-0.0092245461907248,0.007045727,50.76416940205673,HOLD
2023-11-21 05:00:00+00:00,49.94400024414063,-0.024587550754171,0.0076365788,50.32539995379921,HOLD
2023-11-22 05:00:00+00:00,48.71599960327149,-0.0192954806298558,0.017904725,49.588247808982494,BUY
2023-11-24 05:00:00+00:00,47.7760009765625,0.0097538428027932,0.0016402834,47.85436889808625,HOLD
2023-11-27 05:00:00+00:00,48.242000579833984,-0.0087268651645047,-0.00094784447,48.19627521674511,HOLD
2023-11-28 05:00:00+00:00,47.82099914550781,0.0066707147454192,0.0018795413,47.91088219803896,HOLD
2023-11-29 05:00:00+00:00,48.13999938964844,-0.0284586404082788,0.001588849,48.21648525141063,HOLD
2023-11-30 05:00:00+00:00,46.77000045776367,-0.0001069289729802,0.005276842,47.01679635885512,HOLD
2023-12-01 05:00:00+00:00,46.76499938964844,-0.0268363323959121,0.001808331,46.84956386992235,HOLD
2023-12-04 05:00:00+00:00,45.5099983215332,0.023203770808688,0.00096826145,45.55406191424936,HOLD
2023-12-05 05:00:00+00:00,46.56600189208984,-0.022827889379518,0.0009186924,46.608784219811234,HOLD
2023-12-06 05:00:00+00:00,45.50299835205078,0.0240204461007056,-0.0023471978,45.39619501995412,HOLD
2023-12-07 05:00:00+00:00,46.59600067138672,0.0195295697978412,0.0069299266,46.9189051045214,HOLD
2023-12-08 05:00:00+00:00,47.50600051879883,-0.0185029597910227,0.003949479,47.69362655916075,HOLD
2023-12-11 05:00:00+00:00,46.62699890136719,0.0220902613992584,0.008086266,47.00403990941959,HOLD
2023-12-12 05:00:00+00:00,47.65700149536133,0.0090437866910557,0.00011855566,47.66265424686526,HOLD
2023-12-13 05:00:00+00:00,48.0880012512207,0.0054482868092533,0.0009823662,48.13524308422939,HOLD
2023-12-14 05:00:00+00:00,48.34999847412109,0.0111685818525182,0.0054413783,48.613091472429,HOLD
2023-12-15 05:00:00+00:00,48.88999938964844,0.0242789995802195,0.0034589067,49.059102932487804,HOLD
2023-12-18 05:00:00+00:00,50.07699966430664,-0.0094454455323736,0.0017376526,50.1640131887325,HOLD
2023-12-19 05:00:00+00:00,49.604000091552734,-0.0300983797226429,-0.0004799339,49.580193316415716,HOLD
2023-12-20 05:00:00+00:00,48.11100006103516,0.0182702836423376,-0.00067727023,48.07841507830063,HOLD
2023-12-21 05:00:00+00:00,48.9900016784668,-0.003265969420908,0.00029710698,49.00455511619839,HOLD
2023-12-22 05:00:00+00:00,48.83000183105469,0.0091951153127551,-0.0025539456,48.70529294500011,HOLD
2023-12-26 05:00:00+00:00,49.27899932861328,0.0028003914479066,0.001530337,49.35441047124641,HOLD
2023-12-27 05:00:00+00:00,49.41699981689453,0.0021247656196325,0.0009797459,49.465417661845095,HOLD
2023-12-28 05:00:00+00:00,49.52199935913086,0.0,0.004432332,49.74149673678539,HOLD
2023-12-29 05:00:00+00:00,49.52199935913086,-0.0273413858300348,0.006944753,49.86591853102027,HOLD
2024-01-02 05:00:00+00:00,48.167999267578125,-0.0124356218349446,0.0004430644,48.189342552814196,HOLD
2024-01-03 05:00:00+00:00,47.56900024414063,0.0090184963377493,-0.0014889545,47.498170781427696,HOLD
2024-01-04 05:00:00+00:00,47.99800109863281,0.0228967664961532,-0.0024338022,47.881184674450196,HOLD
2024-01-05 05:00:00+00:00,49.09700012207031,0.0642808770827887,0.00850891,49.51476260122217,HOLD
2024-01-08 05:00:00+00:00,52.25299835205078,0.016975122300572,0.0030303032,52.41134062029232,HOLD
2024-01-09 05:00:00+00:00,53.13999938964844,0.022770024433014,0.001637168,53.22700127978533,HOLD
2024-01-10 05:00:00+00:00,54.34999847412109,0.0086844551117155,-0.0024148377,54.21875287066813,HOLD
2024-01-11 05:00:00+00:00,54.821998596191406,-0.0020429665934603,-0.0015969635,54.73444856355263,HOLD
2024-01-12 05:00:00+00:00,54.709999084472656,0.0305611572471091,0.0026301348,54.8538926493884,HOLD
2024-01-16 05:00:00+00:00,56.38199996948242,-0.0058351701935351,0.0013715876,56.459334765869244,HOLD
2024-01-17 05:00:00+00:00,56.053001403808594,0.0188035789948495,0.0037460383,56.26297778083244,HOLD
2024-01-18 05:00:00+00:00,57.10699844360352,0.0417462439021587,0.007306037,57.52422101659932,HOLD
2024-01-19 05:00:00+00:00,59.49100112915039,0.002739879920814,-0.004357634,59.23176100244814,HOLD
2024-01-22 05:00:00+00:00,59.65399932861328,0.0036712001288148,-0.0035020728,59.44508679327055,HOLD
2024-01-23 05:00:00+00:00,59.87300109863281,0.0248692797381746,0.0015419687,59.96532359948287,HOLD
2024-01-24 05:00:00+00:00,61.36199951171875,0.0041556838131804,0.0057868706,61.717095006024465,HOLD
2024-01-25 05:00:00+00:00,61.617000579833984,-0.0095104004469394,0.0020863095,61.74555100526186,HOLD
2024-01-26 05:00:00+00:00,61.03099822998047,0.0234962881846325,-0.00046157706,61.00282764135045,HOLD
2024-01-29 05:00:00+00:00,62.46500015258789,0.0049467398888232,0.00024023475,62.4800046652922,HOLD
2024-01-30 05:00:00+00:00,62.77399826049805,-0.0198648782586253,-0.0004723673,62.74434590719852,HOLD
2024-01-31 05:00:00+00:00,61.527000427246094,0.0243795405201607,0.0021003366,61.656228568616825,HOLD
2024-02-01 05:00:00+00:00,63.027000427246094,0.0497089059232604,-0.0007275038,62.9811498796812,HOLD
2024-02-02 05:00:00+00:00,66.16000366210938,0.0479443303315465,0.007968805,66.68721839962018,HOLD
2024-02-05 05:00:00+00:00,69.33200073242188,-0.0159955164707855,0.010162702,70.03660182886597,BUY
2024-02-06 05:00:00+00:00,68.2229995727539,0.0274980499601604,-5.6645848e-05,68.21913648548161,HOLD
2024-02-07 05:00:00+00:00,70.0989990234375,-0.0065336194451555,0.005111157,70.45728189744113,HOLD
2024-02-08 05:00:00+00:00,69.64099884033203,0.035783582028235,-0.00066320377,69.59481147562883,HOLD
2024-02-09 05:00:00+00:00,72.13300323486328,0.0015942475512229,-0.0008713885,72.07014939938244,HOLD
2024-02-12 05:00:00+00:00,72.24800109863281,-0.0016609836224839,-0.0011449655,72.1652810661135,HOLD
2024-02-13 05:00:00+00:00,72.12799835205078,0.0245674802339463,0.0046823723,72.46573205557706,HOLD
2024-02-14 05:00:00+00:00,73.9000015258789,-0.016806554382767,7.093072e-05,73.90524321805333,HOLD
2024-02-15 05:00:00+00:00,72.65799713134766,-0.0006193147447206,0.0018844084,72.79491825326113,HOLD
2024-02-16 05:00:00+00:00,72.61299896240234,-0.0435320883115589,0.009254582,73.28500139098742,HOLD
2024-02-20 05:00:00+00:00,69.4520034790039,-0.0285089451383813,-0.0068830987,68.97395945133258,HOLD
2024-02-21 05:00:00+00:00,67.47200012207031,0.1640088017558281,0.0048095677,67.7965146680981,HOLD
2024-02-22 05:00:00+00:00,78.53800201416016,0.0035524118446885,0.008963415,79.24197470062336,HOLD
2024-02-23 05:00:00+00:00,78.81700134277344,0.0034891142925232,0.011552698,79.72754984106177,BUY
2024-02-26 05:00:00+00:00,79.09200286865234,-0.0049436915939011,0.009846917,79.87081594716983,HOLD
2024-02-27 05:00:00+00:00,78.70099639892578,-0.0131890882232819,0.005610432,79.14254566365707,HOLD
2024-02-28 05:00:00+00:00,77.66300201416016,0.0186575004825901,-0.0056884177,77.22122155068973,HOLD
2024-02-29 05:00:00+00:00,79.11199951171875,0.040031851507247,0.0029700876,79.34697001789027,HOLD
2024-03-01 05:00:00+00:00,82.27899932861328,0.0359508526749521,-3.241418e-05,82.27633143808634,HOLD
2024-03-04 05:00:00+00:00,85.23699951171875,0.0085291291299893,0.004201402,85.59511528143776,HOLD
2024-03-05 05:00:00+00:00,85.96399688720703,0.0318272783968507,0.0014266807,86.0866414445336,HOLD
2024-03-06 05:00:00+00:00,88.69999694824219,0.0447463574585633,-0.004732858,88.2801934148265,HOLD
2024-03-07 05:00:00+00:00,92.66899871826172,-0.0554770086160316,-0.0053248825,92.17554555305878,HOLD
2024-03-08 05:00:00+00:00,87.52799987792969,-0.0200392766335409,0.007440004,88.17920565609711,HOLD
2024-03-11 04:00:00+00:00,85.77400207519531,0.071571802532695,0.001281231,85.88390099695971,HOLD
2024-03-12 04:00:00+00:00,91.91300201416016,-0.0111518664760945,-0.0067926142,91.28867330416824,HOLD
2024-03-13 04:00:00+00:00,90.88800048828124,-0.0323915173435925,-0.00971958,90.00460455038409,HOLD
2024-03-14 04:00:00+00:00,87.94400024414062,-0.0012167090194183,0.0010407645,88.03553379370351,HOLD
2024-03-15 04:00:00+00:00,87.83699798583984,0.0070358033560582,0.007838798,88.5255386205381,HOLD
2024-03-18 04:00:00+00:00,88.45500183105469,0.0106607967207792,0.006252002,89.0080269606151,HOLD
2024-03-19 04:00:00+00:00,89.39800262451172,0.0108950870807313,0.0040076836,89.7562827408592,HOLD
2024-03-20 04:00:00+00:00,90.37200164794922,0.0117624473427679,0.0036710023,90.70376179108007,HOLD
2024-03-21 04:00:00+00:00,91.43499755859376,0.0312134738607181,0.0024932714,91.66296899008013,HOLD
2024-03-22 04:00:00+00:00,94.28900146484376,0.0075618303879194,-0.0031936257,93.98787851938688,HOLD
2024-03-25 04:00:00+00:00,95.0019989013672,-0.025694216125117,-0.0006316287,94.94199274883523,HOLD
2024-03-26 04:00:00+00:00,92.56099700927734,-0.0249672873450759,-0.0057060756,92.03283730949806,HOLD
2024-03-27 04:00:00+00:00,90.25,0.0011745463447889,0.0035556927,90.57089790701866,HOLD
2024-03-28 04:00:00+00:00,90.3560028076172,7.742877692407113e-05,0.0013234939,90.47558550157193,HOLD
2024-04-01 04:00:00+00:00,90.36299896240234,-0.0100815100633997,0.0017038502,90.51696471502419,HOLD
2024-04-02 04:00:00+00:00,89.4520034790039,-0.0054555132676421,0.004696917,89.87215642798856,HOLD
2024-04-03 04:00:00+00:00,88.96399688720703,-0.0343846748678401,0.0028993818,89.22193984178193,HOLD
2024-04-04 04:00:00+00:00,85.90499877929688,0.0244805830330008,-0.0025442035,85.6864371971551,HOLD
2024-04-05 04:00:00+00:00,88.00800323486328,-0.0099422776092865,0.0038670027,88.34833283626267,HOLD
2024-04-08 04:00:00+00:00,87.13300323486328,-0.0204171426665115,0.004862938,87.5567227126312,HOLD
2024-04-09 04:00:00+00:00,85.35399627685547,0.0197413742939789,0.002501686,85.56752860139204,HOLD
2024-04-10 04:00:00+00:00,87.03900146484375,0.04109647157492,0.0011965847,87.14315432270814,HOLD
2024-04-11 04:00:00+00:00,90.61599731445312,-0.026816460417505,0.0015686599,90.75814436777364,HOLD
2024-04-12 04:00:00+00:00,88.18599700927734,-0.0247771486709379,0.0048478334,88.61351250891403,HOLD
2024-04-15 04:00:00+00:00,86.0009994506836,0.0164416864208025,-0.0012637707,85.89231162122769,HOLD
2024-04-16 04:00:00+00:00,87.41500091552734,-0.0386661009897396,0.0037367246,87.7416475556729,HOLD
2024-04-17 04:00:00+00:00,84.03500366210938,0.0075682028893193,0.0031292785,84.29796968056326,HOLD
2024-04-18 04:00:00+00:00,84.6709976196289,-0.1000460713766637,0.003003276,84.92528491533176,HOLD
2024-04-19 04:00:00+00:00,76.19999694824219,0.0435433192433161,-0.00790761,75.59743564157907,HOLD
2024-04-22 04:00:00+00:00,79.51799774169922,0.0365325946552788,0.0012846204,79.62014650626952,HOLD
2024-04-23 04:00:00+00:00,82.4229965209961,-0.0333158788660588,0.00016497308,82.43659513320745,HOLD
2024-04-24 04:00:00+00:00,79.677001953125,0.0370872618022595,-0.0025690428,79.47231015794387,HOLD
2024-04-25 04:00:00+00:00,82.63200378417969,0.0617556950391764,0.0023923463,82.82968366765272,HOLD
2024-04-26 04:00:00+00:00,87.73500061035156,0.000250791288255,-0.02549998,85.4977581366229,SELL
2024-04-29 04:00:00+00:00,87.75700378417969,-0.0154404013184628,-0.0062208567,87.2110782427817,HOLD
2024-04-30 04:00:00+00:00,86.4020004272461,-0.038899563024183,-0.0039257137,86.06280857597949,HOLD
2024-05-01 04:00:00+00:00,83.04100036621094,0.0334292814913155,0.014046171,84.20741021527647,BUY
2024-05-02 04:00:00+00:00,85.81700134277344,0.0346318337341973,0.0021763868,86.00377380770624,HOLD
2024-05-03 04:00:00+00:00,88.78900146484375,0.0377411376355159,0.016025312,90.21187227570044,BUY
2024-05-06 04:00:00+00:00,92.13999938964844,-0.0172129210512499,0.002971165,92.41376320657582,HOLD
2024-05-07 04:00:00+00:00,90.5540008544922,-0.0015681062092862,-0.00010545604,90.54445278480581,HOLD
2024-05-08 04:00:00+00:00,90.41200256347656,-0.0184157066353926,-0.0057423804,89.89282329446269,HOLD
2024-05-09 04:00:00+00:00,88.74700164794922,0.0127440553832807,-0.00090987375,88.66625386594797,HOLD
2024-05-10 04:00:00+00:00,89.87799835205078,0.0057967882317959,0.005141009,90.34006292306549,HOLD
2024-05-13 04:00:00+00:00,90.39900207519533,0.0105864081511191,0.003302454,90.69754070693126,HOLD
2024-05-14 04:00:00+00:00,91.3560028076172,0.0358377593719301,0.01031442,92.29829106175022,BUY
2024-05-15 04:00:00+00:00,94.62999725341795,-0.002863744072868,0.005983479,95.19621318008193,HOLD
2024-05-16 04:00:00+00:00,94.35900115966795,-0.0199239591316916,0.0011066527,94.46342070195259,HOLD
2024-05-17 04:00:00+00:00,92.47899627685548,0.0248813524700555,0.00029605106,92.50636975142426,HOLD
2024-05-20 04:00:00+00:00,94.77999877929688,0.006393783661343,-0.002704729,94.52364356609542,HOLD
2024-05-21 04:00:00+00:00,95.38600158691406,-0.0045709499446265,0.0011024771,95.49115964683006,HOLD
2024-05-22 04:00:00+00:00,94.9499969482422,0.0931964922300698,0.010152446,95.91397291303839,BUY
2024-05-23 04:00:00+00:00,103.79900360107422,0.0257227726309086,0.016879112,105.55103546594182,BUY
2024-05-24 04:00:00+00:00,106.46900177001952,0.0698043475846295,-1.2298879e-05,106.46769448433132,HOLD
2024-05-28 04:00:00+00:00,113.9010009765625,0.0081122726205877,0.0035665005,114.30722929802141,HOLD
2024-05-29 04:00:00+00:00,114.8249969482422,-0.0376659879224008,-0.0021297284,114.58045029843107,HOLD
2024-05-30 04:00:00+00:00,110.5,-0.007846124571373,-0.0049387114,109.95427125692368,HOLD
2024-05-31 04:00:00+00:00,109.63300323486328,0.0489542072804407,0.022818467,112.13465801646726,BUY
2024-06-03 04:00:00+00:00,115.0,0.0124956213909646,0.0062028975,115.71333765983582,HOLD
2024-06-04 04:00:00+00:00,116.43699645996094,0.051555829881867,-0.0002798613,116.40441228757027,HOLD
2024-06-05 04:00:00+00:00,122.44000244140624,-0.0117772077264005,-0.0009415655,122.32471604832607,HOLD
2024-06-06 04:00:00+00:00,120.9980010986328,-0.0009091109716919,0.008088302,121.97667531663681,HOLD
2024-06-07 04:00:00+00:00,120.88800048828124,0.0074614554265337,0.007015735,121.73611505088046,HOLD
2024-06-10 04:00:00+00:00,121.79000091552734,-0.0072255295738796,-0.00072582345,121.70160503142188,HOLD
2024-06-11 04:00:00+00:00,120.91000366210938,0.0354808796311136,0.001525903,121.094497686252,HOLD
2024-06-12 04:00:00+00:00,125.1999969482422,0.0352236722811778,0.0053070355,125.86444314290749,HOLD
2024-06-13 04:00:00+00:00,129.61000061035156,0.017514113585149,-0.0027622385,129.25198434243885,HOLD
2024-06-14 04:00:00+00:00,131.8800048828125,-0.0068244549738466,-0.0011488204,131.72849850570492,HOLD
2024-06-17 04:00:00+00:00,130.97999572753906,0.0351199133727597,0.011178705,132.44418598644188,BUY
2024-06-18 04:00:00+00:00,135.5800018310547,-0.0354034738673264,0.0013893386,135.7683745528866,HOLD
2024-06-20 04:00:00+00:00,130.77999877929688,-0.0321914598850655,0.012324434,132.39179064915152,BUY
2024-06-21 04:00:00+00:00,126.56999969482422,-0.066840476454695,-0.00027552142,126.53513058790031,HOLD
2024-06-24 04:00:00+00:00,118.11000061035156,0.0675640986055474,0.0020594678,118.353243395155,HOLD
2024-06-25 04:00:00+00:00,126.08999633789062,0.0024586025615984,0.0030720795,126.47734775610297,HOLD
2024-06-26 04:00:00+00:00,126.4000015258789,-0.0190664844384196,0.008009926,127.41245423585497,HOLD
2024-06-27 04:00:00+00:00,123.98999786376952,-0.0036293003951544,0.00436926,124.53174226304326,HOLD
2024-06-28 04:00:00+00:00,123.54000091552734,0.0061518708968613,0.000469453,123.59799629731242,HOLD
2024-07-01 04:00:00+00:00,124.3000030517578,-0.0131134741978545,0.0018074736,124.5246692474211,HOLD
2024-07-02 04:00:00+00:00,122.66999816894533,0.0457324585806651,0.011168866,124.04007945042214,BUY
2024-07-03 04:00:00+00:00,128.27999877929688,-0.0190988226657015,-0.0012195877,128.1235522595034,HOLD
2024-07-05 04:00:00+00:00,125.83000183105467,0.0188348969458775,0.003999348,126.33324035780787,HOLD
2024-07-08 04:00:00+00:00,128.1999969482422,0.0248050546822879,0.00055404793,128.27103061506932,HOLD
2024-07-09 04:00:00+00:00,131.3800048828125,0.0268686150715669,-0.0019514017,131.12363040567288,HOLD
2024-07-10 04:00:00+00:00,134.91000366210938,-0.0556667551135773,0.0105016595,136.32677768023132,BUY
2024-07-11 04:00:00+00:00,127.4000015258789,0.0144427311243899,0.0077029513,128.3813569424865,HOLD
2024-07-12 04:00:00+00:00,129.24000549316406,-0.0061900573951935,0.0032440128,129.65926555031365,HOLD
2024-07-15 04:00:00+00:00,128.44000244140625,-0.0161943459320905,0.007594354,129.41542038864281,HOLD
2024-07-16 04:00:00+00:00,126.36000061035156,-0.0662393376555299,-0.0043849666,125.80591270179139,HOLD
2024-07-17 04:00:00+00:00,117.98999786376952,0.0262734005445135,-0.009345867,116.88727642982938,HOLD
2024-07-18 04:00:00+00:00,121.08999633789062,-0.0260962600403188,-0.00991997,119.88879066702611,HOLD
2024-07-19 04:00:00+00:00,117.93000030517578,0.0475705977769369,-0.004878473,117.35468335539235,HOLD
2024-07-22 04:00:00+00:00,123.54000091552734,-0.0076898540601946,0.0015360445,123.72975980184037,HOLD
2024-07-23 04:00:00+00:00,122.58999633789062,-0.0680316223756413,0.0031046704,122.97059987361718,HOLD
2024-07-24 04:00:00+00:00,114.25,-0.017242899087117,-0.0003333528,114.21191261708736,HOLD
2024-07-25 04:00:00+00:00,112.27999877929688,0.0069469076218116,0.004140618,112.74490707845689,HOLD
2024-07-26 04:00:00+00:00,113.05999755859376,-0.0130019569471625,0.011305326,114.33817838769757,BUY
2024-07-29 04:00:00+00:00,111.58999633789062,-0.0704363584452252,0.0016008237,111.76863647232312,HOLD
2024-07-30 04:00:00+00:00,103.7300033569336,0.1281210147116462,0.012870439,105.06505320220367,BUY
2024-07-31 04:00:00+00:00,117.0199966430664,-0.066740709132096,-0.0027437112,116.69892641988554,HOLD
2024-08-01 04:00:00+00:00,109.20999908447266,-0.0177639635351125,-0.0094754845,108.17518305930753,HOLD
2024-08-02 04:00:00+00:00,107.2699966430664,-0.0635778867181033,0.0005799357,107.33220822020394,HOLD
2024-08-05 04:00:00+00:00,100.4499969482422,0.0378297975829287,-0.008747531,99.57130878555019,HOLD
2024-08-06 04:00:00+00:00,104.25,-0.0512229864545863,-0.010433382,103.1623205691576,SELL
2024-08-07 04:00:00+00:00,98.91000366210938,0.0612677922780748,-0.011180655,97.80412659126887,SELL
2024-08-08 04:00:00+00:00,104.97000122070312,-0.0020958485104765,0.0035793614,105.34572854717408,HOLD
2024-08-09 04:00:00+00:00,104.75,0.0407636911032591,-0.008499706,103.85965831577778,HOLD
2024-08-12 04:00:00+00:00,109.0199966430664,0.0653091447974729,-0.0039692014,108.5872752895084,HOLD
2024-08-13 04:00:00+00:00,116.13999938964844,0.016703999066657,0.002574318,116.43898144803279,HOLD
2024-08-14 04:00:00+00:00,118.08000183105467,0.04048101884463,-0.0015500906,117.89696857168563,HOLD
2024-08-15 04:00:00+00:00,122.86000061035156,0.0139996842923522,-0.005351548,122.20250998170377,HOLD
2024-08-16 04:00:00+00:00,124.58000183105467,0.0435061654301105,-0.0011599929,124.4354932656506,HOLD
2024-08-19 04:00:00+00:00,130.0,-0.0211538461538461,-0.005100462,129.33693647384644,HOLD
2024-08-20 04:00:00+00:00,127.25,0.0098231827111985,-0.012980264,125.5982590764761,SELL
2024-08-21 04:00:00+00:00,128.5,-0.0370428181807819,-0.0018009369,128.26857736706734,HOLD
2024-08-22 04:00:00+00:00,123.73999786376952,0.045498604740694,0.011997419,125.22456370174949,BUY
2024-08-23 04:00:00+00:00,129.3699951171875,-0.0224935931247339,0.0065057958,130.21165650886542,HOLD
2024-08-26 04:00:00+00:00,126.45999908447266,0.0145500868306671,-0.0036050864,126.00410222264372,HOLD
2024-08-27 04:00:00+00:00,128.3000030517578,-0.0209665033314229,0.0062924568,129.10732599032963,HOLD
2024-08-28 04:00:00+00:00,125.61000061035156,-0.063848453415261,0.0025576206,125.93126518286408,HOLD
2024-08-29 04:00:00+00:00,117.58999633789062,0.0151373965824153,-0.0042243446,117.09325386223463,HOLD
2024-08-30 04:00:00+00:00,119.37000274658205,-0.0952500836472303,-0.0066118846,118.58074217828063,HOLD
2024-09-03 04:00:00+00:00,108.0,-0.016574082551179,0.013223427,109.42812824249268,BUY
2024-09-04 04:00:00+00:00,106.20999908447266,0.00941530937407,0.005490292,106.79312416527682,HOLD
2024-09-05 04:00:00+00:00,107.20999908447266,-0.0408543726408103,-0.0058420463,106.58367504833541,HOLD
2024-09-06 04:00:00+00:00,102.83000183105467,0.0353982235226331,-0.013268076,101.46564786210091,SELL
2024-09-09 04:00:00+00:00,106.47000122070312,0.0153094508756426,0.0055065993,107.05629262523507,HOLD
2024-09-10 04:00:00+00:00,108.0999984741211,0.08149866153881,-0.018802648,106.06743281372474,SELL
2024-09-11 04:00:00+00:00,116.91000366210938,0.019074464611122,0.009821597,118.0582531931068,HOLD
2024-09-12 04:00:00+00:00,119.13999938964844,-0.0003357471523608,0.0017947742,119.35383365521557,HOLD
2024-09-13 04:00:00+00:00,119.0999984741211,-0.0194794267384338,-0.008785603,118.05363288074204,HOLD
2024-09-16 04:00:00+00:00,116.77999877929688,-0.0101901220572474,-0.007112645,115.94938676033416,HOLD
2024-09-17 04:00:00+00:00,115.58999633789062,-0.0192057588168714,0.008375167,116.55808195861755,HOLD
2024-09-18 04:00:00+00:00,113.37000274658205,0.0396930395252694,0.00023029641,113.39611325804073,HOLD
2024-09-19 04:00:00+00:00,117.87000274658205,-0.0158649588784901,0.0057674306,118.5498138192752,HOLD
2024-09-20 04:00:00+00:00,116.0,0.0022413977261248,0.007115179,116.82535457611084,HOLD
2024-09-23 04:00:00+00:00,116.26000213623048,0.0396525075317792,0.0031513236,116.62637199836628,HOLD
2024-09-24 04:00:00+00:00,120.87000274658205,0.0218416425056553,-0.0002476752,120.84006840816666,HOLD
2024-09-25 04:00:00+00:00,123.51000213623048,0.0042911405564731,-0.0043757525,122.96955252964337,HOLD
2024-09-26 04:00:00+00:00,124.04000091552734,-0.0212834518716773,-0.0023544934,123.74794840120285,HOLD
2024-09-27 04:00:00+00:00,121.4000015258789,0.0003294968288678,0.004158763,121.90487199464224,HOLD
2024-09-30 04:00:00+00:00,121.44000244140624,-0.0365612841909197,0.003934451,121.91780844695312,HOLD
2024-10-01 04:00:00+00:00,117.0,0.0158119527702658,-0.0018147698,116.78767043352127,HOLD
2024-10-02 04:00:00+00:00,118.8499984741211,0.0336558691742092,0.00647629,119.61970470751567,HOLD
2024-10-03 04:00:00+00:00,122.8499984741211,0.0168498145749695,0.0026473764,123.17523154808441,HOLD
2024-10-04 04:00:00+00:00,124.91999816894533,0.022414369939159,-0.00057646853,124.84798227415742,HOLD
2024-10-07 04:00:00+00:00,127.72000122070312,0.0404791584679946,0.0029255555,128.09364802240816,HOLD
2024-10-08 04:00:00+00:00,132.88999938964844,-0.0018060463109819,-0.0046543553,132.27148310051325,HOLD
2024-10-09 04:00:00+00:00,132.64999389648438,0.0162834810516083,0.001600927,132.86236398434994,HOLD
2024-10-10 04:00:00+00:00,134.80999755859375,-7.41377272972521e-05,0.0010291678,134.94873508321325,HOLD
2024-10-11 04:00:00+00:00,134.8000030517578,0.0242581913830179,0.00334561,135.2509911162433,HOLD
2024-10-14 04:00:00+00:00,138.07000732421875,-0.0468602946149639,0.0061090467,138.91347689573013,HOLD
2024-10-15 04:00:00+00:00,131.60000610351562,0.031306952326026,0.007660572,132.60814471152116,HOLD
2024-10-16 04:00:00+00:00,135.72000122070312,0.0089153510477093,0.0018397812,135.9696930383252,HOLD
2024-10-17 04:00:00+00:00,136.92999267578125,0.0078142655477406,0.004939407,137.60634973603737,HOLD
2024-10-18 04:00:00+00:00,138.0,0.0413768602454143,0.0074544013,139.02870655059814,HOLD
2024-10-21 04:00:00+00:00,143.7100067138672,-0.0008350871224681,0.0042257407,144.31728652930178,HOLD
2024-10-22 04:00:00+00:00,143.58999633789062,-0.0280660135251596,0.0047829016,144.2767751017891,HOLD
2024-10-23 04:00:00+00:00,139.55999755859375,0.0060906142045378,0.0024544115,139.90253362533258,HOLD
2024-10-24 04:00:00+00:00,140.41000366210938,0.0080477857314404,0.0009948834,140.54970048553514,HOLD
2024-10-25 04:00:00+00:00,141.5399932861328,-0.0072063661301007,0.0057474016,142.3534855480557,HOLD
2024-10-28 04:00:00+00:00,140.52000427246094,0.0051949594744078,0.0061560003,141.38504088170885,HOLD
2024-10-29 04:00:00+00:00,141.25,-0.0135221498202433,0.0017588651,141.49843245744705,HOLD
2024-10-30 04:00:00+00:00,139.33999633789062,-0.0472226353092374,0.00043970998,139.40127292233592,HOLD
2024-10-31 04:00:00+00:00,132.75999450683594,0.0198855039084271,0.0029455826,133.15104469111793,HOLD
2024-11-01 04:00:00+00:00,135.39999389648438,0.0048006586748474,0.0015571075,135.61082681659173,HOLD
2024-11-04 05:00:00+00:00,136.0500030517578,0.0283719259372827,0.0051269433,136.74752504006028,HOLD
2024-11-05 05:00:00+00:00,139.91000366210938,0.0407404531416353,0.009597555,141.25279550490814,HOLD
2024-11-06 05:00:00+00:00,145.61000061035156,0.0224572780630045,0.008693311,146.8758374803674,HOLD
2024-11-07 05:00:00+00:00,148.8800048828125,-0.0083960233678385,0.0034176325,149.38881884336297,HOLD
2024-11-08 05:00:00+00:00,147.6300048828125,-0.0160537173852826,-0.0016031787,147.39332650653523,HOLD
2024-11-11 05:00:00+00:00,145.25999450683594,0.0208591414971743,0.0022744187,145.5903729719157,HOLD
2024-11-12 05:00:00+00:00,148.2899932861328,-0.0136218835061527,0.0002982652,148.33422250309013,HOLD
2024-11-13 05:00:00+00:00,146.27000427246094,0.0033499023727536,0.0029058948,146.69504232694453,HOLD
2024-11-14 05:00:00+00:00,146.75999450683594,-0.0325701755124706,0.0057884743,147.60950673261505,HOLD
2024-11-15 05:00:00+00:00,141.97999572753906,-0.0128891525998245,-0.0012985277,141.79562805969,HOLD
2024-11-18 05:00:00+00:00,140.14999389648438,0.048947562676445,0.00016995227,140.17381833687978,HOLD
2024-11-19 05:00:00+00:00,147.00999450683594,-0.0076184964222648,-0.0033754646,146.51376658684512,HOLD
2024-11-20 05:00:00+00:00,145.88999938964844,0.0053464855888691,0.011783947,147.60916093941523,BUY
2024-11-21 05:00:00+00:00,146.6699981689453,-0.0321810955180232,0.017267315,149.2025998311965,BUY
2024-11-22 05:00:00+00:00,141.9499969482422,-0.0417752222843896,0.0011375297,142.11146436582567,HOLD
2024-11-25 05:00:00+00:00,136.02000427246094,0.0066166289385023,0.0064382805,136.8957357872423,HOLD
2024-11-26 05:00:00+00:00,136.9199981689453,-0.0115395986867099,-0.005381098,136.1832169631307,HOLD
2024-11-27 05:00:00+00:00,135.33999633789062,0.0215014315121173,0.0009641294,135.47048638944398,HOLD
2024-11-29 05:00:00+00:00,138.25,0.0027486790800181,0.0057482105,139.0446821153164,HOLD
2024-12-02 05:00:00+00:00,138.6300048828125,0.0117578414961558,0.003224584,139.07703276062966,HOLD
2024-12-03 05:00:00+00:00,140.25999450683594,0.0347925643371864,0.0028125609,140.65447641019819,HOLD
2024-12-04 05:00:00+00:00,145.13999938964844,-0.000551204570698,0.003917548,145.70859620570445,HOLD
2024-12-05 05:00:00+00:00,145.05999755859375,-0.0180614584398377,0.0027932273,145.46517810854857,HOLD
2024-12-06 05:00:00+00:00,142.44000244140625,-0.0254844483332954,-0.0007982428,142.32630321307806,HOLD
2024-12-09 05:00:00+00:00,138.80999755859375,-0.0269432339179769,-0.0039671315,138.25932353690223,HOLD
2024-12-10 05:00:00+00:00,135.07000732421875,0.0313910565222479,0.0006756857,135.16127119082375,HOLD
2024-12-11 05:00:00+00:00,139.30999755859375,-0.0141411331220111,0.0026898456,139.6847189408436,HOLD
2024-12-12 05:00:00+00:00,137.33999633789062,-0.0224988817553807,0.00027805642,137.3781926884003,HOLD
2024-12-13 05:00:00+00:00,134.25,-0.0167597765363128,-0.0005841033,134.17158114910126,HOLD
2024-12-16 05:00:00+00:00,132.0,-0.0121969743208452,0.0022047157,132.29101467132568,HOLD
2024-12-17 05:00:00+00:00,130.38999938964844,-0.0113505309798824,0.005388563,131.09262122421387,HOLD
2024-12-18 05:00:00+00:00,128.91000366210938,0.0137304240430498,-0.0031039019,128.5098783707199,HOLD
2024-12-19 05:00:00+00:00,130.67999267578125,0.0307622015440007,0.0030330205,131.0763505761206,HOLD
2024-12-20 05:00:00+00:00,134.6999969482422,0.0368968176191779,0.0016481753,134.92200781796055,HOLD
2024-12-23 05:00:00+00:00,139.6699981689453,0.0039378754132475,-0.0010284997,139.52635062823265,HOLD
2024-12-24 05:00:00+00:00,140.22000122070312,-0.0020682394979116,0.001293883,140.4014315477907,HOLD
2024-12-26 05:00:00+00:00,139.92999267578125,-0.0208675646522112,-0.0011588642,139.7678287716153,HOLD
2024-12-27 05:00:00+00:00,137.00999450683594,0.0035034742396415,0.0051881657,137.72081708561564,HOLD
2024-12-30 05:00:00+00:00,137.49000549316406,-0.0232745078127905,0.0015766073,137.7067807689491,HOLD
2024-12-31 05:00:00+00:00,134.2899932861328,0.0299352481453736,0.0019148696,134.5471396639532,HOLD
2025-01-02 05:00:00+00:00,138.30999755859375,0.0445376601174456,0.0055409013,139.07635220128577,HOLD
2025-01-03 05:00:00+00:00,144.47000122070312,0.0343323279100751,-0.0037297278,143.9311713065872,HOLD
2025-01-06 05:00:00+00:00,149.42999267578125,-0.0621695358460556,0.01154316,151.15488620052201,BUY
2025-01-07 05:00:00+00:00,140.13999938964844,-0.0002140629329779,0.004730544,140.80294318148844,HOLD
2025-01-08 05:00:00+00:00,140.11000061035156,-0.0299764251655558,-0.00017075031,140.08607440282412,HOLD
2025-01-10 05:00:00+00:00,135.91000366210938,-0.0197189894956751,0.004264527,136.4895883275276,HOLD
2025-01-13 05:00:00+00:00,133.22999572753906,-0.0110335605182284,-5.143323e-05,133.22314253531022,HOLD
2025-01-14 05:00:00+00:00,131.75999450683594,0.0340012991279814,-0.0023467669,131.45078620292406,HOLD
2025-01-15 05:00:00+00:00,136.24000549316406,-0.0195977544134735,0.0016773564,136.46853364912204,HOLD
2025-01-16 05:00:00+00:00,133.57000732421875,0.0309949776344571,0.0059166723,134.3603029457954,HOLD
2025-01-17 05:00:00+00:00,137.7100067138672,0.0226562701697503,0.0029432166,138.115309042425,HOLD
2025-01-21 05:00:00+00:00,140.8300018310547,0.0443087794648318,0.0014916281,141.04007313405418,HOLD
2025-01-22 05:00:00+00:00,147.07000732421875,0.0010198809343477,0.007204953,148.12964811833808,HOLD
2025-01-23 05:00:00+00:00,147.22000122070312,-0.0312457958522875,-0.00029235872,147.17695986592844,HOLD
2025-01-24 05:00:00+00:00,142.6199951171875,-0.1696816559862984,0.002751258,143.01237569657678,HOLD
2025-01-27 05:00:00+00:00,118.41999816894533,0.0892586344169581,0.03722465,122.8281411991393,BUY
2025-01-28 05:00:00+00:00,128.99000549316406,-0.0410109955782753,-0.010031527,127.69603950294822,SELL
2025-01-29 05:00:00+00:00,123.6999969482422,0.0076799078502338,-0.022764191,120.8840647438483,SELL
2025-01-30 05:00:00+00:00,124.6500015258789,-0.0367428943039669,-0.007899922,123.66527399109373,HOLD
2025-01-31 05:00:00+00:00,120.06999969482422,-0.0284000669724482,0.0076725897,120.99124256615141,HOLD
2025-02-03 05:00:00+00:00,116.66000366210938,0.0170580987596511,-0.013107538,115.13087820498185,SELL
2025-02-04 05:00:00+00:00,118.6500015258789,0.0520859690324388,-0.0011362471,118.51518625145627,HOLD
2025-02-05 05:00:00+00:00,124.83000183105467,0.0308418712509286,-0.0052176146,124.17868734179227,HOLD
2025-02-06 05:00:00+00:00,128.67999267578125,0.0090146388571228,0.006816508,129.55714066758082,HOLD
2025-02-07 05:00:00+00:00,129.83999633789062,0.0287277502428549,-0.0026915392,129.4905232957226,HOLD
2025-02-10 05:00:00+00:00,133.57000732421875,-0.0057647992081926,-0.0026844777,133.21144211352657,HOLD
2025-02-11 05:00:00+00:00,132.8000030517578,-0.0125000272888728,-0.005275567,132.09941032707047,HOLD
2025-02-12 05:00:00+00:00,131.13999938964844,0.0316455232255548,0.0068387697,132.03683942377393,HOLD
2025-02-13 05:00:00+00:00,135.2899932861328,0.0263139403803023,0.0008888461,135.41024234174984,HOLD
2025-02-14 05:00:00+00:00,138.85000610351562,0.0039610210211926,0.0026473373,139.21758104390392,HOLD
2025-02-18 05:00:00+00:00,139.39999389648438,-0.0012194991132606,0.0058484767,140.21527851826613,HOLD
2025-02-19 05:00:00+00:00,139.22999572753906,0.0063205121727833,0.0033636629,139.6983110379515,HOLD
2025-02-20 05:00:00+00:00,140.11000061035156,-0.0405396325017978,0.0017714618,140.35819847691891,HOLD
2025-02-21 05:00:00+00:00,134.42999267578125,-0.0308710416022512,0.0020159367,134.7009965903926,HOLD
2025-02-24 05:00:00+00:00,130.27999877929688,-0.0280165916493618,-0.002475949,129.95742850605893,HOLD
2025-02-25 05:00:00+00:00,126.62999725341795,0.0367211689705173,-0.01436174,124.81137026320629,SELL
2025-02-26 05:00:00+00:00,131.27999877929688,-0.0847806014389846,0.0057278033,132.0319401480374,HOLD
2025-02-27 05:00:00+00:00,120.1500015258789,0.0397003460881273,0.008547268,121.1769603621251,HOLD
2025-02-28 05:00:00+00:00,124.91999816894533,-0.086935644969064,-0.0033573094,124.50060535568811,HOLD
2025-03-03 05:00:00+00:00,114.05999755859376,0.0169209218524162,-0.009222396,113.00809197531636,HOLD
2025-03-04 05:00:00+00:00,115.98999786376952,0.0112941220115108,0.0011412755,116.1223783778605,HOLD
2025-03-05 05:00:00+00:00,117.3000030517578,-0.0573742811751165,0.0040175775,117.77126654420498,HOLD
2025-03-06 05:00:00+00:00,110.56999969482422,0.0191733992261307,-0.007442384,109.74709848750263,HOLD
2025-03-07 05:00:00+00:00,112.69000244140624,-0.050669970367971,0.0065588667,113.42912434748722,HOLD
2025-03-10 04:00:00+00:00,106.9800033569336,0.0166386121091997,0.0032848648,107.3314125528932,HOLD
2025-03-11 04:00:00+00:00,108.76000213623048,0.0641779660761319,0.005901381,109.4018315250578,HOLD
2025-03-12 04:00:00+00:00,115.73999786376952,-0.0013823745953681,-0.013851757,114.13679498055261,SELL
2025-03-13 04:00:00+00:00,115.58000183105467,0.052690744431658,0.011381182,116.89543508706264,BUY
2025-03-14 04:00:00+00:00,121.66999816894533,-0.0175885544658014,-0.004989509,121.062925127344,HOLD
2025-03-17 04:00:00+00:00,119.52999877929688,-0.0343009998828113,-0.002595365,119.21977479834277,HOLD
2025-03-18 04:00:00+00:00,115.43000030517578,0.0181061797831159,-0.006162661,114.71864637186809,HOLD
2025-03-19 04:00:00+00:00,117.5199966430664,0.0085943002474555,-0.00056336104,117.4537878627616,HOLD
2025-03-20 04:00:00+00:00,118.52999877929688,-0.0070024621581253,0.0051344205,119.13858670919217,HOLD
2025-03-21 04:00:00+00:00,117.6999969482422,0.031520873492449,0.002005218,117.93601127250987,HOLD
2025-03-24 04:00:00+00:00,121.41000366210938,-0.0059303286301427,0.0037645218,121.86705285378048,HOLD
2025-03-25 04:00:00+00:00,120.69000244140624,-0.057419837310387,-0.0033579716,120.28473182514061,HOLD
2025-03-26 04:00:00+00:00,113.76000213623048,-0.0204817316042633,-0.0051500057,113.17413583609006,HOLD
2025-03-27 04:00:00+00:00,111.43000030517578,-0.0157946884269074,-0.0029992776,111.09578766731283,HOLD
2025-03-28 04:00:00+00:00,109.66999816894533,-0.0117625689529067,-0.0038549942,109.24722142210159,HOLD
2025-03-31 04:00:00+00:00,108.37999725341795,0.0163314662974409,-0.0060226284,107.72726440057293,HOLD
2025-04-01 04:00:00+00:00,110.1500015258789,0.0024511723951541,0.001962928,110.36621498169006,HOLD
2025-04-02 04:00:00+00:00,110.41999816894533,-0.0780655249060837,-0.0020185583,110.19710757386748,HOLD
2025-04-03 04:00:00+00:00,101.8000030517578,-0.07357569026158,0.009200033,102.7365607304,HOLD
2025-04-04 04:00:00+00:00,94.30999755859376,0.0353091073826588,0.002171633,94.5148045093447,HOLD
2025-04-07 04:00:00+00:00,97.63999938964844,-0.0137238462337875,0.02095561,99.68610050829739,BUY
2025-04-08 04:00:00+00:00,96.3000030517578,0.187227395720916,-0.006511673,95.67292745510348,HOLD
2025-04-09 04:00:00+00:00,114.33000183105467,-0.0591271059911264,0.014040213,115.93522154756282,BUY
2025-04-10 04:00:00+00:00,107.56999969482422,0.0312354803373047,0.0059391744,108.20887147841404,HOLD
2025-04-11 04:00:00+00:00,110.93000030517578,-0.0019832436680599,-0.0019871371,110.70956472872649,HOLD
2025-04-14 04:00:00+00:00,110.70999908447266,0.0134585663091972,0.0043645096,111.19319182473191,HOLD
2025-04-15 04:00:00+00:00,112.1999969482422,-0.0687165712493673,0.0051522222,112.77807663298883,HOLD
2025-04-16 04:00:00+00:00,104.48999786376952,-0.0287108820110351,0.0009121486,104.58531254096668,HOLD
2025-04-17 04:00:00+00:00,101.48999786376952,-0.04512754259595,-0.006463064,100.83406284759256,HOLD
2025-04-21 04:00:00+00:00,96.91000366210938,0.0204312831773549,0.0028926008,97.19032683835758,HOLD
2025-04-22 04:00:00+00:00,98.88999938964844,0.0386287766043214,-0.0035422146,98.5397127340002,HOLD
2025-04-23 04:00:00+00:00,102.70999908447266,0.0362184914211094,0.010462317,103.78458027358647,BUY
2025-04-24 04:00:00+00:00,106.43000030517578,0.0430329965040128,0.00819288,107.30197031867192,HOLD
2025-04-25 04:00:00+00:00,111.01000213623048,-0.0205386788165168,-0.0020102328,110.78684691595755,HOLD
2025-04-28 04:00:00+00:00,108.7300033569336,0.0026670953479219,0.00082066655,108.81923119343628,HOLD
2025-04-29 04:00:00+00:00,109.0199966430664,-0.0009172489194663,0.00550323,109.61995305121309,HOLD
2025-04-30 04:00:00+00:00,108.91999816894533,0.0246970481695545,0.0028849882,109.23423062273106,HOLD
2025-05-01 04:00:00+00:00,111.61000061035156,0.025893731510117,0.012250833,112.97731029185343,BUY
2025-05-02 04:00:00+00:00,114.5,-0.0059388672941116,0.004967793,115.06881409883499,HOLD
2025-05-05 04:00:00+00:00,113.81999969482422,-0.0024600138819856,0.006448495,114.55396879476211,HOLD
2025-05-06 04:00:00+00:00,113.54000091552734,0.0310022601257971,0.0009457184,113.64737425175463,HOLD
2025-05-07 04:00:00+00:00,117.05999755859376,0.0026482589650926,0.001849813,117.27653169418774,HOLD
2025-05-08 04:00:00+00:00,117.37000274658205,-0.0061344568787113,0.00071452674,117.45386836486615,HOLD
2025-05-09 04:00:00+00:00,116.6500015258789,0.0544363342568181,0.0035834473,117.06800878594731,HOLD
2025-05-12 04:00:00+00:00,123.0,0.0563414038681402,0.0069912258,123.85992586612701,HOLD
2025-05-13 04:00:00+00:00,129.92999267578125,0.0416378355043023,-0.0006761353,129.84213984984672,HOLD
2025-05-14 04:00:00+00:00,135.33999633789062,-0.0037682467905694,-0.012451747,133.65477411300162,SELL
2025-05-15 04:00:00+00:00,134.8300018310547,0.0042274868923009,-0.008123858,133.73465979519096,HOLD
2025-05-16 04:00:00+00:00,135.39999389648438,0.0012556383707398,-0.009426625,134.12362508566912,HOLD
2025-05-19 04:00:00+00:00,135.57000732421875,-0.0087777707244666,0.0009262094,135.69557988129964,HOLD
2025-05-20 04:00:00+00:00,134.3800048828125,-0.0191992985363008,0.0004159709,134.43589637721016,HOLD
2025-05-21 04:00:00+00:00,131.8000030517578,0.007814861573959,-0.0024663373,131.47494193754937,HOLD
2025-05-22 04:00:00+00:00,132.8300018310547,-0.0115938306383568,-3.1210424e-05,132.82585317367557,HOLD
2025-05-23 04:00:00+00:00,131.2899932861328,0.0320664706311006,0.0007277797,131.385542560698,HOLD
2025-05-27 04:00:00+00:00,135.5,-0.0050922689402674,0.0046812394,136.13430660963058,HOLD
2025-05-28 04:00:00+00:00,134.80999755859375,0.0324902081606282,0.0063601667,135.66741249558254,HOLD
2025-05-29 04:00:00+00:00,139.19000244140625,-0.0291687440719951,0.015592746,141.36034959665994,BUY
2025-05-30 04:00:00+00:00,135.1300048828125,0.0166506321223864,0.00429159,135.70991995045915,HOLD
2025-06-02 04:00:00+00:00,137.3800048828125,0.0279516392590479,0.0036011606,137.87473685354053,HOLD
2025-06-03 04:00:00+00:00,141.22000122070312,0.0049567833323285,0.00031607217,141.26463010588122,HOLD
2025-06-04 04:00:00+00:00,141.9199981689453,-0.0135991593903752,0.00013772877,141.93953866933407,HOLD
2025-06-05 04:00:00+00:00,139.99000549316406,0.0123579945685732,0.005246066,140.72439911028596,HOLD
2025-06-06 04:00:00+00:00,141.72000122070312,0.0064211378370806,0.0011762782,141.88669768000182,HOLD
2025-06-09 04:00:00+00:00,142.6300048828125,0.009324838992661,0.00162266,142.8614472897607,HOLD
2025-06-10 04:00:00+00:00,143.9600067138672,-0.007849436163604,-0.0024164075,143.6121371607669,HOLD
2025-06-11 04:00:00+00:00,142.8300018310547,0.0151928736338746,0.0055377004,143.6209584361386,HOLD
2025-06-12 04:00:00+00:00,145.0,-0.0208965433054957,0.0022502807,145.32629549503326,HOLD
2025-06-13 04:00:00+00:00,141.97000122070312,0.0191589856822969,-0.005040566,141.2543892208796,HOLD
2025-06-16 04:00:00+00:00,144.69000244140625,-0.0039395073232484,8.9374626e-05,144.70293873570336,HOLD
2025-06-17 04:00:00+00:00,144.1199951171875,0.0094365851819917,0.001611116,144.35218879389868,HOLD
2025-06-18 04:00:00+00:00,145.47999572753906,-0.0112042182560697,0.0065215463,146.42875553682643,HOLD
2025-06-20 04:00:00+00:00,143.85000610351562,0.0022244841977929,0.01044552,145.35258782920937,BUY
2025-06-23 04:00:00+00:00,144.1699981689453,0.0258722048617083,0.0017486784,144.42210551537755,HOLD
2025-06-24 04:00:00+00:00,147.89999389648438,0.0433401212078192,-0.00044169027,147.83467084438962,HOLD
2025-06-25 04:00:00+00:00,154.30999755859375,0.0046011711820395,0.007828652,155.5180277645195,HOLD
2025-06-26 04:00:00+00:00,155.02000427246094,0.0176106028402687,-0.002256679,154.67017195333483,HOLD
2025-06-27 04:00:00+00:00,157.75,0.0015214294336867,0.010245412,159.3662185370922,BUY
2025-06-30 04:00:00+00:00,157.99000549316406,-0.0296854375488275,0.0015032869,158.22750067344532,HOLD
2025-07-01 04:00:00+00:00,153.3000030517578,0.0257664505519192,-0.0036896535,152.73438019818605,HOLD
2025-07-02 04:00:00+00:00,157.25,0.0132909147083664,0.0007659523,157.37044087052345,HOLD
2025-07-03 04:00:00+00:00,159.33999633789062,-0.0069034195431633,-0.00071024685,159.22682527325378,HOLD
2025-07-07 04:00:00+00:00,158.24000549316406,0.01112231070361,0.0012317654,158.4349238844825,HOLD
2025-07-08 04:00:00+00:00,160.0,0.018000030517578,-0.0017862812,159.7141933441162,HOLD
2025-07-09 04:00:00+00:00,162.8800048828125,0.0074901840872418,0.0032383942,163.40748193414765,HOLD
2025-07-10 04:00:00+00:00,164.10000610351562,0.0049969045394941,-0.00229472,163.72344266563778,HOLD
2025-07-11 04:00:00+00:00,164.9199981689453,-0.0051539586112281,-0.001078413,164.74214401681002,HOLD
2025-07-14 04:00:00+00:00,164.07000732421875,0.0404095162312141,0.0015479384,164.32397664130986,HOLD
2025-07-15 04:00:00+00:00,170.6999969482422,0.0039250039890068,0.0004297508,170.77335518467407,HOLD
2025-07-16 04:00:00+00:00,171.3699951171875,0.0095116118880544,0.0015889455,171.64229186355078,HOLD
2025-07-17 04:00:00+00:00,173.0,-0.0034103834560151,-0.0015656645,172.72914510965347,HOLD
2025-07-18 04:00:00+00:00,172.41000366210938,-0.0059741242237629,-0.0012797355,172.189368559204,HOLD
2025-07-21 04:00:00+00:00,171.3800048828125,-0.0253822265117222,-0.00056320033,171.28348292910232,HOLD
2025-07-22 04:00:00+00:00,167.02999877929688,0.0224510568604805,0.0014934002,167.2794503956684,HOLD
2025-07-23 04:00:00+00:00,170.77999877929688,0.0173322797460169,-0.0020533411,170.42933272254777,HOLD
2025-07-24 04:00:00+00:00,173.74000549316406,-0.0013814060410715,-0.0027014695,173.27065358942946,HOLD
2025-07-25 04:00:00+00:00,173.5,0.0187319884726224,0.0017042867,173.79570215940475,HOLD
2025-07-28 04:00:00+00:00,176.75,-0.0070155897774487,-0.0020743913,176.38334618508816,HOLD
2025-07-29 04:00:00+00:00,175.50999450683594,0.0214233370366754,0.0033380766,176.09586416079765,HOLD
2025-07-30 04:00:00+00:00,179.27000427246094,-0.0078095003174409,-0.0011736219,179.05961022471638,HOLD
2025-07-31 04:00:00+00:00,177.8699951171875,-0.0233316130342849,0.0059369435,178.92600576482073,HOLD
2025-08-01 04:00:00+00:00,173.72000122070312,0.0361501193597071,0.000158843,173.74758565922093,HOLD
2025-08-04 04:00:00+00:00,180.0,-0.0096666971842448,-0.0016366733,179.70539689064026,HOLD
2025-08-05 04:00:00+00:00,178.25999450683594,0.0065073695605037,0.0018917783,178.59721468124735,HOLD
2025-08-06 04:00:00+00:00,179.4199981689453,0.0075242788835858,-0.0010775342,179.226667241639,HOLD
2025-08-07 04:00:00+00:00,180.7700042724609,0.0106765095434326,0.002121988,181.15360627723382,HOLD
2025-08-08 04:00:00+00:00,182.6999969482422,-0.0035030071173443,8.974603e-05,182.71639693948055,HOLD
2025-08-11 04:00:00+00:00,182.0599975585937,0.0060419977934009,-7.8156016e-05,182.0457710828304,HOLD
2025-08-12 04:00:00+00:00,183.1600036621093,-0.0085717803714123,0.0014946838,183.43376304220138,HOLD
2025-08-13 04:00:00+00:00,181.58999633789065,0.002368015547344,0.0025416205,182.0515365972424,HOLD
2025-08-14 04:00:00+00:00,182.0200042724609,-0.0086254658134642,0.00025226193,182.06591824639324,HOLD
2025-08-15 04:00:00+00:00,180.4499969482422,0.0086450406482478,0.0030581742,181.0018482472551,HOLD
2025-08-18 04:00:00+00:00,182.009994506836,-0.0349980512578296,-0.0027909179,181.5020177374609,HOLD
2025-08-19 04:00:00+00:00,175.63999938964844,-0.0013664626167051,0.001268389,175.86277885359596,HOLD
2025-08-20 04:00:00+00:00,175.39999389648438,-0.0023945164399103,0.002694235,175.87256518150025,HOLD
2025-08-21 04:00:00+00:00,174.97999572753906,0.0172020221689335,0.00014885998,175.00604891951843,HOLD
2025-08-22 04:00:00+00:00,177.99000549316406,0.0102252486615019,0.0009281495,178.15520932469008,HOLD
2025-08-25 04:00:00+00:00,179.80999755859375,0.0109004323479202,0.0009304125,179.97729790579615,HOLD
2025-08-26 04:00:00+00:00,181.7700042724609,-0.0009352377452249,0.0031218096,182.33746348284328,HOLD
2025-08-27 04:00:00+00:00,181.6000061035156,-0.0078744927671156,0.004597753,182.43496354048327,HOLD
2025-08-28 04:00:00+00:00,180.1699981689453,-0.0332464092470448,0.00034152536,180.23153245982576,HOLD
2025-08-29 04:00:00+00:00,174.17999267578125,-0.0195200025229828,0.0013690824,174.4184657592632,HOLD
2025-09-02 04:00:00+00:00,170.77999877929688,-0.0009368993046788,0.0007616097,170.91006963398468,HOLD
2025-09-03 04:00:00+00:00,170.6199951171875,0.0060954669715442,-0.000438011,170.54525766705774,HOLD
2025-09-04 04:00:00+00:00,171.66000366210938,-0.0270301717969299,-0.0011993122,171.45413095154254,HOLD
2025-09-05 04:00:00+00:00,167.02000427246094,0.0077235855175075,0.0011055825,167.20465272898946,HOLD
2025-09-08 04:00:00+00:00,168.30999755859375,0.0145564552538792,0.0032554255,168.85790841738344,HOLD
2025-09-09 04:00:00+00:00,170.75999450683594,0.0384750968351415,0.0022692168,171.14749470417883,HOLD
2025-09-10 04:00:00+00:00,177.3300018310547,-0.000902293241173,0.0021243063,177.70670564563625,HOLD
2025-09-11 04:00:00+00:00,177.1699981689453,0.0036688443979866,0.00048443687,177.25583110720618,HOLD
2025-09-12 04:00:00+00:00,177.82000732421875,-0.0003936976793117,-0.00010550667,177.80124727410293,HOLD
2025-09-15 04:00:00+00:00,177.75,-0.016146245385021,0.0028683506,178.2598393857479,HOLD
2025-09-16 04:00:00+00:00,174.8800048828125,-0.0262466346553196,-0.0020059375,174.5292070100113,HOLD
2025-09-17 04:00:00+00:00,170.2899932861328,0.0349404688567556,0.0029621297,170.79441139139817,HOLD
2025-09-18 04:00:00+00:00,176.24000549316406,0.0024398131092768,0.0009936589,176.41511922428435,HOLD
2025-09-19 04:00:00+00:00,176.6699981689453,0.0392822919190258,0.003755701,177.33351567891987,HOLD
2025-09-22 04:00:00+00:00,183.6100006103516,-0.0282120141460219,0.006998739,184.89504613111424,HOLD
2025-09-23 04:00:00+00:00,178.42999267578125,-0.0081824329709581,0.0030074574,178.96660516920383,HOLD
2025-09-24 04:00:00+00:00,176.97000122070312,0.0040684930538323,0.003011479,177.5029401982829,HOLD
2025-09-25 04:00:00+00:00,177.69000244140625,0.0028138893192084,0.004779926,178.5393490824572,HOLD
2025-09-26 04:00:00+00:00,178.19000244140625,0.0205398934393798,0.0050309463,179.08647449887212,HOLD
2025-09-29 04:00:00+00:00,181.8500061035156,0.0260104238041465,0.005910855,182.92489846976238,HOLD
2025-09-30 04:00:00+00:00,186.5800018310547,0.0035373762227048,0.006374003,187.76926304315384,HOLD
2025-10-01 04:00:00+00:00,187.2400054931641,0.0088121867553812,0.001786819,187.57457118539062,HOLD
2025-10-02 04:00:00+00:00,188.88999938964844,-0.0067235125023275,0.001081688,189.09432266407748,HOLD
2025-10-03 04:00:00+00:00,187.6199951171875,-0.0110862481888218,0.0025381907,188.0962129755062,HOLD
2025-10-06 04:00:00+00:00,185.5399932861328,-0.0026948367904106,0.0036814027,186.22304416569023,HOLD
2025-10-07 04:00:00+00:00,185.0399932861328,0.0219952846513844,0.005100348,185.98376561555233,HOLD
2025-10-08 04:00:00+00:00,189.1100006103516,0.0182962651509703,-0.00056102534,189.00391010488605,HOLD
2025-10-09 04:00:00+00:00,192.57000732421875,-0.0488653648242654,0.0059291883,193.71179950526857,HOLD
2025-10-10 04:00:00+00:00,183.1600036621093,0.0281721094067484,0.02414709,187.58277444145634,BUY
2025-10-13 04:00:00+00:00,188.32000732421875,-0.0440208592953668,-0.00046289014,188.2328359379244,HOLD
2025-10-14 04:00:00+00:00,180.02999877929688,-0.0011109090129327,-0.007177526,178.73782775264954,HOLD
2025-10-15 04:00:00+00:00,179.8300018310547,0.0110103748394507,0.0090338215,181.45454995259752,HOLD
2025-10-16 04:00:00+00:00,181.8099975585937,0.0077553692373544,-0.0013387348,181.5666048201819,HOLD
2025-10-17 04:00:00+00:00,183.22000122070312,-0.0031656032485013,0.0072594755,184.5500846403047,HOLD
2025-10-20 04:00:00+00:00,182.63999938964844,-0.0081033493894272,0.0019599986,182.99798093676145,HOLD
2025-10-21 04:00:00+00:00,181.1600036621093,-0.0048576113105728,0.0057899263,182.20889761660865,HOLD
2025-10-22 04:00:00+00:00,180.27999877929688,0.010428249919804,0.0013051771,180.51530429203922,HOLD
2025-10-23 04:00:00+00:00,182.1600036621093,0.022507634839159,0.00012281838,182.18237028166905,HOLD
2025-10-24 04:00:00+00:00,186.259994506836,0.0280790891257982,0.0046164403,187.11986357537177,HOLD
2025-10-27 04:00:00+00:00,191.4900054931641,0.0498197974435452,-0.0010844191,191.2823447489773,HOLD
2025-10-28 04:00:00+00:00,201.02999877929688,0.0298960082740391,0.0016429349,201.36027949371055,HOLD
2025-10-29 04:00:00+00:00,207.0399932861328,-0.0200444070279166,0.0035850764,207.78225240207757,HOLD
2025-10-30 04:00:00+00:00,202.88999938964844,-0.0019714815796127,-0.0024085997,202.4013137295642,HOLD
2025-10-31 04:00:00+00:00,202.4900054931641,0.0216800793646905,0.0031899887,203.13595682942835,HOLD
2025-11-03 05:00:00+00:00,206.8800048828125,-0.0395881779200725,0.0012338012,207.13525677329744,HOLD
2025-11-04 05:00:00+00:00,198.69000244140625,-0.0175146997069735,0.0055733887,199.79737969447888,HOLD
2025-11-05 05:00:00+00:00,195.2100067138672,-0.0365247919552783,0.00016410126,195.24205066910326,HOLD
2025-11-06 05:00:00+00:00,188.0800018310547,0.0003721398593592,-0.008550107,186.4718976007307,HOLD
2025-11-07 05:00:00+00:00,188.1499938964844,0.0579325512031125,-0.00078902027,188.00153484230034,HOLD
2025-11-10 05:00:00+00:00,199.0500030517578,-0.0295905516169066,0.0042319796,199.89236868719308,HOLD
2025-11-11 05:00:00+00:00,193.1600036621093,0.0033133121635677,-0.0041620405,192.3560691132715,HOLD
2025-11-12 05:00:00+00:00,193.8000030517578,-0.035810125552747,-0.0010389222,193.5986624924426,HOLD
2025-11-13 05:00:00+00:00,186.8600006103516,0.0177137833018414,0.014461709,189.56232429910236,BUY
2025-11-14 05:00:00+00:00,190.1699981689453,-0.0187726355355914,-0.0019413644,189.8008053892636,HOLD
2025-11-17 05:00:00+00:00,186.6000061035156,-0.0280814861831094,-0.006388814,185.40784794961107,HOLD
2025-11-18 05:00:00+00:00,181.3600006103516,0.0284517183763992,0.0034105822,181.97854299753456,HOLD
2025-11-19 05:00:00+00:00,186.5200042724609,-0.0315247949181,0.0046823365,187.3933473500983,HOLD
2025-11-20 05:00:00+00:00,180.63999938964844,-0.0097431051416223,0.0017604274,180.95801299941377,HOLD
2025-11-21 05:00:00+00:00,178.8800048828125,0.0205165366098329,0.0077236127,180.26159709886997,HOLD
2025-11-24 05:00:00+00:00,182.5500030517578,-0.0259106855571948,0.0015195959,182.82739888297328,HOLD
2025-11-25 05:00:00+00:00,177.82000732421875,0.0137216684406518,0.001399049,178.06878466677153,HOLD
2025-11-26 05:00:00+00:00,180.259994506836,-0.0180849584277134,0.0006952373,180.38531640624575,HOLD
2025-11-28 05:00:00+00:00,177.0,0.0164971647963012,-0.00023353772,176.9586650133133,HOLD
2025-12-01 05:00:00+00:00,179.9199981689453,0.0085594072954346,0.0012505965,180.14501055488472,HOLD
2025-12-02 05:00:00+00:00,181.4600067138672,-0.0103053582430715,-7.9661724e-05,181.4455459100618,HOLD
2025-12-03 05:00:00+00:00,179.58999633789062,0.0211036729339375,0.004767563,180.4461983112742,HOLD
2025-12-04 05:00:00+00:00,183.3800048828125,-0.0052895691726206,-0.0009821526,183.19989539858943,HOLD
2025-12-05 05:00:00+00:00,182.4100036621093,0.0172139648407929,0.0026103356,182.88615320327145,HOLD
2025-12-08 05:00:00+00:00,185.5500030517578,-0.0031258519079242,0.0060407324,186.67085353191396,HOLD
2025-12-09 05:00:00+00:00,184.97000122070312,-0.0064334888552353,0.0015626617,185.25905653786685,HOLD
2025-12-10 05:00:00+00:00,183.77999877929688,-0.0155077055307755,0.0020912143,184.16431388122874,HOLD
2025-12-11 05:00:00+00:00,180.92999267578125,-0.0326645036343463,0.0014012477,181.18353081511304,HOLD
2025-12-12 05:00:00+00:00,175.02000427246094,0.0072562506151858,-0.00059029576,174.91668569312606,HOLD
2025-12-15 05:00:00+00:00,176.2899932861328,0.0081116795565889,-4.1932766e-05,176.282595863624,HOLD
2025-12-16 05:00:00+00:00,177.72000122070312,-0.0381498915863559,0.0008063885,177.86330247977457,HOLD
2025-12-17 05:00:00+00:00,170.94000244140625,0.018720000599854,-0.00042804598,170.86683653846194,HOLD
2025-12-18 05:00:00+00:00,174.13999938964844,0.0393362014903213,0.0050055403,175.0116742341961,HOLD
2025-12-19 05:00:00+00:00,180.9900054931641,0.0149179339537848,0.0061740875,182.10745362812307,HOLD
2025-12-22 05:00:00+00:00,183.69000244140625,0.030050651636426,-0.0015372528,183.40762252491913,HOLD
2025-12-23 05:00:00+00:00,189.2100067138672,-0.0031711118980243,-0.0017152546,188.88546560029954,HOLD
2025-12-24 05:00:00+00:00,188.6100006103516,0.0101797262220033,-0.0031016415,188.0249989866161,HOLD
2025-12-26 05:00:00+00:00,190.52999877929688,-0.0121240622127414,0.008360448,192.12292580656867,HOLD
2025-12-29 05:00:00+00:00,188.22000122070312,-0.0036128356718739,0.003834252,188.94168330660614,HOLD
2025-12-30 05:00:00+00:00,187.5399932861328,-0.0055454480290295,0.0039121425,188.2736668538655,HOLD
2025-12-31 05:00:00+00:00,186.5,0.0126005689196546,0.005345616,187.49695122241974,HOLD
2026-01-02 05:00:00+00:00,188.8500061035156,-0.0038655597709006,0.0058681113,189.9581925333077,HOLD
2026-01-05 05:00:00+00:00,188.1199951171875,-0.004677810157688,0.0033053926,188.7418135672342,HOLD
2026-01-06 05:00:00+00:00,187.2400054931641,0.0099871558551933,0.0034273935,187.88174931978395,HOLD
2026-01-07 05:00:00+00:00,189.1100006103516,-0.0215219042413561,0.002795121,189.63858201316728,HOLD
2026-01-08 05:00:00+00:00,185.0399932861328,-0.0009727230993944,0.00044656018,185.12262437520621,HOLD
2026-01-09 05:00:00+00:00,184.8600006103516,0.0004327698300903,0.002455066,185.3138532295907,HOLD
2026-01-12 05:00:00+00:00,184.94000244140625,0.0047042019341547,0.0038896964,185.65935985322722,HOLD
2026-01-13 05:00:00+00:00,185.8099975585937,-0.0143695075831606,0.007355907,187.1768026005447,HOLD
2026-01-14 05:00:00+00:00,183.13999938964844,0.0213498071155413,0.0024460447,183.58796997636273,HOLD
2026-01-15 05:00:00+00:00,187.0500030517578,-0.0043838936692873,0.007252629,188.40659703441452,HOLD
2026-01-16 05:00:00+00:00,186.22999572753903,-0.043816724429606,0.0013885251,186.48858535173346,HOLD
2026-01-20 05:00:00+00:00,178.07000732421875,0.029482786455111,0.009601074,179.7796781527868,HOLD
2026-01-21 05:00:00+00:00,183.32000732421875,0.0082914518489172,-0.0011979195,183.10040202693926,HOLD
2026-01-22 05:00:00+00:00,184.83999633789065,0.0153105490539036,0.002266227,185.25887493257326,HOLD
2026-01-23 05:00:00+00:00,187.6699981689453,-0.0063941863907406,0.0006579408,187.79346927641564,HOLD
2026-01-26 05:00:00+00:00,186.47000122070312,0.0109937418262331,0.00037915583,186.5407115309099,HOLD
2026-01-27 05:00:00+00:00,188.5200042724609,0.015913430575061,0.007842415,189.99845761311914,HOLD
2026-01-28 05:00:00+00:00,191.5200042724609,0.005169121826912,0.00039800303,191.5962368600685,HOLD
2026-01-29 05:00:00+00:00,192.509994506836,-0.0071684050875314,0.0006674302,192.6384858440452,HOLD
2026-01-30 05:00:00+00:00,191.1300048828125,-0.0288808880418612,-0.0017715922,190.7914048430248,HOLD
2026-02-02 05:00:00+00:00,185.6100006103516,-0.0283928896887629,-0.0014638888,185.33828797251047,HOLD
2026-02-03 05:00:00+00:00,180.33999633789065,-0.034102218151106,-0.005118072,179.41700324621527,HOLD
2026-02-04 05:00:00+00:00,174.19000244140625,-0.0132613670487247,-0.006817178,173.00252096955592,HOLD
2026-02-05 05:00:00+00:00,171.8800048828125,0.0787177006919541,-0.0018247422,171.56636914792762,HOLD
2026-02-06 05:00:00+00:00,185.4100036621093,0.0249716279196086,0.0045971735,186.26236812844573,HOLD
2026-02-09 05:00:00+00:00,190.0399932861328,-0.0078930754209275,-0.0016793963,189.720836231063,HOLD
2026-02-10 05:00:00+00:00,188.5399932861328,0.0080089626572403,-0.00014640205,188.5123931036287,HOLD
2026-02-11 05:00:00+00:00,190.0500030517578,-0.0163641176554182,0.005547134,191.1042419424066,HOLD
2026-02-12 05:00:00+00:00,186.94000244140625,-0.0220926758792946,0.0010971794,187.14511344223865,HOLD
2026-02-13 05:00:00+00:00,182.8099975585937,0.0118155663856245,0.01026964,184.68739076491323,BUY
2026-02-17 05:00:00+00:00,184.97000122070312,0.0162728793154109,0.0019450929,185.32979339479425,HOLD
2026-02-18 05:00:00+00:00,187.97999572753903,-0.000425586939424,0.00448055,188.82225896351517,HOLD
2026-02-19 05:00:00+00:00,187.8999938964844,0.010218272964884,0.004688973,188.78105287074143,HOLD
2026-02-20 05:00:00+00:00,189.82000732421875,0.0091138745168426,0.0076335254,191.26901104080753,HOLD
2026-02-23 05:00:00+00:00,191.5500030517578,0.0067867555784195,0.0015586521,191.84856465934536,HOLD
2026-02-24 05:00:00+00:00,192.8500061035156,0.0140523275566997,-5.8690686e-05,192.8386837687485,HOLD
2026-02-25 05:00:00+00:00,195.5599975585937,-0.0545612512893816,0.0064043654,196.81244198189228,HOLD
2026-02-26 05:00:00+00:00,184.88999938964844,-0.0416463679683114,0.0024101273,185.33561635108708,HOLD
2026-02-27 05:00:00+00:00,177.19000244140625,0.0298549196526034,0.0023488111,177.60618288732803,HOLD
2026-03-02 05:00:00+00:00,182.47999572753903,-0.013316488013346,-0.012877407,180.13012697476458,SELL
2026-03-03 05:00:00+00:00,180.0500030517578,0.0166064436750688,0.0010386246,180.23701568562865,HOLD
2026-03-04 05:00:00+00:00,183.0399932861328,0.0016390027467323,0.0014329033,183.30227049819223,HOLD
2026-03-05 05:00:00+00:00,183.33999633789065,-0.0301079367510115,0.006078566,184.4544470016081,HOLD
2026-03-06 05:00:00+00:00,177.82000732421875,0.0271622223221437,0.0014195879,178.072430687811,HOLD
2026-03-09 04:00:00+00:00,182.6499938964844,0.0116069556354763,-0.0014191173,182.390790360887,HOLD
2026-03-10 04:00:00+00:00,184.7700042724609,0.0068192589581692,0.0028156738,185.2902655006546,HOLD
2026-03-11 04:00:00+00:00,186.02999877929688,-0.0155351255636844,0.0021590223,186.43163744305275,HOLD
2026-03-12 04:00:00+00:00,183.13999938964844,-0.0157802741033087,-1.3994402e-05,183.1374341309156,HOLD
2026-03-13 04:00:00+00:00,180.25,0.0164771218901698,0.00089636794,180.41156432032585,HOLD
2026-03-16 04:00:00+00:00,183.22000122070312,-0.0070407626696168,0.0024987215,183.6778214508995,HOLD
2026-03-17 04:00:00+00:00,181.92999267578125,-0.0084098215846326,0.0030981125,182.49363548513065,HOLD
2026-03-18 04:00:00+00:00,180.3999938964844,-0.0101995365861623,0.005693553,181.42711116176727,HOLD
2026-03-19 04:00:00+00:00,178.55999755859375,-0.0328181042253241,0.0075577325,179.90950933518616,HOLD
2026-03-20 04:00:00+00:00,172.6999969482422,0.0170237550281333,-0.004710757,171.88645321972308,HOLD
2026-03-23 04:00:00+00:00,175.63999938964844,-0.0025051380262768,-0.0021391518,175.2642788923922,HOLD
2026-03-24 04:00:00+00:00,175.1999969482422,0.0198629896584252,-0.001015641,175.02205276799214,HOLD
2026-03-25 04:00:00+00:00,178.67999267578125,-0.0416386136533887,0.005302729,179.62749458720646,HOLD
2026-03-26 04:00:00+00:00,171.24000549316406,-0.0217239027176486,-0.0016796353,170.95238069565312,HOLD
2026-03-27 04:00:00+00:00,167.52000427246094,-0.0140282118169808,0.0024988295,167.93861416930667,HOLD
2026-03-30 04:00:00+00:00,165.1699981689453,0.0558817934846622,-0.007145946,163.98970306453248,HOLD
2026-03-31 04:00:00+00:00,174.39999389648438,0.0077408609562046,0.0015786429,174.6753171824421,HOLD
2026-04-01 04:00:00+00:00,175.75,0.0093314332270182,0.00025552974,175.79491901397705,HOLD
2026-04-02 04:00:00+00:00,177.38999938964844,0.0014093240930164,-0.0030155687,176.8550660467672,HOLD
2026-04-06 04:00:00+00:00,177.63999938964844,0.0025895446715138,-0.002179022,177.25291710509737,HOLD
2026-04-07 04:00:00+00:00,178.10000610351562,0.0223469713146771,0.003967838,178.80668576993412,HOLD
2026-04-08 04:00:00+00:00,182.0800018310547,0.0100505371960213,0.005896711,183.153670703241,HOLD
2026-04-09 04:00:00+00:00,183.9100036621093,0.0256647334387258,-0.0010520116,183.71652629586234,HOLD
2026-04-10 04:00:00+00:00,188.6300048828125,0.003604901967763,0.011594979,190.81717181860586,BUY
2026-04-13 04:00:00+00:00,189.3099975585937,0.0380328405319099,-0.00090754894,189.13819110257458,HOLD
2026-04-14 04:00:00+00:00,196.509994506836,0.0120095703848255,0.005402069,197.57155882252124,HOLD
2026-04-15 04:00:00+00:00,198.8699951171875,-0.0026147182905369,0.0016938216,199.20685002334358,HOLD
2026-04-16 04:00:00+00:00,198.3500061035156,0.0167884369538551,-0.0014680459,198.05881591735303,HOLD
2026-04-17 04:00:00+00:00,201.67999267578125,0.0018841972263623,0.0025747002,202.19925457022327,HOLD
2026-04-20 04:00:00+00:00,202.0599975585937,-0.0107888384743203,0.0015759873,202.37843336674263,HOLD
2026-04-21 04:00:00+00:00,199.8800048828125,0.0131078399699038,0.0018368241,200.24713982525282,HOLD
2026-04-22 04:00:00+00:00,202.5,-0.0141234598042052,-0.0013530817,202.22600027918816,HOLD
2026-04-23 04:00:00+00:00,199.63999938964844,0.0432278346483503,0.00371555,200.3817648292752,HOLD
2026-04-24 04:00:00+00:00,208.2700042724609,0.0400441550237844,0.005345921,209.3834033419607,HOLD
2026-04-27 04:00:00+00:00,216.6100006103516,-0.0158810878154896,-6.5616478e-06,216.60858040451606,HOLD
2026-04-28 04:00:00+00:00,213.1699981689453,-0.0183890707070258,0.0039950134,214.02162529809902,HOLD
2026-04-29 04:00:00+00:00,209.25,-0.0462604190001493,-0.003159533,208.58886981010437,HOLD
2026-04-30 04:00:00+00:00,199.57000732421875,-0.0056121177274749,0.014463573,202.45649688466074,BUY
2026-05-01 04:00:00+00:00,198.4499969482422,0.0001511654308801,0.00461403,199.3656443514683,HOLD
2026-05-04 04:00:00+00:00,198.47999572753903,-0.0099757948919801,0.0020866566,198.8941519075888,HOLD
2026-05-05 04:00:00+00:00,196.5,0.0576590423972249,0.0051374706,197.5095076560974,HOLD
2026-05-06 04:00:00+00:00,207.8300018310547,0.0176586543646795,0.0024330327,208.33566502778194,HOLD
2026-05-07 04:00:00+00:00,211.5,0.0174940754054004,0.0021788704,211.96083891391754,HOLD
2026-05-08 04:00:00+00:00,215.1999969482422,0.0197026280357421,0.0016301926,215.55081319311466,HOLD
2026-05-11 04:00:00+00:00,219.44000244140625,0.006106436032548,-0.0031304047,218.75307264994262,HOLD
2026-05-12 04:00:00+00:00,220.77999877929688,0.0228734626310331,0.00059345237,220.91101489471475,HOLD
2026-05-13 04:00:00+00:00,225.8300018310547,0.0438825823927644,0.0015096422,226.17092980661255,HOLD
2026-05-14 04:00:00+00:00,235.7400054931641,-0.0442012298555218,0.0018828785,236.1838828786331,HOLD
2026-05-15 04:00:00+00:00,225.32000732421875,-0.0133143968688196,0.0031275866,226.02471252824762,HOLD
2026-05-18 04:00:00+00:00,222.32000732421875,-0.007691645634814,-0.0042113215,221.38374961629597,HOLD
2026-05-19 04:00:00+00:00,220.6100006103516,0.0129640569441045,0.003184041,221.31244052842888,HOLD
2026-05-20 04:00:00+00:00,223.47000122070312,-0.0177205293428006,0.012170481,226.1897281211168,BUY
2026-05-21 04:00:00+00:00,219.509994506836,-0.0190423797566589,0.00023147587,219.56081204525623,HOLD
2026-05-22 04:00:00+00:00,215.3300018310547,-0.0021827019769955,0.0029391646,215.96290499271709,HOLD
2026-05-26 04:00:00+00:00,214.8600006103516,-0.0105184515517827,0.00094104145,215.062192063906,HOLD
2026-05-27 04:00:00+00:00,212.6000061035156,0.007761024690098,0.005923124,213.85926824847044,HOLD
2026-05-28 04:00:00+00:00,214.25,-0.0145157554742196,-0.0023894878,213.73805163800716,HOLD
2026-05-29 04:00:00+00:00,211.13999938964844,0.062612490569853,0.015135157,214.33563896924352,BUY
2026-06-01 04:00:00+00:00,224.3600006103516,-0.0068639386786567,0.0053287474,225.55556444970173,HOLD
2026-06-02 04:00:00+00:00,222.82000732421875,-0.0362176064040619,0.0005275517,222.93754512457963,HOLD
2026-06-03 04:00:00+00:00,214.75,0.0182072347478898,0.001789247,215.13423332571983,HOLD
2026-06-04 04:00:00+00:00,218.6600036621093,-0.0620140735913813,-0.0014261737,218.3481594379172,HOLD
2026-06-05 04:00:00+00:00,205.1000061035156,0.0172598399843351,0.003269764,205.77064038126625,HOLD
2026-06-08 04:00:00+00:00,208.63999938964844,-0.002156810532777,0.003920379,209.45795913457005,HOLD
2026-06-09 04:00:00+00:00,208.19000244140625,-0.0373216973982588,0.0033884859,208.8954592727896,HOLD
2026-06-10 04:00:00+00:00,200.4199981689453,0.0222033578929137,-0.0010719079,200.20516197400866,HOLD
2026-06-11 04:00:00+00:00,204.8699951171875,0.0015620019126554,-0.0017462238,204.51224349457334,HOLD
2026-06-12 04:00:00+00:00,205.19000244140625,0.03538181402824,0.004878945,206.19112401246093,HOLD
2026-06-15 04:00:00+00:00,212.4499969482422,-0.0237231977337269,0.0041902093,213.34020631226667,HOLD
2026-06-16 04:00:00+00:00,207.4100036621093,-0.013307023368657,-0.006734003,206.0133018855012,HOLD
2026-06-17 04:00:00+00:00,204.6499938964844,0.0295138466897633,-0.0014001244,204.36346075793338,HOLD
2026-06-18 04:00:00+00:00,210.69000244140625,-0.0096825123227628,0.0033659711,211.39918362008757,HOLD
2026-06-22 04:00:00+00:00,208.6499938964844,-0.0412652809116457,0.0033183126,209.3423592126492,HOLD
2026-06-23 04:00:00+00:00,200.0399932861328,-0.0051989268198245,-0.005429841,198.9538033420813,HOLD
2026-06-24 04:00:00+00:00,199.0,-0.016381881943899,0.00079803437,199.15879940986633,HOLD
2026-06-25 04:00:00+00:00,195.7400054931641,-0.0163993390404769,-0.0021163377,195.32575651198388,HOLD
2026-06-26 04:00:00+00:00,192.52999877929688,0.0126733623688601,-0.010776007,190.45529872123552,SELL
2026-06-29 04:00:00+00:00,194.97000122070312,0.0262604251173583,0.0012729594,195.2181818095487,HOLD
2026-06-30 04:00:00+00:00,200.08999633789065,-0.0125443278163559,-0.000782556,199.9334160350609,HOLD
2026-07-01 04:00:00+00:00,197.5800018310547,-0.0139184126658297,0.0050074174,198.56936120711725,HOLD
2026-07-02 04:00:00+00:00,194.8300018310547,0.0036955356666652,0.00035082668,194.89835461323128,HOLD
2026-07-06 04:00:00+00:00,195.5500030517578,0.0070569654946932,-0.0020860822,195.14206561107585,HOLD
2026-07-07 04:00:00+00:00,196.92999267578125,0.0365104489352396,-0.0011507239,196.70337996252783,HOLD
2026-07-08 04:00:00+00:00,204.1199951171875,-0.0065647480400992,0.0051431647,205.1698180519743,HOLD
2026-07-09 04:00:00+00:00,202.77999877929688,0.0403393233248479,0.0022059341,203.2273249480022,HOLD
2026-07-10 04:00:00+00:00,210.9600067138672,-0.0352199834002087,-0.002561467,210.41964320370425,HOLD
2026-07-13 04:00:00+00:00,203.52999877929688,0.0406328517764535,-0.0007350439,203.38039517730795,HOLD
2026-07-14 04:00:00+00:00,211.8000030517578,0.0033049902651376,0.0010689755,212.0264066013533,HOLD
2026-07-15 04:00:00+00:00,212.5,-0.0240000287224263,-0.0061071576,211.2022303044796,HOLD
2026-07-16 04:00:00+00:00,207.3999938964844,-0.0221311305350452,0.003453923,208.1163472441622,HOLD
2026-07-17 04:00:00+00:00,202.8099975585937,0.0023174460152901,-0.000112077956,202.7872713330143,HOLD
2026-07-20 04:00:00+00:00,203.27999877929688,0.0197264587313856,0.0019881835,203.6841544889976,HOLD
2026-07-21 04:00:00+00:00,207.2899932861328,0.023011261647718,0.00615556,208.56598965922785,HOLD
2026-07-22 04:00:00+00:00,212.0599975585937,-0.0155616480701219,0.007471993,213.64451797568466,HOLD
2026-07-23 04:00:00+00:00,208.759994506836,-0.0091971556786107,0.0047313995,209.74772503161154,HOLD
2026-07-24 04:00:00+00:00,206.83999633789065,-0.0499419938790742,0.006050833,208.09154898334967,HOLD
2026-07-27 04:00:00+00:00,196.509994506836,0.0025443998472178,0.025714181,201.56308375300074,BUY
2026-07-28 04:00:00+00:00,197.009994506836,-0.0355311923007901,0.0033974578,197.67932901900355,HOLD
2026-07-29 04:00:00+00:00,190.009994506836,0.026472285272951,-0.0092202565,188.2580562800013,HOLD
2026-07-30 04:00:00+00:00,195.0399932861328,0.0292760813700927,0.0071710474,196.43863186790077,HOLD
2026-07-31 04:00:00+00:00,200.75,0.0293399720530431,0.0050980486,201.77344447374344,HOLD
2026-08-03 04:00:00+00:00,206.63999938964844,0.0256484856146554,0.006196886,207.92051781276132,HOLD
2026-08-04 04:00:00+00:00,211.94000244140625,0.0343493379986608,-0.0024328502,211.4243898904533,HOLD
2026-08-05 04:00:00+00:00,219.22000122070312,-0.0010491548501885,0.0030839096,219.8960634984469,HOLD
2026-08-06 04:00:00+00:00,218.9900054931641,0.0226951052378425,-0.00058286416,218.86236195184486,HOLD
2026-08-07 04:00:00+00:00,223.9600067138672,-0.0286211978476087,-0.0034814368,223.18030166434346,HOLD
2026-08-10 04:00:00+00:00,217.5500030517578,-0.0002298462470989,0.0007700586,217.7175365709918,HOLD
