Date,Open,High,Low,Close,Volume,Dividends,Stock Splits
1999-01-22 00:00:00-05:00,0.040062643451799364,0.04471265648638168,0.03553167503551251,0.03755907341837883,2714688000,0.0,0.0
1999-01-25 00:00:00-05:00,0.04053972542980134,0.04197007541017092,0.03755906664031185,0.04149390384554863,510480000,0.0,0.0
1999-01-26 00:00:00-05:00,0.041970073346682346,0.042805207124557515,0.03767810597333988,0.038274239748716354,343200000,0.0,0.0
1999-01-27 00:00:00-05:00,0.03839328013764074,0.03934745848682357,0.036246841084886024,0.038155194371938705,244368000,0.0,0.0
1999-01-28 00:00:00-05:00,0.03815520259585616,0.03839328841287487,0.037797157932599815,0.03803524374961853,227520000,0.0,0.0
1999-01-29 00:00:00-05:00,0.038035242137672315,0.03815520097882605,0.03624684736132622,0.03624684736132622,244032000,0.0,0.0
1999-02-01 00:00:00-05:00,0.03624684459681824,0.037201019627137476,0.03624684459681824,0.03696293383836746,154704000,0.0,0.0
1999-02-02 00:00:00-05:00,0.03624683924042646,0.0372010141297421,0.033028091645645234,0.03410131111741066,264096000,0.0,0.0
1999-02-03 00:00:00-05:00,0.03362422429388194,0.0352935740332548,0.03338522090486341,0.03481648489832878,75120000,0.0,0.0
1999-02-04 00:00:00-05:00,0.035293591412535276,0.03767812061824488,0.03481650204268077,0.036723945289850235,181920000,0.0,0.0
1999-02-05 00:00:00-05:00,0.037320074815756464,0.03815520889429439,0.03636681374693774,0.03779716417193413,136848000,0.0,0.0
1999-02-08 00:00:00-05:00,0.0380352495767149,0.03815520844133053,0.03648585453629494,0.03648585453629494,154080000,0.0,0.0
1999-02-09 00:00:00-05:00,0.037201030437508116,0.037439119706778566,0.03457750119359003,0.03505459055304527,86976000,0.0,0.0
1999-02-10 00:00:00-05:00,0.03505458862090974,0.036008763875913785,0.03410132418676982,0.034697458148002625,148224000,0.0,0.0
1999-02-11 00:00:00-05:00,0.03481649691569632,0.03910846532523722,0.03481649691569632,0.03767811506986618,132240000,0.0,0.0
1999-02-12 00:00:00-05:00,0.038155202896868134,0.04006264237822127,0.038155202896868134,0.039824556559324265,109728000,0.0,0.0
1999-02-16 00:00:00-05:00,0.04053974042248395,0.042209094445787895,0.0360087677368862,0.04006265103816986,211008000,0.0,0.0
1999-02-17 00:00:00-05:00,0.0391084665631556,0.03958555587785674,0.03720102694780789,0.03791620209813118,67728000,0.0,0.0
1999-02-18 00:00:00-05:00,0.03910846472641981,0.039585554018714365,0.03743911443640954,0.03851233422756195,70704000,0.0,0.0
1999-02-19 00:00:00-05:00,0.038155202896868134,0.04053973165940765,0.03767811361568176,0.039824556559324265,75360000,0.0,0.0
1999-02-22 00:00:00-05:00,0.04053974042248395,0.041016829806798036,0.037916207630551826,0.04006265103816986,205248000,0.0,0.0
1999-02-23 00:00:00-05:00,0.041016838917053954,0.04280523456710232,0.038632309109445984,0.04197010025382042,138096000,0.0,0.0
1999-02-24 00:00:00-05:00,0.048170393423456234,0.050078746589988794,0.044235556741218394,0.04530877619981766,612768000,0.0,0.0
1999-02-25 00:00:00-05:00,0.04721713577307567,0.048647489168722594,0.04316233972785096,0.04387843236327171,149136000,0.0,0.0
1999-02-26 00:00:00-05:00,0.04435552754491784,0.0457858777218475,0.041493909547681056,0.04185103997588158,172608000,0.0,0.0
1999-03-01 00:00:00-05:00,0.04292427459201044,0.04387845346937454,0.04006265560361343,0.04209005460143089,92160000,0.0,0.0
1999-03-02 00:00:00-05:00,0.041970087902863606,0.04220909139956718,0.041016826846622785,0.041732002049684525,55248000,0.0,0.0
1999-03-03 00:00:00-05:00,0.041970087319914806,0.041970087319914806,0.03863229720414586,0.03887038305401802,61392000,0.0,0.0
1999-03-04 00:00:00-05:00,0.04077781715660249,0.04101682061700633,0.03767811331843361,0.03803524374961853,57360000,0.0,0.0
1999-03-05 00:00:00-05:00,0.038393290599078755,0.040300730173997906,0.038393290599078755,0.04018168896436691,78768000,0.0,0.0
1999-03-08 00:00:00-05:00,0.03910846371054611,0.041970081746566884,0.03839328861238839,0.040777817368507385,75888000,0.0,0.0
1999-03-09 00:00:00-05:00,0.0406587896966996,0.04268618869451706,0.0406587896966996,0.04209005460143089,143184000,0.0,0.0
1999-03-10 00:00:00-05:00,0.04268617266687151,0.04268617266687151,0.040777815628686126,0.041373949497938156,235344000,0.0,0.0
1999-03-11 00:00:00-05:00,0.04065878011375432,0.041373955281368745,0.03958555683493614,0.03958555683493614,54288000,0.0,0.0
1999-03-12 00:00:00-05:00,0.039824561740530146,0.039824561740530146,0.0381552078608898,0.03887038305401802,90768000,0.0,0.0
1999-03-15 00:00:00-05:00,0.039824562582573234,0.04101682714416653,0.03958555908413588,0.04053973779082298,108816000,0.0,0.0
1999-03-16 00:00:00-05:00,0.04077781931495087,0.041254908617625506,0.038870379747686035,0.039228424429893494,79152000,0.0,0.0
1999-03-17 00:00:00-05:00,0.039585552660637804,0.04030072775283699,0.03851233290630475,0.03946651145815849,51360000,0.0,0.0
1999-03-18 00:00:00-05:00,0.039585553851879667,0.04053973243244736,0.03863229291472184,0.03994360193610191,46320000,0.0,0.0
1999-03-19 00:00:00-05:00,0.039824565167808176,0.04125491567715972,0.039824565167808176,0.04006265103816986,105312000,0.0,0.0
1999-03-22 00:00:00-05:00,0.04089686741412368,0.04101682627691443,0.03887038305401802,0.03887038305401802,36672000,0.0,0.0
1999-03-23 00:00:00-05:00,0.03910846949883251,0.03910846949883251,0.03577067933228703,0.03648585453629494,163968000,0.0,0.0
1999-03-24 00:00:00-05:00,0.03624684736132622,0.03648584740028745,0.03481649382174885,0.03624684736132622,60864000,0.0,0.0
1999-03-25 00:00:00-05:00,0.036127811282765654,0.03815520998809939,0.036008766645535574,0.036723945289850235,40320000,0.0,0.0
1999-03-26 00:00:00-05:00,0.03720102504387031,0.04006264314216351,0.03720102504387031,0.03994360193610191,88272000,0.0,0.0
1999-03-29 00:00:00-05:00,0.041135866194963455,0.04209004136085066,0.04042068767245225,0.041135866194963455,65952000,0.0,0.0
1999-03-30 00:00:00-05:00,0.041254908351721555,0.041612953031621276,0.037439115009666346,0.03767811506986618,69504000,0.0,0.0
1999-03-31 00:00:00-05:00,0.03887038392291451,0.04077782369506533,0.037081988784017944,0.04030073434114456,153600000,0.0,0.0
1999-04-01 00:00:00-05:00,0.040300742332311616,0.04053974587842975,0.038393302181937664,0.03910847753286362,30432000,0.0,0.0
1999-04-05 00:00:00-04:00,0.03863229489191129,0.03958555587785674,0.037678116262509026,0.03791620209813118,98640000,0.0,0.0
1999-04-06 00:00:00-04:00,0.03827424266881165,0.03839328385754001,0.03624684459681824,0.03696293383836746,69696000,0.0,0.0
1999-04-07 00:00:00-04:00,0.037201032375876054,0.040300736908531545,0.03696294650551438,0.04006265103816986,89280000,0.0,0.0
1999-04-08 00:00:00-04:00,0.0403007280886056,0.041970081746566884,0.03982455645209372,0.040777817368507385,130128000,0.0,0.0
1999-04-09 00:00:00-04:00,0.041016829806798036,0.041016829806798036,0.039824565167808176,0.04006265103816986,48624000,0.0,0.0
1999-04-12 00:00:00-04:00,0.039585541713320786,0.039585541713320786,0.037678102780494674,0.038393277674913406,33312000,0.0,0.0
1999-04-13 00:00:00-04:00,0.03910846758162628,0.03910846758162628,0.03624685267366751,0.03684298321604729,36144000,0.0,0.0
1999-04-14 00:00:00-04:00,0.03672393761298385,0.03755907154088423,0.03577067330479622,0.03577067330479622,48288000,0.0,0.0
1999-04-15 00:00:00-04:00,0.036723945289850235,0.036723945289850235,0.03577068078238978,0.036723945289850235,35856000,0.0,0.0
1999-04-16 00:00:00-04:00,0.0364858517974846,0.038512336036300374,0.0364858517974846,0.03791620209813118,38928000,0.0,0.0
1999-04-19 00:00:00-04:00,0.038393286785754606,0.038393286785754606,0.03577067233615555,0.03624684736132622,31296000,0.0,0.0
1999-04-20 00:00:00-04:00,0.03624684487009602,0.03767810913202233,0.03517362182033044,0.0355316698551178,67680000,0.0,0.0
1999-04-21 00:00:00-04:00,0.03553166787838375,0.036246842853574636,0.035293578689751026,0.03612779825925827,37488000,0.0,0.0
1999-04-22 00:00:00-04:00,0.036246857862566845,0.036246857862566845,0.03422037328087665,0.03457750380039215,227184000,0.0,0.0
1999-04-23 00:00:00-04:00,0.034458456841890306,0.03457750147750299,0.03267006166756311,0.03290906175971031,126048000,0.0,0.0
1999-04-26 00:00:00-04:00,0.03290907107254005,0.03338524633842777,0.03052362699194248,0.031239720061421394,123504000,0.0,0.0
1999-04-27 00:00:00-04:00,0.031954888590983416,0.034816503908595184,0.03147779919556035,0.03457750380039215,226944000,0.0,0.0
1999-04-28 00:00:00-04:00,0.034816491409085645,0.034816491409085645,0.03326618254709918,0.034339405596256256,120096000,0.0,0.0
1999-04-29 00:00:00-04:00,0.03445844678581461,0.03457749138668629,0.033624230581683526,0.034339405596256256,48144000,0.0,0.0
1999-04-30 00:00:00-04:00,0.03469744373103138,0.036246838071308476,0.03445844034201285,0.03481648489832878,99312000,0.0,0.0
1999-05-03 00:00:00-04:00,0.03517363177636621,0.03517363177636621,0.034101326066363416,0.03505459055304527,33840000,0.0,0.0
1999-05-04 00:00:00-04:00,0.03505457271020225,0.03505457271020225,0.03243195903342805,0.03314713388681412,96048000,0.0,0.0
1999-05-05 00:00:00-04:00,0.03338521856622635,0.03386230766773224,0.03147777980324955,0.03386230766773224,144576000,0.0,0.0
1999-05-06 00:00:00-04:00,0.0336242289090853,0.03433940388808248,0.032192961307853936,0.03320666030049324,35616000,0.0,0.0
1999-05-07 00:00:00-04:00,0.03219296408345777,0.03362423180808977,0.03219296408345777,0.033385228365659714,25008000,0.0,0.0
1999-05-10 00:00:00-04:00,0.03314714256654577,0.034101317638320326,0.03314714256654577,0.033385228365659714,19680000,0.0,0.0
1999-05-11 00:00:00-04:00,0.03481648327026345,0.036246836376357915,0.03410130842287248,0.03517361357808113,171744000,0.0,0.0
1999-05-12 00:00:00-04:00,0.03553167229719431,0.03636680620247995,0.03505458303999097,0.03624684736132622,168480000,0.0,0.0
1999-05-13 00:00:00-04:00,0.03624684736132622,0.03720102246441936,0.03612780275220516,0.03624684736132622,69936000,0.0,0.0
1999-05-14 00:00:00-04:00,0.03624684484954443,0.03624684484954443,0.03386231637211355,0.034339405596256256,28464000,0.0,0.0
1999-05-17 00:00:00-04:00,0.03386231026840042,0.03600874915719032,0.03374326568898664,0.03600874915719032,35760000,0.0,0.0
1999-05-18 00:00:00-04:00,0.03636680943419503,0.03815520436946579,0.03529358621529593,0.03767811506986618,151536000,0.0,0.0
1999-05-19 00:00:00-04:00,0.03934745548110166,0.04077780525242524,0.03541261885094231,0.03600874915719032,451728000,0.0,0.0
1999-05-20 00:00:00-04:00,0.03624683668020431,0.03624683668020431,0.03183582534277075,0.03314713388681412,178176000,0.0,0.0
1999-05-21 00:00:00-04:00,0.03267004960317712,0.03267004960317712,0.03147778545679983,0.032431963831186295,303504000,0.0,0.0
1999-05-24 00:00:00-04:00,0.03267006166185374,0.0333852368850124,0.031835841803103185,0.03231201693415642,162624000,0.0,0.0
1999-05-25 00:00:00-04:00,0.03243195687727841,0.03290904255086411,0.03219295351332198,0.03255099803209305,130080000,0.0,0.0
1999-05-26 00:00:00-04:00,0.032431963831186295,0.03410131375344376,0.032431963831186295,0.032431963831186295,104736000,0.0,0.0
1999-05-27 00:00:00-04:00,0.032670045787692295,0.032670045787692295,0.032192956656217575,0.032192956656217575,82320000,0.0,0.0
1999-05-28 00:00:00-04:00,0.03267004259822001,0.03267004259822001,0.03219295351332198,0.03255099803209305,88656000,0.0,0.0
1999-06-01 00:00:00-04:00,0.03243197987087297,0.03267006576061249,0.03195489044772853,0.03267006576061249,98544000,0.0,0.0
1999-06-02 00:00:00-04:00,0.03267004692389889,0.03267004692389889,0.031477782875299454,0.031477782875299454,130128000,0.0,0.0
1999-06-03 00:00:00-04:00,0.03231201693415642,0.03255101702626185,0.03195488643869507,0.03231201693415642,41568000,0.0,0.0
1999-06-04 00:00:00-04:00,0.03255099803209305,0.03267004259822001,0.03231199807944894,0.03255099803209305,78912000,0.0,0.0
1999-06-07 00:00:00-04:00,0.0327295822797123,0.03338523689084676,0.03267006166756311,0.03290906175971031,125136000,0.0,0.0
1999-06-08 00:00:00-04:00,0.033028087477312715,0.034339395948483134,0.032909042909887026,0.03374326229095459,153312000,0.0,0.0
1999-06-09 00:00:00-04:00,0.03386231637211355,0.035054580610828986,0.03386231637211355,0.034339405596256256,95184000,0.0,0.0
1999-06-10 00:00:00-04:00,0.034339413481431054,0.03457749932653145,0.03410132422501655,0.034458454698324203,36096000,0.0,0.0
1999-06-11 00:00:00-04:00,0.034458437104596465,0.034577481672022146,0.03255099838720986,0.03374326229095459,61008000,0.0,0.0
1999-06-14 00:00:00-04:00,0.03380278974807192,0.03386231374955441,0.032192960415983886,0.032431963831186295,51648000,0.0,0.0
1999-06-15 00:00:00-04:00,0.032431963831186295,0.03267004960317712,0.03195487464399306,0.032431963831186295,49296000,0.0,0.0
1999-06-16 00:00:00-04:00,0.032909053356118385,0.034339406848747714,0.03243196752588783,0.033385228365659714,64416000,0.0,0.0
1999-06-17 00:00:00-04:00,0.03314713879037035,0.033624227977563585,0.032431963831186295,0.032431963831186295,74928000,0.0,0.0
1999-06-18 00:00:00-04:00,0.032670070912758975,0.032670070912758975,0.031239720061421394,0.031239720061421394,158736000,0.0,0.0
1999-06-21 00:00:00-04:00,0.03219297230419053,0.03290906175971031,0.03132853502310153,0.03290906175971031,83472000,0.0,0.0
1999-06-22 00:00:00-04:00,0.03290906175395917,0.03290906175395917,0.03159683829968344,0.03231201693415642,193056000,0.0,0.0
1999-06-23 00:00:00-04:00,0.03195488644427946,0.03290906175971031,0.03159683830520526,0.03290906175971031,210912000,0.0,0.0
1999-06-24 00:00:00-04:00,0.033147134919167015,0.033147134919167015,0.03195487091203242,0.032192956656217575,115200000,0.0,0.0
1999-06-25 00:00:00-04:00,0.03195489044772853,0.0330281105332298,0.03195489044772853,0.03267006576061249,73536000,0.0,0.0
1999-06-28 00:00:00-04:00,0.03374326416615887,0.03374326416615887,0.03243195903342805,0.03314713388681412,109152000,0.0,0.0
1999-06-29 00:00:00-04:00,0.03362423851811121,0.03398136558239334,0.03314714918135971,0.03350519388914108,92688000,0.0,0.0
1999-06-30 00:00:00-04:00,0.03457750054555379,0.03648585453629494,0.03386232534154588,0.03648585453629494,269232000,0.0,0.0
1999-07-01 00:00:00-04:00,0.03648585797076988,0.03648585797076988,0.03267006386231197,0.03457750380039215,88992000,0.0,0.0
1999-07-02 00:00:00-04:00,0.0350545811006849,0.03708197921514511,0.034339406076118247,0.03708197921514511,224880000,0.0,0.0
1999-07-06 00:00:00-04:00,0.037439113823781046,0.037439113823781046,0.036723938718748725,0.03720102459192276,198096000,0.0,0.0
1999-07-07 00:00:00-04:00,0.037439119005111134,0.037439119005111134,0.03648585453629494,0.03648585453629494,63120000,0.0,0.0
1999-07-08 00:00:00-04:00,0.03672393213587477,0.037916192900364847,0.03553166796007156,0.03732006251811981,186048000,0.0,0.0
1999-07-09 00:00:00-04:00,0.037201024628234935,0.04077781780028659,0.037201024628234935,0.04048021137714386,211728000,0.0,0.0
1999-07-12 00:00:00-04:00,0.04292426094608218,0.04411652534191031,0.04125490726324208,0.042328130453825,401040000,0.0,0.0
1999-07-13 00:00:00-04:00,0.04280522053624278,0.04304330979275917,0.040539736138503084,0.042447175830602646,138864000,0.0,0.0
1999-07-14 00:00:00-04:00,0.04244717102646866,0.04340134958627222,0.040539731550251444,0.040777817368507385,137952000,0.0,0.0
1999-07-15 00:00:00-04:00,0.04113586169683356,0.04244716715888424,0.04101681709289551,0.04101681709289551,137040000,0.0,0.0
1999-07-16 00:00:00-04:00,0.04173199536271018,0.04220908463614589,0.04101682027424535,0.04185103997588158,103872000,0.0,0.0
1999-07-19 00:00:00-04:00,0.041970081746566884,0.042090040593427885,0.040539731550251444,0.040777817368507385,43632000,0.0,0.0
1999-07-20 00:00:00-04:00,0.04077782629284563,0.04077782629284563,0.03863230052881832,0.04006265103816986,178752000,0.0,0.0
1999-07-21 00:00:00-04:00,0.03958555824714624,0.03958555824714624,0.03767811851763374,0.03887038305401802,112080000,0.0,0.0
1999-07-22 00:00:00-04:00,0.038632288098795736,0.038632288098795736,0.03672393458687073,0.03708197921514511,213264000,0.0,0.0
1999-07-23 00:00:00-04:00,0.036962934612609896,0.03815519886798614,0.036962934612609896,0.03708197921514511,80256000,0.0,0.0
1999-07-26 00:00:00-04:00,0.03803524431288422,0.03803524431288422,0.03720102459192276,0.03720102459192276,60528000,0.0,0.0
1999-07-27 00:00:00-04:00,0.03720101792352976,0.037439107112709855,0.03672393213587477,0.03732006251811981,98592000,0.0,0.0
1999-07-28 00:00:00-04:00,0.03720102694780789,0.03839329141283231,0.03708198573565379,0.03791620209813118,244224000,0.0,0.0
1999-07-29 00:00:00-04:00,0.03720101678892266,0.03839328092836258,0.03696293101831717,0.038274239748716354,388800000,0.0,0.0
1999-07-30 00:00:00-04:00,0.03827423650535473,0.0393474559628907,0.03815519192448332,0.038393277674913406,452304000,0.0,0.0
1999-08-02 00:00:00-04:00,0.03839328959167706,0.03887037888374784,0.038155203767348315,0.03875133767724037,313344000,0.0,0.0
1999-08-03 00:00:00-04:00,0.038751342884289455,0.038751342884289455,0.03743911944957386,0.03779716417193413,255216000,0.0,0.0
1999-08-04 00:00:00-04:00,0.038035250028254655,0.03815520889429439,0.03767811953811673,0.03779716417193413,89952000,0.0,0.0
1999-08-05 00:00:00-04:00,0.03779714736136609,0.038393277674913406,0.037201013636506026,0.038393277674913406,240576000,0.0,0.0
1999-08-06 00:00:00-04:00,0.03827423650535473,0.038512322255784825,0.03815519192448332,0.038393277674913406,183984000,0.0,0.0
1999-08-09 00:00:00-04:00,0.038512322255784825,0.038870366818902054,0.03815519192448332,0.038393277674913406,31056000,0.0,0.0
1999-08-10 00:00:00-04:00,0.038632305728055795,0.040777831780833655,0.038393302181937664,0.03910847753286362,212064000,0.0,0.0
1999-08-11 00:00:00-04:00,0.039824562293678395,0.04220909139956718,0.039347472943795744,0.041732002049684525,197712000,0.0,0.0
1999-08-12 00:00:00-04:00,0.041970076251765284,0.04483169391313767,0.04173199046467998,0.04375847429037094,239616000,0.0,0.0
1999-08-13 00:00:00-04:00,0.043401356042204506,0.044235575879236884,0.0429242666913359,0.04328231140971184,84672000,0.0,0.0
1999-08-16 00:00:00-04:00,0.043639429304784275,0.043639429304784275,0.04018168126870072,0.04161294549703598,223440000,0.0,0.0
1999-08-17 00:00:00-04:00,0.041732002049684525,0.04244717725274626,0.040658782128986784,0.041732002049684525,193536000,0.0,0.0
1999-08-18 00:00:00-04:00,0.041254907679513064,0.04316234720340384,0.04042068794572046,0.04268617555499077,279888000,0.0,0.0
1999-08-19 00:00:00-04:00,0.04566684592057131,0.05413265767420516,0.044116536463465056,0.051747214049100876,1966992000,0.0,0.0
1999-08-20 00:00:00-04:00,0.0518671589850097,0.05222428600608581,0.04936267138659471,0.05127102509140968,353088000,0.0,0.0
1999-08-23 00:00:00-04:00,0.050554942910877275,0.050554942910877275,0.04650105993097293,0.048170413821935654,507984000,0.0,0.0
1999-08-24 00:00:00-04:00,0.047455241147102686,0.04840941647950484,0.04507071193137813,0.04793233051896095,398064000,0.0,0.0
1999-08-25 00:00:00-04:00,0.04805135679081879,0.0485284460141972,0.04578587291788887,0.04769331216812134,350352000,0.0,0.0
1999-08-26 00:00:00-04:00,0.047693302073385874,0.04840939116721378,0.04626295234927877,0.04697812721133232,275376000,0.0,0.0
1999-08-27 00:00:00-04:00,0.047932320147410966,0.05150910978574108,0.04769331669141379,0.04960167035460472,552384000,0.0,0.0
1999-08-30 00:00:00-04:00,0.050435903910683665,0.05139008271020229,0.04733619927767878,0.04942220449447632,158640000,0.0,0.0
1999-08-31 00:00:00-04:00,0.04960166777629462,0.053893635684095664,0.04864749269995429,0.05365554988384247,786864000,0.0,0.0
1999-09-01 00:00:00-04:00,0.05365555465480827,0.05365555465480827,0.05031684729446802,0.05115106701850891,565344000,0.0,0.0
1999-09-02 00:00:00-04:00,0.0494817117349873,0.05079393493484559,0.04840940622426882,0.05055493488907814,341088000,0.0,0.0
1999-09-03 00:00:00-04:00,0.05150910292959893,0.052224277915660346,0.05055492793066617,0.050912972539663315,258864000,0.0,0.0
1999-09-07 00:00:00-04:00,0.051747202260487755,0.051747202260487755,0.05043589321625763,0.05067489668726921,124416000,0.0,0.0
1999-09-08 00:00:00-04:00,0.05079393493484559,0.051151065361065506,0.05055493488907814,0.05055493488907814,170064000,0.0,0.0
1999-09-09 00:00:00-04:00,0.051032033123445626,0.05139007784461342,0.04888558984956319,0.049839768558740616,209472000,0.0,0.0
1999-09-10 00:00:00-04:00,0.05067489373364805,0.05127102420563542,0.05031684566405576,0.05055493488907814,167424000,0.0,0.0
1999-09-13 00:00:00-04:00,0.05079394926361926,0.05079394926361926,0.048409419880376114,0.04888559505343437,174432000,0.0,0.0
1999-09-14 00:00:00-04:00,0.048885590479687005,0.048885590479687005,0.04721715077110678,0.04745524004101753,250368000,0.0,0.0
1999-09-15 00:00:00-04:00,0.046859106413215466,0.0484094157312429,0.04650106168462154,0.047813285142183304,212736000,0.0,0.0
1999-09-16 00:00:00-04:00,0.04721715303240239,0.047693328183714294,0.04602397416295529,0.04662010818719864,158112000,0.0,0.0
1999-09-17 00:00:00-04:00,0.046322486424964796,0.04674005508691356,0.044831698041422854,0.046501051634550095,171648000,0.0,0.0
1999-09-20 00:00:00-04:00,0.045666823199652914,0.04626295695690784,0.044831689447164536,0.044831689447164536,229104000,0.0,0.0
1999-09-21 00:00:00-04:00,0.04387844562069669,0.044116531475602884,0.039943607215683456,0.04053973779082298,737328000,0.0,0.0
1999-09-22 00:00:00-04:00,0.04053972542980134,0.041731989627859775,0.03815519703368447,0.04149390384554863,375984000,0.0,0.0
1999-09-23 00:00:00-04:00,0.04161295109728138,0.04173199571144759,0.03767811331843361,0.03803524374961853,379584000,0.0,0.0
1999-09-24 00:00:00-04:00,0.038155212032944565,0.03910847318017861,0.031954888590983416,0.03457750380039215,684912000,0.0,0.0
1999-09-27 00:00:00-04:00,0.03684298651576595,0.03743912052285053,0.034577501947286426,0.036723945289850235,432000000,0.0,0.0
1999-09-28 00:00:00-04:00,0.03678346701763824,0.04053974042248395,0.036723946402876434,0.04006265103816986,413184000,0.0,0.0
1999-09-29 00:00:00-04:00,0.04089686603139374,0.0424471752280247,0.03624685267366751,0.03684298321604729,594048000,0.0,0.0
1999-09-30 00:00:00-04:00,0.03815520998809939,0.03934747459095419,0.036246855919995734,0.036723945289850235,342528000,0.0,0.0
1999-10-01 00:00:00-04:00,0.03612780981818524,0.037439119005111134,0.03457750054555379,0.03648585453629494,347760000,0.0,0.0
1999-10-04 00:00:00-04:00,0.03767811387641054,0.03779715849233969,0.036723938718748725,0.03720102459192276,177600000,0.0,0.0
1999-10-05 00:00:00-04:00,0.03720102423432889,0.04101682083015322,0.03720102423432889,0.040777817368507385,478080000,0.0,0.0
1999-10-06 00:00:00-04:00,0.040896870871716964,0.047693328184158404,0.040539740361058334,0.04566684365272522,1508736000,0.0,0.0
1999-10-07 00:00:00-04:00,0.04757427439287049,0.04757427439287049,0.04244717208737141,0.04268617555499077,487296000,0.0,0.0
1999-10-08 00:00:00-04:00,0.042686164647317094,0.046143912369567344,0.04101681137420574,0.044831689447164536,398928000,0.0,0.0
1999-10-11 00:00:00-04:00,0.04518972615327824,0.045308770719869544,0.042447153842334204,0.0436394177377224,544464000,0.0,0.0
1999-10-12 00:00:00-04:00,0.0438784343688749,0.04435552359987764,0.04292425590686941,0.04304330050945282,322992000,0.0,0.0
1999-10-13 00:00:00-04:00,0.04256621506434641,0.04256621506434641,0.04101682027424535,0.04185103997588158,280368000,0.0,0.0
1999-10-14 00:00:00-04:00,0.04197007792245257,0.04197007792245257,0.040539727856463835,0.04101681709289551,192336000,0.0,0.0
1999-10-15 00:00:00-04:00,0.038989422507074996,0.04101682083015322,0.03887037789229017,0.040777817368507385,210720000,0.0,0.0
1999-10-18 00:00:00-04:00,0.04089686222299363,0.04089686222299363,0.03839328883741606,0.03863229230046272,215184000,0.0,0.0
1999-10-19 00:00:00-04:00,0.039824552354171976,0.039824552354171976,0.03636680419057846,0.03708197921514511,308928000,0.0,0.0
1999-10-20 00:00:00-04:00,0.037678102780494674,0.038870366818902054,0.03708197246694736,0.038393277674913406,348720000,0.0,0.0
1999-10-21 00:00:00-04:00,0.03827424938944777,0.04018168896436691,0.03720102615932462,0.04018168896436691,382128000,0.0,0.0
1999-10-22 00:00:00-04:00,0.04006264300080712,0.04232813059476137,0.04006264300080712,0.041135866194963455,286752000,0.0,0.0
1999-10-25 00:00:00-04:00,0.040896876437693075,0.04149392477547383,0.03910847753286362,0.03910847753286362,213840000,0.0,0.0
1999-10-26 00:00:00-04:00,0.040777812453524596,0.04435552279986865,0.040539726663965325,0.04292425513267517,481248000,0.0,0.0
1999-10-27 00:00:00-04:00,0.0431623421918786,0.04340134563174758,0.04030072441659486,0.04101681709289551,214128000,0.0,0.0
1999-10-28 00:00:00-04:00,0.0412549212293557,0.04197009658028165,0.03887039163045971,0.03910847753286362,222768000,0.0,0.0
1999-10-29 00:00:00-04:00,0.03958555286743518,0.04292426017298265,0.0393474670499191,0.04220908507704735,330528000,0.0,0.0
1999-11-01 00:00:00-05:00,0.04149390054412018,0.04650104272027588,0.04149390054412018,0.044831689447164536,782544000,0.0,0.0
1999-11-02 00:00:00-05:00,0.0456668283172079,0.047932315601451135,0.045308783694510454,0.04769331216812134,837504000,0.0,0.0
1999-11-03 00:00:00-05:00,0.04960166146831342,0.053655543060317876,0.04924361687580338,0.05234332010149956,2011680000,0.0,0.0
1999-11-04 00:00:00-05:00,0.052940377886077986,0.057113301428215676,0.052940377886077986,0.05568203702569008,1260336000,0.0,0.0
1999-11-05 00:00:00-05:00,0.0572323400955787,0.05770942590598532,0.05127101893227454,0.05389363318681717,616368000,0.0,0.0
1999-11-08 00:00:00-05:00,0.05222427699575522,0.056994251319718095,0.05055492704016582,0.05544394254684448,470016000,0.0,0.0
1999-11-09 00:00:00-05:00,0.055324910928246325,0.055562996760829625,0.052463292720021135,0.054608818143606186,272352000,0.0,0.0
1999-11-10 00:00:00-05:00,0.05478830613481169,0.05484782674569181,0.05305943160949593,0.054132651537656784,144048000,0.0,0.0
1999-11-11 00:00:00-05:00,0.05413263090618173,0.06080912296447941,0.05294036679935193,0.05794750899076462,562704000,0.0,0.0
1999-11-12 00:00:00-05:00,0.06045199707238463,0.061048123985528946,0.056994246063440744,0.061048123985528946,501504000,0.0,0.0
1999-11-15 00:00:00-05:00,0.061464786503954,0.0633136228777294,0.058901696142392594,0.0598558746278286,362208000,0.0,0.0
1999-11-16 00:00:00-05:00,0.06128622344175072,0.06677136974296935,0.06104813423567479,0.06557910889387131,723792000,0.0,0.0
1999-11-17 00:00:00-05:00,0.06677138115145442,0.07154043900793611,0.06581720252277563,0.06808269023895264,786384000,0.0,0.0
1999-11-18 00:00:00-05:00,0.0695130338520976,0.07011008196452727,0.06772463903359859,0.06832076609134674,235968000,0.0,0.0
1999-11-19 00:00:00-05:00,0.0765484773748463,0.08465624035550288,0.07630947396766181,0.0817946195602417,2165184000,0.0,0.0
1999-11-22 00:00:00-05:00,0.08388154899925526,0.08394106959522604,0.07678656978773102,0.08167558908462524,540192000,0.0,0.0
1999-11-23 00:00:00-05:00,0.0733288367782403,0.07666754446172507,0.07249462038477161,0.07583332806825638,553248000,0.0,0.0
1999-11-24 00:00:00-05:00,0.0754752892850342,0.07630950574395022,0.06784460888673652,0.07344789057970047,406848000,0.0,0.0
1999-11-26 00:00:00-05:00,0.0727327055755701,0.07344788760220645,0.07058626573133488,0.07297170907258987,71760000,0.0,0.0
1999-11-29 00:00:00-05:00,0.07273268762730341,0.0736868660928682,0.06867881243622873,0.07034816592931747,298608000,0.0,0.0
1999-11-30 00:00:00-05:00,0.0705862589168343,0.07177852676756699,0.0660552904009819,0.0660552904009819,314688000,0.0,0.0
1999-12-01 00:00:00-05:00,0.06605532065976283,0.07034820872291675,0.06605532065976283,0.06939402967691422,223536000,0.0,0.0
1999-12-02 00:00:00-05:00,0.06963298218728302,0.07547526554968294,0.06963298218728302,0.07452108711004257,309888000,0.0,0.0
1999-12-03 00:00:00-05:00,0.0752362866308237,0.07654851011802587,0.0717785374203098,0.07273270934820175,342768000,0.0,0.0
1999-12-06 00:00:00-05:00,0.07297169273662177,0.07511721786833281,0.07297169273662177,0.07476009428501129,178608000,0.0,0.0
1999-12-07 00:00:00-05:00,0.07535621407175078,0.07547526207738026,0.06939398238583402,0.07225559651851654,186384000,0.0,0.0
1999-12-08 00:00:00-05:00,0.07201753437181856,0.07619046566140394,0.071778537684152,0.0754752904176712,201696000,0.0,0.0
1999-12-09 00:00:00-05:00,0.0753562243759803,0.07726366719637072,0.07058625279956546,0.07320978492498398,214944000,0.0,0.0
1999-12-10 00:00:00-05:00,0.07452108799978867,0.07487913262409063,0.07106333987455805,0.07237464189529419,98304000,0.0,0.0
1999-12-13 00:00:00-05:00,0.07154044694024554,0.07404401735814277,0.07058626820576869,0.07213658094406128,183840000,0.0,0.0
1999-12-14 00:00:00-05:00,0.07225561839909064,0.0740440134945923,0.07022913404285765,0.07094430923461914,273888000,0.0,0.0
1999-12-15 00:00:00-05:00,0.070467205844929,0.07082525046820004,0.06700945772965437,0.06867881119251251,205968000,0.0,0.0
1999-12-16 00:00:00-05:00,0.0690368730833426,0.070110092989621,0.0679636531770642,0.06820173561573029,132576000,0.0,0.0
1999-12-17 00:00:00-05:00,0.07011006701060646,0.07285172554917417,0.06975202243045303,0.07177850604057312,262080000,0.0,0.0
1999-12-20 00:00:00-05:00,0.07189848805670779,0.07914181330557152,0.06939400353246264,0.07774076610803604,402432000,0.0,0.0
1999-12-21 00:00:00-05:00,0.07774076775177226,0.08119851680344195,0.07487915268655634,0.08107947558164597,388368000,0.0,0.0
1999-12-22 00:00:00-05:00,0.08131755250920636,0.08394107791012309,0.07821784864810133,0.08298690617084503,251184000,0.0,0.0
1999-12-23 00:00:00-05:00,0.08310593373719803,0.08871012087585979,0.08274880336197432,0.08847203850746155,280224000,0.0,0.0
1999-12-27 00:00:00-05:00,0.09037951094761716,0.09049855900276292,0.08417918749413558,0.08513336628675461,202416000,0.0,0.0
1999-12-28 00:00:00-05:00,0.08513335514990134,0.08823305935499984,0.0846562692273171,0.08489435166120529,179184000,0.0,0.0
1999-12-29 00:00:00-05:00,0.0847157943488658,0.08871015000345259,0.0846562737372229,0.08775597810745239,132144000,0.0,0.0
1999-12-30 00:00:00-05:00,0.08775594929315782,0.089068172305638,0.08632559250578034,0.08847203850746155,139776000,0.0,0.0
1999-12-31 00:00:00-05:00,0.08829256751302718,0.08966431130150161,0.08799495769000575,0.08954435586929321,127344000,0.0,0.0
2000-01-03 00:00:00-05:00,0.09014140995476533,0.09085658508042439,0.08417917019180594,0.08930627256631851,300912000,0.0,0.0
2000-01-04 00:00:00-05:00,0.0877559596860121,0.08799495631464266,0.08250980971057935,0.08692173659801483,300480000,0.0,0.0
2000-01-05 00:00:00-05:00,0.08441813978580917,0.0858484894631308,0.08286782789384038,0.08406009525060654,188352000,0.0,0.0
2000-01-06 00:00:00-05:00,0.0840601325519646,0.0840601325519646,0.07535623312495217,0.07857498526573181,120480000,0.0,0.0
2000-01-07 00:00:00-05:00,0.0782178501779153,0.08072142019198626,0.07702558236259682,0.07988720387220383,71184000,0.0,0.0
2000-01-10 00:00:00-05:00,0.08012528686753595,0.08584852310578016,0.07869493662968317,0.08250981569290161,239856000,0.0,0.0
2000-01-11 00:00:00-05:00,0.08203273539512307,0.08298691404759498,0.07917111366987228,0.07917111366987228,148128000,0.0,0.0
2000-01-12 00:00:00-05:00,0.0791710916251211,0.07929105386154356,0.07607138833290109,0.07714460790157318,123552000,0.0,0.0
2000-01-13 00:00:00-05:00,0.07702558467217077,0.08107946729602232,0.07607140606299251,0.08036337792873383,132192000,0.0,0.0
2000-01-14 00:00:00-05:00,0.08155654424991457,0.08715981727081158,0.08131754082209228,0.08382111042737961,604560000,0.0,0.0
2000-01-18 00:00:00-05:00,0.08489432899627215,0.08775595000349212,0.08107945063056231,0.08739881962537766,261648000,0.0,0.0
2000-01-19 00:00:00-05:00,0.08775595167498122,0.08775595167498122,0.08584850904448202,0.08656368404626846,164688000,0.0,0.0
2000-01-20 00:00:00-05:00,0.0872797867726071,0.09204884437945465,0.08561043308152884,0.08632560819387436,179568000,0.0,0.0
2000-01-21 00:00:00-05:00,0.08608661729925592,0.08644466199538721,0.08322499560404369,0.08537144213914871,544272000,0.0,0.0
2000-01-24 00:00:00-05:00,0.08811401120919986,0.08811401120919986,0.0810794659013126,0.08155655860900879,256944000,0.0,0.0
2000-01-25 00:00:00-05:00,0.08191370338533718,0.08274884098618643,0.07821787137691252,0.08084048330783844,237120000,0.0,0.0
2000-01-26 00:00:00-05:00,0.08084045876220353,0.0829869050881037,0.07607140130168234,0.07750175148248672,232464000,0.0,0.0
2000-01-27 00:00:00-05:00,0.07809790094257525,0.07809790094257525,0.070586268592822,0.07344789057970047,458208000,0.0,0.0
2000-01-28 00:00:00-05:00,0.07249461471254864,0.07297170059633085,0.06844073216936111,0.07130234688520432,194448000,0.0,0.0
2000-01-31 00:00:00-05:00,0.07165946844779092,0.07320978075950178,0.06677137018226162,0.07070621103048325,182400000,0.0,0.0
2000-02-01 00:00:00-05:00,0.07082525067212916,0.072971689953997,0.06820171875343162,0.07237464189529419,92976000,0.0,0.0
2000-02-02 00:00:00-05:00,0.07273269550983762,0.07583332044862262,0.07237465084127898,0.07440204918384552,149040000,0.0,0.0
2000-02-03 00:00:00-05:00,0.07678658950122985,0.07833690220358024,0.07511723557637633,0.07559432834386826,108240000,0.0,0.0
2000-02-04 00:00:00-05:00,0.0779788549777266,0.0779788549777266,0.07583332940911362,0.07738272100687027,123696000,0.0,0.0
2000-02-07 00:00:00-05:00,0.07774073497397034,0.07774073497397034,0.07249459299749704,0.07261363416910172,217488000,0.0,0.0
2000-02-08 00:00:00-05:00,0.07440204293623912,0.078694928492753,0.07249460701316954,0.07607139647006989,468816000,0.0,0.0
2000-02-09 00:00:00-05:00,0.07893301294111851,0.08024432175732027,0.07785979332241412,0.07797883450984955,589056000,0.0,0.0
2000-02-10 00:00:00-05:00,0.08274878944020249,0.0953875183785461,0.08274878944020249,0.09395625442266464,970080000,0.0,0.0
2000-02-11 00:00:00-05:00,0.098606270103958,0.0987262323319335,0.08847203055861019,0.0953875258564949,423792000,0.0,0.0
2000-02-14 00:00:00-05:00,0.09562563849792453,0.11064890027046204,0.0946714599441173,0.11064890027046204,650112000,0.0,0.0
2000-02-15 00:00:00-05:00,0.11088790123732285,0.11100694243736928,0.10182595811006176,0.10635692626237869,450480000,0.0,0.0
2000-02-16 00:00:00-05:00,0.10754919052405866,0.11494177980125939,0.1063569228077128,0.11124502122402191,1019568000,0.0,0.0
2000-02-17 00:00:00-05:00,0.11112599860986416,0.11589597085962841,0.10945664477500983,0.1151798814535141,535776000,0.0,0.0
2000-02-18 00:00:00-05:00,0.11351053399084603,0.1302040664538928,0.11267631755398871,0.1285347193479538,960864000,0.0,0.0
2000-02-22 00:00:00-05:00,0.12448082295808859,0.12614925565329171,0.12018793002315849,0.12495698779821396,542496000,0.0,0.0
2000-02-23 00:00:00-05:00,0.12352666031147133,0.12698440965930885,0.12197635430817001,0.1256731003522873,511392000,0.0,0.0
2000-02-24 00:00:00-05:00,0.12638821120462382,0.12722242719087773,0.11923370658631988,0.12448076903820038,244320000,0.0,0.0
2000-02-25 00:00:00-05:00,0.1245998424974127,0.1245998424974127,0.11160306626565974,0.11673016101121902,278736000,0.0,0.0
2000-02-28 00:00:00-05:00,0.11613401676022116,0.11732628430088861,0.11398758450404277,0.11589593440294266,517872000,0.0,0.0
2000-02-29 00:00:00-05:00,0.11517987162129428,0.12352663326042448,0.11517987162129428,0.12209536880254745,306048000,0.0,0.0
2000-03-01 00:00:00-05:00,0.12209537340801076,0.12209537340801076,0.11661114047776819,0.11851858347654343,383568000,0.0,0.0
2000-03-02 00:00:00-05:00,0.11947273430684048,0.11947273430684048,0.11017271642394241,0.1105298399925232,191040000,0.0,0.0
2000-03-03 00:00:00-05:00,0.1106488866639164,0.11351050091874622,0.10969562245940294,0.1123182401061058,273696000,0.0,0.0
2000-03-06 00:00:00-05:00,0.11303432303815787,0.12161917896899394,0.1106488804913645,0.11160305887460709,432096000,0.0,0.0
2000-03-07 00:00:00-05:00,0.14308083831654167,0.16645085685331595,0.136880517648702,0.15893922746181488,1952208000,0.0,0.0
2000-03-08 00:00:00-05:00,0.1588495636571996,0.16168186889430725,0.1473737789941527,0.16025060415267944,668736000,0.0,0.0
2000-03-09 00:00:00-05:00,0.16215797689934727,0.2060363994533949,0.1616817985431901,0.19134096801280975,952944000,0.0,0.0
2000-03-10 00:00:00-05:00,0.20126739740697844,0.2766227074642629,0.19983613290102617,0.22511360049247742,2161200000,0.0,0.0
2000-03-13 00:00:00-05:00,0.20412897412662748,0.28616167839891854,0.20222061738698816,0.28473132848739624,2415168000,0.0,0.0
2000-03-14 00:00:00-05:00,0.2831810027566975,0.2831810027566975,0.20603639806904506,0.2100902795791626,1567776000,0.0,0.0
2000-03-15 00:00:00-05:00,0.22514381213569204,0.2309567998613708,0.19458998517022535,0.20150548219680786,995616000,0.0,0.0
2000-03-16 00:00:00-05:00,0.2079438999790167,0.21509840775207303,0.17670510649092702,0.1796555519104004,750384000,0.0,0.0
2000-03-17 00:00:00-05:00,0.17551286278283926,0.20412903983403607,0.1754826385395949,0.19053612649440765,557616000,0.0,0.0
2000-03-20 00:00:00-05:00,0.19804776952315095,0.20436713379968013,0.18433581419186856,0.1904170960187912,365280000,0.0,0.0
2000-03-21 00:00:00-05:00,0.1907742167156338,0.19244356382405936,0.1659738391280497,0.1809971034526825,536640000,0.0,0.0
2000-03-22 00:00:00-05:00,0.1824283707343895,0.1879126043207002,0.17932774527365536,0.1823093295097351,230592000,0.0,0.0
2000-03-23 00:00:00-05:00,0.1806399410945767,0.19554416212993544,0.18028190324315363,0.18552803993225098,309408000,0.0,0.0
2000-03-24 00:00:00-05:00,0.18433579304463488,0.19268255505000056,0.17169705229625143,0.17777833342552185,231600000,0.0,0.0
2000-03-27 00:00:00-05:00,0.1774202275711465,0.18314346908182155,0.16454342198987124,0.16609281301498413,388944000,0.0,0.0
2000-03-28 00:00:00-05:00,0.16036965810056325,0.16215806031785168,0.1507115847608963,0.15369316935539246,393312000,0.0,0.0
2000-03-29 00:00:00-05:00,0.1542892495580272,0.15786605306010063,0.13735764358262667,0.14355796575546265,469440000,0.0,0.0
2000-03-30 00:00:00-05:00,0.13926506677820774,0.1559586032496322,0.13449600929687727,0.14272281527519226,361920000,0.0,0.0
2000-03-31 00:00:00-05:00,0.1524706226335642,0.1676431490610631,0.14975827360961522,0.16117452085018158,962976000,0.0,0.0
2000-04-03 00:00:00-04:00,0.15971396437253554,0.16025057769432777,0.14439218444133964,0.14856602251529694,329952000,0.0,0.0
2000-04-04 00:00:00-04:00,0.15643477472557663,0.15905829316402276,0.10874145252150669,0.14308086037635803,513792000,0.0,0.0
2000-04-05 00:00:00-04:00,0.1445121379754749,0.18600513553576928,0.13711954794574274,0.17491671442985535,639600000,0.0,0.0
2000-04-06 00:00:00-04:00,0.18302442133426666,0.1923244377236289,0.17432052502877426,0.18302442133426666,404592000,0.0,0.0
2000-04-07 00:00:00-04:00,0.1922054356648584,0.2003131998910685,0.18409767143864827,0.195663183927536,318576000,0.0,0.0
2000-04-10 00:00:00-04:00,0.1990018874966759,0.21056739978221573,0.17467768101371203,0.17837443947792053,395280000,0.0,0.0
2000-04-11 00:00:00-04:00,0.16594353371375656,0.18123601148080287,0.15261984725919076,0.1677621454000473,457584000,0.0,0.0
2000-04-12 00:00:00-04:00,0.16800115919116154,0.1716969889931813,0.14975823676147984,0.15035437047481537,313440000,0.0,0.0
2000-04-13 00:00:00-04:00,0.151546704895173,0.1569118975247941,0.14141155307944636,0.1439151167869568,313296000,0.0,0.0
2000-04-14 00:00:00-04:00,0.1347341173250219,0.14510827797027995,0.12495699121047724,0.13124705851078033,421920000,0.0,0.0
2000-04-17 00:00:00-04:00,0.12018792300927848,0.14308086722307192,0.12018792300927848,0.1379537582397461,294096000,0.0,0.0
2000-04-18 00:00:00-04:00,0.1518443181569375,0.17121998365281962,0.14737377696851062,0.16239704191684723,477504000,0.0,0.0
2000-04-19 00:00:00-04:00,0.16752413450860865,0.16978961546718221,0.15261991234151892,0.1546463966369629,278352000,0.0,0.0
2000-04-20 00:00:00-04:00,0.15882028589768604,0.16180095662878274,0.15166578920111326,0.1538122296333313,153936000,0.0,0.0
2000-04-24 00:00:00-04:00,0.1449883319626576,0.15142765149216947,0.1385499130200999,0.14618059992790222,205968000,0.0,0.0
2000-04-25 00:00:00-04:00,0.15273893854466572,0.16692798414684093,0.15238090070124619,0.16215801239013672,249696000,0.0,0.0
2000-04-26 00:00:00-04:00,0.17348541066166454,0.17742023749560396,0.1602505392936507,0.16048863530158997,254112000,0.0,0.0
2000-04-27 00:00:00-04:00,0.1497582988487617,0.17527385029354572,0.14892316822288226,0.17360450327396393,280992000,0.0,0.0
2000-04-28 00:00:00-04:00,0.17634709742261379,0.18314355479523667,0.1700277328491211,0.1700277328491211,179040000,0.0,0.0
2000-05-01 00:00:00-04:00,0.17646610783883998,0.18028190804277533,0.1713389985744304,0.17551285028457642,119424000,0.0,0.0
2000-05-02 00:00:00-04:00,0.17551285732001515,0.18576706261461887,0.16382737382057488,0.1687164008617401,234000000,0.0,0.0
2000-05-03 00:00:00-04:00,0.1676431591807013,0.17312830603525636,0.1526198972806588,0.16597381234169006,329184000,0.0,0.0
2000-05-04 00:00:00-04:00,0.1656157843765061,0.17503577378831287,0.16418543397387897,0.1680012345314026,241200000,0.0,0.0
2000-05-05 00:00:00-04:00,0.1672850955173857,0.17980479336378383,0.16501961494725326,0.17575091123580933,170592000,0.0,0.0
2000-05-08 00:00:00-04:00,0.171219951086003,0.17742027311903763,0.1690735115274647,0.1693125218153,185136000,0.0,0.0
2000-05-09 00:00:00-04:00,0.17217415917171253,0.173604509577836,0.16215803575475024,0.1669280081987381,176832000,0.0,0.0
2000-05-10 00:00:00-04:00,0.16525855849675675,0.16537759964376736,0.14904212229971892,0.15047338604927063,274080000,0.0,0.0
2000-05-11 00:00:00-04:00,0.1526198564899008,0.1596543928675328,0.15059245870421972,0.15691182017326355,245904000,0.0,0.0
2000-05-12 00:00:00-04:00,0.161204742476899,0.16978958571266475,0.15214279294013977,0.15214279294013977,187824000,0.0,0.0
2000-05-15 00:00:00-04:00,0.1514276136122143,0.16525861991539864,0.14403502464100318,0.16263508796691895,282096000,0.0,0.0
2000-05-16 00:00:00-04:00,0.1697895401051449,0.18445475909986556,0.16788118364004778,0.17932765185832977,366432000,0.0,0.0
2000-05-17 00:00:00-04:00,0.1888667061420821,0.2186751417119636,0.18874766496160209,0.21080546081066132,1290624000,0.0,0.0
2000-05-18 00:00:00-04:00,0.21199776476107962,0.21545551320621234,0.19518610157113062,0.19649741053581238,509904000,0.0,0.0
2000-05-19 00:00:00-04:00,0.19077416634159408,0.20126736628118963,0.18934381628896968,0.19482804834842682,521184000,0.0,0.0
2000-05-22 00:00:00-04:00,0.1926825406074244,0.207467719912529,0.17563188059603432,0.207467719912529,517152000,0.0,0.0
2000-05-23 00:00:00-04:00,0.20222066847977296,0.22499455913878466,0.19888287521718342,0.20579837262630463,778560000,0.0,0.0
2000-05-24 00:00:00-04:00,0.20555938013894348,0.2088980877012975,0.17598993326847454,0.20317484438419342,739632000,0.0,0.0
2000-05-25 00:00:00-04:00,0.20615544845350797,0.21843704812828488,0.1978095896138216,0.20031316578388214,569184000,0.0,0.0
2000-05-26 00:00:00-04:00,0.20132692158222198,0.2068706748173457,0.1888667434022944,0.20132692158222198,183456000,0.0,0.0
2000-05-30 00:00:00-04:00,0.20675160572007817,0.21485937002312808,0.20579834827671728,0.20961323380470276,303648000,0.0,0.0
2000-05-31 00:00:00-04:00,0.20889810376139104,0.22129874951130935,0.20889810376139104,0.21772104501724243,469536000,0.0,0.0
2000-06-01 00:00:00-04:00,0.2241603796755731,0.22618686420853146,0.2181981388415798,0.2238023281097412,418992000,0.0,0.0
2000-06-02 00:00:00-04:00,0.22845230426909516,0.253729785094171,0.22845230426909516,0.2509881258010864,592176000,0.0,0.0
2000-06-05 00:00:00-04:00,0.2506300457521464,0.268991999894297,0.24061393821083407,0.2563825845718384,491904000,0.0,0.0
2000-06-06 00:00:00-04:00,0.25730746270390603,0.26684557710831597,0.2422832739363389,0.24359551072120667,375888000,0.0,0.0
2000-06-07 00:00:00-04:00,0.24180712064541618,0.24383360470098764,0.22916746670087254,0.23274517059326172,332352000,0.0,0.0
2000-06-08 00:00:00-04:00,0.23870651545245053,0.23894549844805926,0.22511359003161194,0.23453357815742493,460704000,0.0,0.0
2000-06-09 00:00:00-04:00,0.23894546235579658,0.25182229649585075,0.23536775891363748,0.24121002852916718,467280000,0.0,0.0
2000-06-12 00:00:00-04:00,0.24228331554737761,0.2443107277321088,0.22940650547781347,0.23477168381214142,380016000,0.0,0.0
2000-06-13 00:00:00-04:00,0.2282142045360813,0.24228328048632694,0.2270219367919843,0.2421642392873764,447840000,0.0,0.0
2000-06-14 00:00:00-04:00,0.2466952193454948,0.24800650095274454,0.23873670689217863,0.2419261485338211,275088000,0.0,0.0
2000-06-15 00:00:00-04:00,0.24121005645415952,0.24824552237987518,0.22821420691366676,0.24824552237987518,338592000,0.0,0.0
2000-06-16 00:00:00-04:00,0.24735084228078427,0.2861616781671255,0.24729129440044365,0.28568458557128906,987840000,0.0,0.0
2000-06-19 00:00:00-04:00,0.28496954462390484,0.32670154842255744,0.27781503536672414,0.30356961488723755,1052160000,0.0,0.0
2000-06-20 00:00:00-04:00,0.3088165337527556,0.3123933090948462,0.2957007174704428,0.29951557517051697,610272000,0.0,0.0
2000-06-21 00:00:00-04:00,0.2948655723453073,0.33576333999550534,0.2948655723453073,0.3299201428890228,614880000,0.0,0.0
2000-06-22 00:00:00-04:00,0.32848977928841644,0.33528623341682673,0.30881651969882756,0.31191620230674744,614352000,0.0,0.0
2000-06-23 00:00:00-04:00,0.3035695159964063,0.30738530214680265,0.2823459333651285,0.2824658751487732,607392000,0.0,0.0
2000-06-26 00:00:00-04:00,0.2880692394875026,0.318354779942343,0.2835382770644835,0.3165663778781891,618288000,0.0,0.0
2000-06-27 00:00:00-04:00,0.31382369717331177,0.3190707611681474,0.26350685136298435,0.27185362577438354,604608000,0.0,2.0
2000-06-28 00:00:00-04:00,0.27757695427513257,0.2880692575706375,0.25372984532978393,0.26136142015457153,586608000,0.0,0.0
2000-06-29 00:00:00-04:00,0.2568304208809883,0.2568304208809883,0.2193903882080436,0.22368326783180237,1184880000,0.0,0.0
2000-06-30 00:00:00-04:00,0.2341755385890419,0.24657618319737679,0.22272907941908385,0.24252231419086456,1209192000,0.0,0.0
2000-07-03 00:00:00-04:00,0.2441916226697874,0.25182229362609165,0.23083679547239697,0.23322223126888275,232680000,0.0,0.0
2000-07-05 00:00:00-04:00,0.23226806976405745,0.23274516243019852,0.201267375922281,0.20818288624286652,777936000,0.0,0.0
2000-07-06 00:00:00-04:00,0.20842101759489318,0.22845233726562578,0.20341296253046365,0.22082166373729706,603936000,0.0,0.0
2000-07-07 00:00:00-04:00,0.22892940313120566,0.2327451897402841,0.21748293024559423,0.2220139056444168,346560000,0.0,0.0
2000-07-10 00:00:00-04:00,0.21819806532983438,0.23894546821320034,0.21605254029027862,0.23346032202243805,351264000,0.0,0.0
2000-07-11 00:00:00-04:00,0.2303606688450984,0.26422297930407873,0.227737122953939,0.252299427986145,755304000,0.0,0.0
2000-07-12 00:00:00-04:00,0.2627916318588349,0.2725687546920633,0.2544457867368603,0.2594529390335083,388152000,0.0,0.0
2000-07-13 00:00:00-04:00,0.26493818624394705,0.2852075873219996,0.26446109349028857,0.28377723693847656,458736000,0.0,0.0
2000-07-14 00:00:00-04:00,0.2895005622336487,0.29498481101237417,0.2747154032621155,0.28163090348243713,280200000,0.0,0.0
2000-07-17 00:00:00-04:00,0.28592357277350094,0.28616165511366626,0.27757680000215584,0.2785309851169586,105552000,0.0,0.0
2000-07-18 00:00:00-04:00,0.26326871538194613,0.2861616530870071,0.26326871538194613,0.2730458378791809,183672000,0.0,0.0
2000-07-19 00:00:00-04:00,0.26326870272751174,0.26517614497485326,0.2501528881501183,0.2556380331516266,189504000,0.0,0.0
2000-07-20 00:00:00-04:00,0.2553991534831767,0.26899206753905724,0.25468397825952194,0.2625536620616913,142992000,0.0,0.0
2000-07-21 00:00:00-04:00,0.26326886959343326,0.270899544005817,0.25945308209369644,0.2658924162387848,251928000,0.0,0.0
2000-07-24 00:00:00-04:00,0.2661304579297236,0.26803790109371345,0.23274520839589574,0.24323751032352448,281112000,0.0,0.0
2000-07-25 00:00:00-04:00,0.24705330152073085,0.24896074471778318,0.23369847008994804,0.23417556285858154,335304000,0.0,0.0
2000-07-26 00:00:00-04:00,0.23417555940031973,0.23417555940031973,0.21032936773493574,0.21676777303218842,380064000,0.0,0.0
2000-07-27 00:00:00-04:00,0.2098523113204887,0.21271392686293275,0.1984058355054533,0.20126745104789734,331560000,0.0,0.0
2000-07-28 00:00:00-04:00,0.20222061815852435,0.22105966270824076,0.19077414824984526,0.20603640377521515,512664000,0.0,0.0
2000-07-31 00:00:00-04:00,0.21748291353667515,0.22940647822833782,0.20603644153048073,0.22892938554286957,371232000,0.0,0.0
2000-08-01 00:00:00-04:00,0.22892936408466905,0.23083680677043214,0.2227290427999047,0.2243983894586563,350616000,0.0,0.0
2000-08-02 00:00:00-04:00,0.22129871349784658,0.23262523006993874,0.21772100958600404,0.22892938554286957,345432000,0.0,0.0
2000-08-03 00:00:00-04:00,0.20603647183089985,0.24419169342189023,0.20603647183089985,0.23894552886486053,368664000,0.0,0.0
2000-08-04 00:00:00-04:00,0.244668788604616,0.24800655488171816,0.23942172340859294,0.24323751032352448,194784000,0.0,0.0
2000-08-07 00:00:00-04:00,0.24490681886245097,0.2644610408570454,0.24395263354503668,0.2623145878314972,246936000,0.0,0.0
2000-08-08 00:00:00-04:00,0.2565913498401642,0.27089943512480974,0.2556380924339434,0.2565913498401642,128112000,0.0,0.0
2000-08-09 00:00:00-04:00,0.25992995665886803,0.2615992889449648,0.2453837953602194,0.24896056950092316,136248000,0.0,0.0
2000-08-10 00:00:00-04:00,0.24323740785528514,0.2575454906703019,0.2384683653061385,0.25182226300239563,156432000,0.0,0.0
2000-08-11 00:00:00-04:00,0.25229936434047184,0.25420680676728546,0.23417546829687455,0.24586093425750732,131928000,0.0,0.0
2000-08-14 00:00:00-04:00,0.24896069745832505,0.2513452329713617,0.24037584017551888,0.24824552237987518,108576000,0.0,0.0
2000-08-15 00:00:00-04:00,0.24943781818389746,0.2766227159554547,0.2487226430250312,0.27167510986328125,443328000,0.0,0.0
2000-08-16 00:00:00-04:00,0.28639973745383157,0.28639973745383157,0.2701842123456135,0.2785309851169586,266232000,0.0,0.0
2000-08-17 00:00:00-04:00,0.27471531283234923,0.2852075873219996,0.2737611273250322,0.28377723693847656,129816000,0.0,0.0
2000-08-18 00:00:00-04:00,0.282585065015223,0.2971312683280928,0.28210799938997133,0.2937925457954407,204720000,0.0,0.0
2000-08-21 00:00:00-04:00,0.3045236848835773,0.3097698486284069,0.29760818798172295,0.2983233630657196,464472000,0.0,0.0
2000-08-22 00:00:00-04:00,0.28282309400885597,0.2890234170961386,0.2675617196221029,0.27018433809280396,658872000,0.0,0.0
2000-08-23 00:00:00-04:00,0.26589237101902047,0.28639985447870026,0.2604072234737454,0.28592368960380554,352800000,0.0,0.0
2000-08-24 00:00:00-04:00,0.2842542740170676,0.29641593411428313,0.2790081377997696,0.29355430603027344,332616000,0.0,0.0
2000-08-25 00:00:00-04:00,0.2904545995864453,0.29665402062345836,0.28473137062949266,0.28616172075271606,153048000,0.0,0.0
2000-08-28 00:00:00-04:00,0.2875930162139297,0.3014240104244544,0.28425429522065887,0.2976081967353821,189264000,0.0,0.0
2000-08-29 00:00:00-04:00,0.29880041337969976,0.29951558836228964,0.2937923600377139,0.2968929708003998,149376000,0.0,0.0
2000-08-30 00:00:00-04:00,0.2935542647400298,0.30356947039621907,0.29045455470054243,0.29951557517051697,178080000,0.0,0.0
2000-08-31 00:00:00-04:00,0.30404662694492224,0.3147779103961424,0.2980852879699753,0.30285435914993286,388896000,0.0,0.0
2000-09-01 00:00:00-04:00,0.3090546940447623,0.31191629515736924,0.2999927434125042,0.3033314645290375,204144000,0.0,0.0
2000-09-05 00:00:00-04:00,0.3104858029848059,0.31072391258450777,0.3016619660940752,0.30380839109420776,246144000,0.0,0.0
2000-09-06 00:00:00-04:00,0.30500076686237404,0.30500076686237404,0.28043849073241406,0.28282302618026733,230136000,0.0,0.0
2000-09-07 00:00:00-04:00,0.28711590702907885,0.29856236498056643,0.2751923291186807,0.2980852723121643,239760000,0.0,0.0
2000-09-08 00:00:00-04:00,0.2947465683380811,0.3014239824135909,0.27948429745845094,0.28043848276138306,222648000,0.0,0.0
2000-09-11 00:00:00-04:00,0.27686178082594476,0.27853114177724897,0.25849982011074357,0.2689920961856842,285888000,0.0,0.0
2000-09-12 00:00:00-04:00,0.26923019222761685,0.28330017254916956,0.26326885190366034,0.26732274889945984,125976000,0.0,0.0
2000-09-13 00:00:00-04:00,0.2666074951599531,0.27161554899396284,0.26088423898258195,0.2672036290168762,239976000,0.0,0.0
2000-09-14 00:00:00-04:00,0.26851497092694376,0.2804385228270586,0.261361363764693,0.2647000849246979,216336000,0.0,0.0
2000-09-15 00:00:00-04:00,0.26326878071105714,0.2742381733768276,0.26136133789870686,0.2704828083515167,242592000,0.0,0.0
2000-09-18 00:00:00-04:00,0.2711385455179513,0.2728079064418896,0.251822399467914,0.2546840012073517,163488000,0.0,0.0
2000-09-19 00:00:00-04:00,0.24299943530337925,0.263268837285346,0.24037588897998668,0.2625536620616913,301104000,0.0,0.0
2000-09-20 00:00:00-04:00,0.2553991555334839,0.26040723789425907,0.24991493556196037,0.2539688050746918,227568000,0.0,0.0
2000-09-21 00:00:00-04:00,0.2558762010404268,0.2706613804821034,0.2556381186337797,0.26487863063812256,346824000,0.0,0.0
2000-09-22 00:00:00-04:00,0.23870648643822823,0.27280780293664125,0.23846840405838612,0.26946908235549927,387264000,0.0,0.0
2000-09-25 00:00:00-04:00,0.27781498416825523,0.2928391752053066,0.27566945868916803,0.28878527879714966,467568000,0.0,0.0
2000-09-26 00:00:00-04:00,0.2918848864604136,0.2990393918675459,0.2785309886501382,0.29570069909095764,337344000,0.0,0.0
2000-09-27 00:00:00-04:00,0.2933161690335236,0.3257472202012196,0.2933161690335236,0.31191620230674744,676128000,0.0,0.0
2000-09-28 00:00:00-04:00,0.3090546855395859,0.32336277258039536,0.3014240132575698,0.32145532965660095,333816000,0.0,0.0
2000-09-29 00:00:00-04:00,0.3123933672904968,0.3243169455403547,0.3071472308337997,0.3123933672904968,373872000,0.0,0.0
2000-10-02 00:00:00-04:00,0.3166854739244347,0.32908612258776004,0.29713124305674166,0.305000901222229,340584000,0.0,0.0
2000-10-03 00:00:00-04:00,0.30667020022470076,0.30905473623996366,0.28616178776098217,0.2885463237762451,300264000,0.0,0.0
2000-10-04 00:00:00-04:00,0.2809155300668213,0.28997745076910425,0.27709971734830385,0.28520748019218445,419568000,0.0,0.0
2000-10-05 00:00:00-04:00,0.2873539225686343,0.2873539225686343,0.27256874725554964,0.2785309851169586,525048000,0.0,0.0
2000-10-06 00:00:00-04:00,0.2792461539750768,0.28115359628635794,0.2573074016971703,0.26112228631973267,1027176000,0.0,0.0
2000-10-09 00:00:00-04:00,0.25444586952851816,0.27089948277948717,0.23656007751369948,0.26684561371803284,665256000,0.0,0.0
2000-10-10 00:00:00-04:00,0.25563801739617364,0.2685148482663893,0.24419156344455292,0.24657607078552246,415944000,0.0,0.0
2000-10-11 00:00:00-04:00,0.2315529816791475,0.2623146904491435,0.22225204547001234,0.24872270226478577,535776000,0.0,0.0
2000-10-12 00:00:00-04:00,0.25420690248980504,0.26899205665554793,0.23656009237721837,0.23894552886486053,401616000,0.0,0.0
2000-10-13 00:00:00-04:00,0.24061408781810822,0.25563825847169613,0.23805098903527955,0.24848374724388123,578976000,0.0,0.0
2000-10-16 00:00:00-04:00,0.24848361947338096,0.24848361947338096,0.23703716061313637,0.24276039004325867,339216000,0.0,0.0
2000-10-17 00:00:00-04:00,0.24180713797671793,0.2427603955334752,0.22249099600992392,0.22511360049247742,463248000,0.0,0.0
2000-10-18 00:00:00-04:00,0.210567420728533,0.2344145369362967,0.2005512987041458,0.2215368002653122,416952000,0.0,0.0
2000-10-19 00:00:00-04:00,0.23584479575521422,0.2460990098601779,0.23226799374572113,0.24299930036067963,294888000,0.0,0.0
2000-10-20 00:00:00-04:00,0.23727612387876493,0.27185360331149466,0.23560676367632052,0.2656532824039459,387360000,0.0,0.0
2000-10-23 00:00:00-04:00,0.2677996858390268,0.26946901844316085,0.2513451516740643,0.25969192385673523,182112000,0.0,0.0
2000-10-24 00:00:00-04:00,0.2584997545563491,0.26279170585391354,0.2503919894981067,0.2513452470302582,193968000,0.0,0.0
2000-10-25 00:00:00-04:00,0.24442975343922074,0.2480065296716554,0.22773713036912532,0.22940649092197418,385512000,0.0,0.0
2000-10-26 00:00:00-04:00,0.23083690156585657,0.24800659454880447,0.21462136696573425,0.2391836792230606,265776000,0.0,0.0
2000-10-27 00:00:00-04:00,0.23942177570364398,0.24532449678040355,0.22511367009061775,0.2336985170841217,210960000,0.0,0.0
2000-10-30 00:00:00-05:00,0.2298835736388335,0.2350701895942984,0.21700582342358216,0.21724483370780945,192120000,0.0,0.0
2000-10-31 00:00:00-05:00,0.22582968568205292,0.24085294808507812,0.21891418839649884,0.23709668219089508,299256000,0.0,0.0
2000-11-01 00:00:00-05:00,0.2313139373698873,0.24037586081847107,0.22320617206887244,0.23703716695308685,304536000,0.0,0.0
2000-11-02 00:00:00-05:00,0.24538400549029862,0.2613614304790029,0.24133010815476064,0.2551611065864563,192888000,0.0,0.0
2000-11-03 00:00:00-05:00,0.2518223114385831,0.27662266924082096,0.24991486871125576,0.27185362577438354,268632000,0.0,0.0
2000-11-06 00:00:00-05:00,0.2782920431589191,0.30523885526740363,0.27662268273709056,0.2928391396999359,635040000,0.0,0.0
2000-11-07 00:00:00-05:00,0.28806909542603293,0.28806909542603293,0.26326871538194613,0.2730458378791809,258240000,0.0,0.0
2000-11-08 00:00:00-05:00,0.27614658385325763,0.27614658385325763,0.2608843085963118,0.26493820548057556,187080000,0.0,0.0
2000-11-09 00:00:00-05:00,0.24896066083911572,0.26136130255466505,0.2255906415864456,0.2372761219739914,564528000,0.0,0.0
2000-11-10 00:00:00-05:00,0.2453839022847149,0.2575455345952527,0.2184370784328829,0.2243983894586563,805248000,0.0,0.0
2000-11-13 00:00:00-05:00,0.2131909951771298,0.24991494109495457,0.20603648638278257,0.22535264492034912,530040000,0.0,0.0
2000-11-14 00:00:00-05:00,0.2403758029010258,0.2685149058990185,0.23846838765234485,0.26660746335983276,470736000,0.0,0.0
2000-11-15 00:00:00-05:00,0.26183837539134586,0.2701842205387002,0.2511070946751506,0.2630901634693146,423864000,0.0,0.0
2000-11-16 00:00:00-05:00,0.25563801739617364,0.2623145014983939,0.24419156344455292,0.24657607078552246,235536000,0.0,0.0
2000-11-17 00:00:00-05:00,0.24848361993714763,0.2611223739385102,0.23369843998271222,0.24180713295936584,178776000,0.0,0.0
2000-11-20 00:00:00-05:00,0.23286417277685806,0.23298321395830182,0.2205825860169071,0.22320611774921417,298752000,0.0,0.0
2000-11-21 00:00:00-05:00,0.2327451909400706,0.23465263396100275,0.20746773659583356,0.218914195895195,382512000,0.0,0.0
2000-11-22 00:00:00-05:00,0.20985224182103843,0.21652874215085913,0.19840576979687752,0.207467719912529,409752000,0.0,0.0
2000-11-24 00:00:00-05:00,0.20985227583302135,0.2274990725929718,0.20985227583302135,0.2193903923034668,165072000,0.0,0.0
2000-11-27 00:00:00-05:00,0.23512971901380939,0.23656006926349024,0.20323435757204683,0.21199777722358704,363864000,0.0,0.0
2000-11-28 00:00:00-05:00,0.21521742752557516,0.21748290817242633,0.19149026780684075,0.19619980454444885,382344000,0.0,0.0
2000-11-29 00:00:00-05:00,0.19912095483011352,0.19935905089170483,0.16931252597230725,0.18409769237041473,636408000,0.0,0.0
2000-11-30 00:00:00-05:00,0.16835833012575083,0.16835833012575083,0.1387888997476356,0.15452733635902405,981624000,0.0,0.0
2000-12-01 00:00:00-05:00,0.164066353775675,0.1860051106337926,0.1631121684823013,0.16978958249092102,784080000,0.0,0.0
2000-12-04 00:00:00-05:00,0.17086281049326998,0.17646608383390042,0.15929638389050682,0.1724122017621994,474264000,0.0,0.0
2000-12-05 00:00:00-05:00,0.18457475862939304,0.19125125833579032,0.1674050590190133,0.18362058699131012,997224000,0.0,0.0
2000-12-06 00:00:00-05:00,0.18004382076598024,0.18505097483304794,0.1564347984228931,0.15738897025585175,950928000,0.0,0.0
2000-12-07 00:00:00-05:00,0.14975827895396934,0.16287409763861177,0.14165051430802864,0.15452733635902405,785184000,0.0,0.0
2000-12-08 00:00:00-05:00,0.17050480232590035,0.19077421783068702,0.15458688662643086,0.18982096016407013,853392000,0.0,0.0
2000-12-11 00:00:00-05:00,0.1836206371728775,0.19363583294025705,0.17885157885258543,0.18982096016407013,757632000,0.0,0.0
2000-12-12 00:00:00-05:00,0.18505097626013106,0.18838967029169398,0.17837447513866755,0.18457479774951935,409512000,0.0,0.0
2000-12-13 00:00:00-05:00,0.1838587333284546,0.18695934534871592,0.1669280244429564,0.17026673257350922,675072000,0.0,0.0
2000-12-14 00:00:00-05:00,0.169073466483343,0.17050473055175142,0.1545273009661775,0.1585811823606491,569016000,0.0,0.0
2000-12-15 00:00:00-05:00,0.14856599824484726,0.157866029842929,0.14212668037106518,0.14284276962280273,1094424000,0.0,0.0
2000-12-18 00:00:00-05:00,0.14880408607491755,0.1526198858035099,0.1454653790027139,0.14755231142044067,658872000,0.0,0.0
2000-12-19 00:00:00-05:00,0.14975830227464693,0.1631122054403786,0.13354185622545084,0.13640347123146057,946200000,0.0,0.0
2000-12-20 00:00:00-05:00,0.12948792505674664,0.1483269824264198,0.11494175935899793,0.12161917239427567,1105392000,0.0,0.0
2000-12-21 00:00:00-05:00,0.1199498375419567,0.13640344913186614,0.10492566187516311,0.10635692626237869,845256000,0.0,0.0
2000-12-22 00:00:00-05:00,0.11494181415569978,0.14594251699361424,0.11494181415569978,0.13378086686134338,949080000,0.0,0.0
2000-12-26 00:00:00-05:00,0.13545018150102225,0.1368805315489708,0.11971083193644684,0.1282956749200821,343824000,0.0,0.0
2000-12-27 00:00:00-05:00,0.12686526996052053,0.14212661969100793,0.12161913621719697,0.13688047230243683,339456000,0.0,0.0
2000-12-28 00:00:00-05:00,0.13139634846661838,0.14117346275897522,0.12924990836293598,0.1375957578420639,419232000,0.0,0.0
2000-12-29 00:00:00-05:00,0.13735768104144042,0.1418886439068079,0.12209540415646096,0.12501654028892517,495168000,0.0,0.0
2001-01-02 00:00:00-05:00,0.12591113845642482,0.12758048492267907,0.1137494939030296,0.1142265796661377,290808000,0.0,0.0
2001-01-03 00:00:00-05:00,0.11064886725079268,0.15047341156823688,0.10778724667540195,0.14928114414215088,910368000,0.0,0.0
2001-01-04 00:00:00-05:00,0.14665761528862206,0.17026664212617526,0.14260373403887389,0.1664508432149887,815448000,0.0,0.0
2001-01-05 00:00:00-05:00,0.16501967453152092,0.16573576406977739,0.1383118503549784,0.1415306031703949,432768000,0.0,0.0
2001-01-08 00:00:00-05:00,0.1375957157978238,0.16120474855014247,0.1375957157978238,0.15500442683696747,573768000,0.0,0.0
2001-01-09 00:00:00-05:00,0.15715089385001285,0.1612047768264553,0.1495192927770669,0.15810415148735046,302904000,0.0,0.0
2001-01-10 00:00:00-05:00,0.1499963234544138,0.16978955161946532,0.1464195347157212,0.1690734624862671,392928000,0.0,0.0
2001-01-11 00:00:00-05:00,0.1650196382586121,0.1902980204992346,0.16215802343162206,0.1831435263156891,447648000,0.0,0.0
2001-01-12 00:00:00-05:00,0.18624314652530635,0.19745153241830132,0.1774202096249953,0.17932765185832977,669000000,0.0,0.0
2001-01-16 00:00:00-05:00,0.1802819087085995,0.1802819087085995,0.16239701758323538,0.16525864601135254,414984000,0.0,0.0
2001-01-17 00:00:00-05:00,0.17789734396384116,0.18314349360102433,0.17050475503179566,0.17121993005275726,592584000,0.0,0.0
2001-01-18 00:00:00-05:00,0.17121993689819875,0.20889805808577414,0.16740506502764957,0.20406948029994965,948168000,0.0,0.0
2001-01-19 00:00:00-05:00,0.20985223902633215,0.2174829109817109,0.19554415259799257,0.19864386320114136,1018704000,0.0,0.0
2001-01-22 00:00:00-05:00,0.19268249943398263,0.20031316986041975,0.18528991136111866,0.19077414274215698,377712000,0.0,0.0
2001-01-23 00:00:00-05:00,0.18838969884795656,0.21366718527881362,0.1874364410953189,0.20979277789592743,433632000,0.0,0.0
2001-01-24 00:00:00-05:00,0.2096131976995336,0.21175963671734888,0.1967363784111092,0.20889802277088165,451728000,0.0,0.0
2001-01-25 00:00:00-05:00,0.20174441258858622,0.2022205908905225,0.1836205454412336,0.18791250884532928,440016000,0.0,0.0
2001-01-26 00:00:00-05:00,0.17742026658578938,0.1961402868460556,0.17610897126694391,0.1938748061656952,259248000,0.0,0.0
2001-01-29 00:00:00-05:00,0.18791255200436094,0.19506704496343594,0.1812360522753042,0.19482804834842682,354168000,0.0,0.0
2001-01-30 00:00:00-05:00,0.1979287143067565,0.2032938926506001,0.19411291388556706,0.19912096858024597,243720000,0.0,0.0
2001-01-31 00:00:00-05:00,0.19935903651462092,0.20699062263438692,0.19268253633291316,0.1969745010137558,358344000,0.0,0.0
2001-02-01 00:00:00-05:00,0.19697449130635097,0.19935902668970013,0.18838963449044857,0.19798819720745087,371856000,0.0,0.0
2001-02-02 00:00:00-05:00,0.19816673812547714,0.20269769873699703,0.1774202372490942,0.17885151505470276,320520000,0.0,0.0
2001-02-05 00:00:00-05:00,0.17861254513263702,0.1798048129678577,0.16812025796751442,0.17861254513263702,367584000,0.0,0.0
2001-02-06 00:00:00-05:00,0.17527389151147327,0.1831435766519371,0.1748572471553595,0.17956678569316864,250440000,0.0,0.0
2001-02-07 00:00:00-05:00,0.1783744366035592,0.17980478664548238,0.16168181605782697,0.17121993005275726,720384000,0.0,0.0
2001-02-08 00:00:00-05:00,0.17217417592644804,0.18195128997551577,0.1695506430685526,0.17026673257350922,384288000,0.0,0.0
2001-02-09 00:00:00-05:00,0.16883538014483448,0.17002764760614905,0.16287405648351275,0.1690734624862671,259608000,0.0,0.0
2001-02-12 00:00:00-05:00,0.16716606916810525,0.16907351209041435,0.1564347855717725,0.16454346477985382,354336000,0.0,0.0
2001-02-13 00:00:00-05:00,0.16764321375960756,0.17742032862773463,0.16573577024687625,0.16955065727233887,467736000,0.0,0.0
2001-02-14 00:00:00-05:00,0.1674050709990412,0.18695929369463482,0.1602505639069957,0.18195123970508575,690888000,0.0,0.0
2001-02-15 00:00:00-05:00,0.20699068204281781,0.2189142362656078,0.20555941725038518,0.21533653140068054,1108512000,0.0,0.0
2001-02-16 00:00:00-05:00,0.20436709905855885,0.23274517680519244,0.20412901664942482,0.2270219475030899,1081176000,0.0,0.0
2001-02-20 00:00:00-05:00,0.22129872051169577,0.2260677781176345,0.20412901878085438,0.20436710119247437,701304000,0.0,0.0
2001-02-21 00:00:00-05:00,0.196736433894511,0.222251983671463,0.1945899942713591,0.2136671394109726,646512000,0.0,0.0
2001-02-22 00:00:00-05:00,0.21247488157667577,0.22892940938766593,0.2060364629907969,0.22272908687591553,815304000,0.0,0.0
2001-02-23 00:00:00-05:00,0.2215367960688405,0.22511358575131285,0.20031321250093942,0.20734775066375732,1034664000,0.0,0.0
2001-02-26 00:00:00-05:00,0.20126740358849318,0.2069906469690841,0.1938748268760915,0.20269775390625,751824000,0.0,0.0
2001-02-27 00:00:00-05:00,0.19768970681848438,0.20555939020597605,0.1893438585586427,0.19053612649440765,533832000,0.0,0.0
2001-02-28 00:00:00-05:00,0.18910486095124326,0.20031323836368442,0.16692800338046498,0.17050479352474213,784056000,0.0,0.0
2001-03-01 00:00:00-05:00,0.1683583279160543,0.18695929307575443,0.1526198915112322,0.18397772312164307,915288000,0.0,0.0
2001-03-02 00:00:00-05:00,0.1707428828257442,0.18290543160487374,0.16406638190444597,0.1662723422050476,1413504000,0.0,0.0
2001-03-05 00:00:00-05:00,0.15977349929229417,0.17217415859633256,0.15882024165055322,0.16788126528263092,742296000,0.0,0.0
2001-03-06 00:00:00-05:00,0.17646610570028515,0.19005901790723326,0.17348544975450358,0.18409769237041473,834408000,0.0,0.0
2001-03-07 00:00:00-05:00,0.18815150957965598,0.19935898163338514,0.1848128032918864,0.1988828033208847,938280000,0.0,0.0
2001-03-08 00:00:00-05:00,0.19315961476946514,0.20770578239781026,0.19315961476946514,0.20555934309959412,829344000,0.0,0.0
2001-03-09 00:00:00-05:00,0.19482810344296886,0.19578227535411608,0.1731283372198038,0.19101321697235107,1216776000,0.0,0.0
2001-03-12 00:00:00-05:00,0.1845747850804542,0.19315964293855042,0.17598992722235796,0.18409769237041473,762144000,0.0,0.0
2001-03-13 00:00:00-05:00,0.186482184267009,0.20889803148632408,0.18552799907092274,0.20603640377521515,1082352000,0.0,0.0
2001-03-14 00:00:00-05:00,0.19673645468650564,0.21843713445538418,0.19673645468650564,0.21772104501724243,1351128000,0.0,0.0
2001-03-15 00:00:00-05:00,0.2310757957048345,0.2431779063031021,0.22272902224558935,0.22845225036144257,1875984000,0.0,0.0
2001-03-16 00:00:00-05:00,0.22487552049401044,0.2336984473481929,0.21819810542841428,0.22749905288219452,1225200000,0.0,0.0
2001-03-19 00:00:00-05:00,0.22630581007066655,0.24228324042627963,0.21396560353221425,0.2406139075756073,943896000,0.0,0.0
2001-03-20 00:00:00-05:00,0.23775229524933775,0.2527764829096747,0.2155754433674635,0.21819806098937988,1990560000,0.0,0.0
2001-03-21 00:00:00-05:00,0.2186752234440361,0.2408529829946365,0.21748295543931007,0.23441457748413086,1877352000,0.0,0.0
2001-03-22 00:00:00-05:00,0.23656001628669923,0.25897679157717785,0.23465257375516796,0.25802260637283325,1697760000,0.0,0.0
2001-03-23 00:00:00-05:00,0.26279161019642144,0.2675615803398041,0.2427603009012685,0.2556380331516266,1509672000,0.0,0.0
2001-03-26 00:00:00-05:00,0.2556380898522604,0.2708994323890027,0.2556380898522604,0.26946908235549927,1542960000,0.0,0.0
2001-03-27 00:00:00-05:00,0.26422288372638436,0.27352291307955673,0.2484835244085493,0.25969192385673523,1702152000,0.0,0.0
2001-03-28 00:00:00-05:00,0.2525374324295069,0.26660743259842207,0.25182225754447496,0.2598704993724823,1433280000,0.0,0.0
2001-03-29 00:00:00-05:00,0.2576049566176625,0.27280770074165367,0.2522993020491755,0.2637457549571991,1632960000,0.0,0.0
2001-03-30 00:00:00-05:00,0.26183841016743914,0.26684556314433944,0.24609907446235166,0.24770888686180115,1423176000,0.0,0.0
2001-04-02 00:00:00-04:00,0.24705321828471008,0.2530145561904584,0.23417548396126708,0.2372761219739914,1265160000,0.0,0.0
2001-04-03 00:00:00-04:00,0.2336984469488258,0.2515842660943274,0.23346036452682511,0.24514493346214294,1991616000,0.0,0.0
2001-04-04 00:00:00-04:00,0.23584491864160742,0.23632201140019019,0.20532129790644768,0.21986748278141022,3362472000,0.0,0.0
2001-04-05 00:00:00-04:00,0.2344144977324634,0.24395261123473388,0.2279751801804782,0.2401377260684967,1724760000,0.0,0.0
2001-04-06 00:00:00-04:00,0.23703722539684435,0.2518224093645651,0.23298332810155475,0.2391836792230606,1547664000,0.0,0.0
2001-04-09 00:00:00-04:00,0.24380983863713368,0.24972352900883327,0.2237785067555689,0.22755584120750427,1097160000,0.0,0.0
2001-04-10 00:00:00-04:00,0.23301165820490558,0.2564009068714901,0.23087527530715757,0.24903669953346252,1186416000,0.0,0.0
2001-04-11 00:00:00-04:00,0.26437497817547545,0.2739524731724236,0.2567827585515134,0.2640700340270996,1426872000,0.0,0.0
2001-04-12 00:00:00-04:00,0.25918656260548806,0.27948434491629676,0.25422610267418677,0.268037885427475,1440264000,0.0,0.0
2001-04-16 00:00:00-04:00,0.2632688171182927,0.2688015864473065,0.256705885525884,0.2615133821964264,764112000,0.0,0.0
2001-04-17 00:00:00-04:00,0.2576600338660195,0.2764322487752503,0.25754557746124107,0.2743334174156189,1112448000,0.0,0.0
2001-04-18 00:00:00-04:00,0.28589443676577575,0.3220277384849276,0.28589443676577575,0.29478514194488525,2301864000,0.0,0.0
2001-04-19 00:00:00-04:00,0.2964635500560615,0.32519420747884403,0.29512844372957897,0.32011929154396057,1632264000,0.0,0.0
2001-04-20 00:00:00-04:00,0.31626611333212534,0.34335580609092375,0.3079101916165606,0.3317948579788208,1773840000,0.0,0.0
2001-04-23 00:00:00-04:00,0.3245833306445782,0.3248891753064368,0.31096204044058234,0.31428149342536926,1239000000,0.0,0.0
2001-04-24 00:00:00-04:00,0.31340435884574325,0.33686964238965456,0.2871159536180084,0.2920379340648651,1828320000,0.0,0.0
2001-04-25 00:00:00-04:00,0.2928006483195077,0.31588404918375845,0.2916944549843243,0.30546775460243225,1423728000,0.0,0.0
2001-04-26 00:00:00-04:00,0.3121067375763789,0.3121067375763789,0.27853103572993465,0.2813926637172699,1486008000,0.0,0.0
2001-04-27 00:00:00-04:00,0.2922668029266826,0.3026830988893726,0.28658112562313964,0.3014239966869354,915672000,0.0,0.0
2001-04-30 00:00:00-04:00,0.30962698767392527,0.3355720205931088,0.3030640567573388,0.31782999634742737,1583280000,0.0,0.0
2001-05-01 00:00:00-04:00,0.3189746664581896,0.348354539734792,0.3138237461177357,0.3475148379802704,1867368000,0.0,0.0
2001-05-02 00:00:00-04:00,0.356557560379066,0.356557560379066,0.3349997474611327,0.3395407795906067,1547784000,0.0,0.0
2001-05-03 00:00:00-04:00,0.3292764154475017,0.33957825411353826,0.3272160640885982,0.3380526602268219,960504000,0.0,0.0
2001-05-04 00:00:00-04:00,0.32813182625471876,0.3480871391736073,0.3266062593957536,0.3427073061466217,953520000,0.0,0.0
2001-05-07 00:00:00-04:00,0.34140982488624133,0.36056389251705523,0.3374035497105347,0.358084112405777,975600000,0.0,0.0
2001-05-08 00:00:00-04:00,0.36338691307227344,0.3635398490749201,0.32912441805964787,0.3321765065193176,1620144000,0.0,0.0
2001-05-09 00:00:00-04:00,0.32160733686067744,0.32858966847018917,0.3143960651613005,0.31660935282707214,1319040000,0.0,0.0
2001-05-10 00:00:00-04:00,0.32576642304825365,0.3296197600694358,0.3021867197042453,0.30596405267715454,998904000,0.0,0.0
2001-05-11 00:00:00-04:00,0.3052013999376097,0.30714729552555764,0.29203795650088527,0.29814213514328003,921216000,0.0,0.0
2001-05-14 00:00:00-04:00,0.2990201974720484,0.3042471209054098,0.288260533188672,0.30069872736930847,702432000,0.0,0.0
2001-05-15 00:00:00-04:00,0.303331482883796,0.3243169865307638,0.299897517676059,0.31149691343307495,1242600000,0.0,0.0
2001-05-16 00:00:00-04:00,0.3043616095993898,0.3281318070905633,0.3024157144026711,0.3261859118938446,957096000,0.0,0.0
2001-05-17 00:00:00-04:00,0.3272545575851654,0.34148664031569087,0.32221812129268823,0.3319476246833801,919056000,0.0,0.0
2001-05-18 00:00:00-04:00,0.3308414167438757,0.3395782820410488,0.3227904165090295,0.329276442527771,575832000,0.0,0.0
2001-05-21 00:00:00-04:00,0.32855220672488217,0.35102482723281414,0.32195079479648536,0.344156950712204,1064688000,0.0,0.0
2001-05-22 00:00:00-04:00,0.34919331335843645,0.35789262721556964,0.3357634079952088,0.35445868968963623,1049976000,0.0,0.0
2001-05-23 00:00:00-04:00,0.3683858848402906,0.3815493267192958,0.34720989413718717,0.35144510865211487,2244912000,0.0,0.0
2001-05-24 00:00:00-04:00,0.3491173570549655,0.3656762853465084,0.3386250825754943,0.35663357377052307,1680576000,0.0,0.0
2001-05-25 00:00:00-04:00,0.3494607285208534,0.3546501011207894,0.34339410243438323,0.3498801290988922,947952000,0.0,0.0
2001-05-29 00:00:00-04:00,0.3478967061254582,0.34797271020476256,0.3308030202679893,0.3355345129966736,920568000,0.0,0.0
2001-05-30 00:00:00-04:00,0.32763639212248674,0.3442713216442689,0.32584250512018126,0.329276442527771,3308904000,0.0,0.0
2001-05-31 00:00:00-04:00,0.33190908072655156,0.3338549755693913,0.3195853711539481,0.326643705368042,1262928000,0.0,0.0
2001-06-01 00:00:00-04:00,0.32889553171908026,0.34751480927510875,0.32698716097450126,0.3447291851043701,1022472000,0.0,0.0
2001-06-04 00:00:00-04:00,0.344958245892346,0.34678968533163357,0.33484779086738586,0.3393879234790802,621552000,0.0,0.0
2001-06-05 00:00:00-04:00,0.33900596070124556,0.3607542592153811,0.33843365141956294,0.3572058379650116,987168000,0.0,0.0
2001-06-06 00:00:00-04:00,0.3585419145435352,0.36342544269312266,0.35331408928121427,0.3587324023246765,698976000,0.0,0.0
2001-06-07 00:00:00-04:00,0.35556573186470786,0.38002268964822655,0.35293304428564287,0.3789925277233124,1141152000,0.0,0.0
2001-06-08 00:00:00-04:00,0.37784801386951083,0.3784203232172708,0.3652184283998426,0.3691486716270447,712680000,0.0,0.0
2001-06-11 00:00:00-04:00,0.36968254838546055,0.37010284956732653,0.3526272880640854,0.358350545167923,581928000,0.0,0.0
2001-06-12 00:00:00-04:00,0.35083425266941304,0.37563460962443984,0.3500714557218893,0.3702932298183441,1102728000,0.0,0.0
2001-06-13 00:00:00-04:00,0.3730019411415548,0.3786491932382022,0.3546500570163157,0.35785508155822754,938712000,0.0,0.0
2001-06-14 00:00:00-04:00,0.35323811772473357,0.3631965633088478,0.3481632007398298,0.3570914566516876,946152000,0.0,0.0
2001-06-15 00:00:00-04:00,0.35293313699225587,0.3689581794191099,0.3463701785418044,0.3626626133918762,1094544000,0.0,0.0
2001-06-18 00:00:00-04:00,0.36174681432388944,0.3676220503914059,0.34434819040179526,0.3483159840106964,856656000,0.0,0.0
2001-06-19 00:00:00-04:00,0.35487900588751237,0.36315799103126667,0.32221810725301886,0.329276442527771,1513128000,0.0,0.0
2001-06-20 00:00:00-04:00,0.32320972846835716,0.3472097592948427,0.31649479150367094,0.3434324264526367,1759200000,0.0,0.0
2001-06-21 00:00:00-04:00,0.34205904713537433,0.35598526069210656,0.3329018511450281,0.3499186336994171,1484568000,0.0,0.0
2001-06-22 00:00:00-04:00,0.34816313006670013,0.3574732329825707,0.34377593496471376,0.3483545184135437,761184000,0.0,0.0
2001-06-25 00:00:00-04:00,0.35224639754762066,0.3536959605309487,0.33751797962322283,0.3476678133010864,640032000,0.0,0.0
2001-06-26 00:00:00-04:00,0.3399600850428965,0.3594190883551733,0.3386249789606404,0.3577021062374115,757920000,0.0,0.0
2001-06-27 00:00:00-04:00,0.3559851127331394,0.35674790961207936,0.34057086294029565,0.346637487411499,895752000,0.0,0.0
2001-06-28 00:00:00-04:00,0.35129211624993667,0.3557946951856924,0.3472098384178411,0.35071977972984314,909336000,0.0,0.0
2001-06-29 00:00:00-04:00,0.35197892309442586,0.35941913440719214,0.34801110149304043,0.35388636589050293,730920000,0.0,0.0
2001-07-02 00:00:00-04:00,0.3398840824612615,0.342745682949273,0.3330922125979917,0.33820465207099915,1040016000,0.0,0.0
2001-07-03 00:00:00-04:00,0.3358779354466485,0.3460652937825218,0.3341609799657176,0.3425168991088867,406296000,0.0,0.0
2001-07-05 00:00:00-04:00,0.33843360271142736,0.3405324063584869,0.3172576165266706,0.31767794489860535,1020096000,0.0,0.0
2001-07-06 00:00:00-04:00,0.312908039217892,0.3153502671016426,0.3018049491514248,0.3079100549221039,802824000,0.0,0.0
2001-07-09 00:00:00-04:00,0.3039037031765245,0.3112679094068617,0.2949369985124738,0.2978370785713196,1014072000,0.0,0.0
2001-07-10 00:00:00-04:00,0.30180488585576687,0.3058111594100411,0.29665399390370667,0.30027931928634644,1221744000,0.0,0.0
2001-07-11 00:00:00-04:00,0.29913486473656525,0.3045147001800451,0.2904355464888341,0.29970717430114746,904632000,0.0,0.0
2001-07-12 00:00:00-04:00,0.3138237638073346,0.3176395779494521,0.30619309069106315,0.3154262900352478,981552000,0.0,0.0
2001-07-13 00:00:00-04:00,0.31309944985528404,0.31653338788468943,0.30237730727738044,0.3089017868041992,690144000,0.0,0.0
2001-07-16 00:00:00-04:00,0.30543020946886174,0.30905463424380886,0.28253729583565834,0.28406286239624023,1191696000,0.0,0.0
2001-07-17 00:00:00-04:00,0.27929383395644425,0.302720632988386,0.27662266640565936,0.2999359369277954,1169904000,0.0,0.0
2001-07-18 00:00:00-04:00,0.292800635338612,0.3008891586352632,0.2834145304517849,0.28955715894699097,840984000,0.0,0.0
2001-07-19 00:00:00-04:00,0.29375481882169546,0.3064604052605922,0.289252240058133,0.2942126989364624,840024000,0.0,0.0
2001-07-20 00:00:00-04:00,0.28688695843089723,0.2934114365403626,0.2766226710285873,0.28574231266975403,742464000,0.0,0.0
2001-07-23 00:00:00-04:00,0.28616173593834116,0.2865435847513265,0.2583468117119491,0.25869020819664,1547976000,0.0,0.0
2001-07-24 00:00:00-04:00,0.26216261191795825,0.2764322471397149,0.25662987012361804,0.27620333433151245,1365312000,0.0,0.0
2001-07-25 00:00:00-04:00,0.27570692740537905,0.2762417121191449,0.26433737600859375,0.27353209257125854,1245888000,0.0,0.0
2001-07-26 00:00:00-04:00,0.2709379330995898,0.30333143950586916,0.2695643472129247,0.3014239966869354,1714152000,0.0,0.0
2001-07-27 00:00:00-04:00,0.3008516641952672,0.31237415379525674,0.2918849580651808,0.3090546727180481,1094688000,0.0,0.0
2001-07-30 00:00:00-04:00,0.3094365764695673,0.31069567891257127,0.29837103718938657,0.3016905188560486,582288000,0.0,0.0
2001-07-31 00:00:00-04:00,0.30211087303595063,0.3100089394837273,0.29112223748994426,0.3086729049682617,1187760000,0.0,0.0
2001-08-01 00:00:00-04:00,0.31473954320218683,0.3291245385861975,0.31256470730173685,0.32752203941345215,1204944000,0.0,0.0
2001-08-02 00:00:00-04:00,0.33168018654875303,0.3364876820918681,0.3204626423671393,0.33530551195144653,1097928000,0.0,0.0
2001-08-03 00:00:00-04:00,0.33194767838814615,0.3378238173272409,0.3256905638706521,0.33267292380332947,820344000,0.0,0.0
2001-08-06 00:00:00-04:00,0.33030676947725346,0.34614135684663677,0.32675837419900816,0.3427458703517914,1292568000,0.0,0.0
2001-08-07 00:00:00-04:00,0.34266887701152926,0.34434830788555026,0.3336646178912093,0.3376708924770355,1088616000,0.0,0.0
2001-08-08 00:00:00-04:00,0.33473317041172934,0.34339403069537616,0.3275979039734446,0.32908594608306885,1125696000,0.0,0.0
2001-08-09 00:00:00-04:00,0.3275595701140124,0.3340080460198898,0.31744911638668605,0.32332438230514526,1643616000,0.0,0.0
2001-08-10 00:00:00-04:00,0.3231722425812007,0.32736897669978365,0.3132513792656836,0.3229433298110962,1036488000,0.0,0.0
2001-08-13 00:00:00-04:00,0.32847510265968133,0.34015049754367976,0.32359157665239324,0.33648762106895447,1514784000,0.0,0.0
2001-08-14 00:00:00-04:00,0.3303836375790349,0.3325199936504106,0.3234012775227042,0.32755956053733826,2321160000,0.0,0.0
2001-08-15 00:00:00-04:00,0.33496210850137814,0.33889145005903776,0.32504121834070215,0.32794129848480225,1816392000,0.0,0.0
2001-08-16 00:00:00-04:00,0.321913140148561,0.3422493980307349,0.3206155857188539,0.3417530655860901,1026096000,0.0,0.0
2001-08-17 00:00:00-04:00,0.33309227273208986,0.33744191608370266,0.3169142673843455,0.3196238875389099,1668840000,0.0,0.0
2001-08-20 00:00:00-04:00,0.3176011083670274,0.32084458596803983,0.3076811429435522,0.3174106478691101,1183320000,0.0,0.0
2001-08-21 00:00:00-04:00,0.3182117414397162,0.3266061357211357,0.31023767545053393,0.3107330799102783,1186656000,0.0,0.0
2001-08-22 00:00:00-04:00,0.3162275652487293,0.3238591395732409,0.30619311561891804,0.32351574301719666,1498104000,0.0,0.0
2001-08-23 00:00:00-04:00,0.3224085315886963,0.32656771379652305,0.3147778606223947,0.31634190678596497,1013592000,0.0,0.0
2001-08-24 00:00:00-04:00,0.3197384102474746,0.33190921608686547,0.31786851869710064,0.3253847360610962,1110936000,0.0,0.0
2001-08-27 00:00:00-04:00,0.318097467219423,0.34095193743218977,0.3168768170038562,0.33664074540138245,1279608000,0.0,0.0
2001-08-28 00:00:00-04:00,0.33572494932250085,0.3432036131272279,0.3296583237456187,0.33225253224372864,1178760000,0.0,0.0
2001-08-29 00:00:00-04:00,0.33316826416523443,0.33526706804589274,0.3187841737458885,0.3215697705745697,1435800000,0.0,0.0
2001-08-30 00:00:00-04:00,0.31554065043152024,0.3227903730674601,0.30810044007113524,0.32053953409194946,1431312000,0.0,0.0
2001-08-31 00:00:00-04:00,0.31840247496891466,0.32614853546904665,0.3142057381667701,0.3232100009918213,887904000,0.0,0.0
2001-09-04 00:00:00-04:00,0.32233253175705184,0.32233253175705184,0.2984854327227424,0.3007371723651886,1856136000,0.0,0.0
2001-09-05 00:00:00-04:00,0.30046979093762116,0.3094364963379445,0.28826053666920526,0.30714720487594604,2395584000,0.0,0.0
2001-09-06 00:00:00-04:00,0.3010804944669501,0.3105810540714847,0.2932199847005324,0.29459354281425476,1950768000,0.0,0.0
2001-09-07 00:00:00-04:00,0.2899775165877773,0.3021867991979304,0.28845102195276984,0.2976841926574707,1970256000,0.0,0.0
2001-09-10 00:00:00-04:00,0.2951659311279417,0.29970696182728934,0.283071134542977,0.2890617549419403,1872360000,0.0,2.0
2001-09-17 00:00:00-04:00,0.2710522768185115,0.27769123612360586,0.25807930222638964,0.2593768835067749,1138596000,0.0,0.0
2001-09-18 00:00:00-04:00,0.2644134378360257,0.26632088073003835,0.2378576431123008,0.24373380839824677,894372000,0.0,0.0
2001-09-19 00:00:00-04:00,0.24510739226014608,0.24793054121136104,0.2064943324812224,0.2407577484846115,1561908000,0.0,0.0
2001-09-20 00:00:00-04:00,0.22786069171655626,0.23617905540766648,0.21366707840462737,0.2203829437494278,1470696000,0.0,0.0
2001-09-21 00:00:00-04:00,0.20336530781637327,0.21580441793509386,0.19848178015740492,0.20580752193927765,1226304000,0.0,0.0
2001-09-24 00:00:00-04:00,0.22213751459500664,0.23228731898245059,0.2122935413012419,0.22892938554286957,1507500000,0.0,0.0
2001-09-25 00:00:00-04:00,0.22961621055203227,0.23953617565385352,0.21931438294402186,0.22000117599964142,941724000,0.0,0.0
2001-09-26 00:00:00-04:00,0.22282427201981264,0.2235879832053119,0.20985222087629637,0.21206459403038025,430812000,0.0,0.0
2001-09-27 00:00:00-04:00,0.21130176871400255,0.21366707755029068,0.19466594198490433,0.20031316578388214,907296000,0.0,0.0
2001-09-28 00:00:00-04:00,0.20603641895845973,0.21984818519241497,0.1972611020387099,0.2096232920885086,1044876000,0.0,0.0
2001-10-01 00:00:00-04:00,0.20947031050772205,0.21290424666885288,0.18848481759260466,0.19184274971485138,972804000,0.0,0.0
2001-10-02 00:00:00-04:00,0.1915378303372578,0.19916849982734258,0.17291763116481737,0.1822277307510376,1123032000,0.0,0.0
2001-10-03 00:00:00-04:00,0.18131207713096595,0.22961618453515575,0.18131207713096595,0.21809370815753937,1798824000,0.0,0.0
2001-10-04 00:00:00-04:00,0.22969227033481737,0.25792750609529835,0.22175665110553744,0.24640411138534546,1980576000,0.0,0.0
2001-10-05 00:00:00-04:00,0.24266502000338297,0.2570875834178305,0.2334318536433551,0.2510594129562378,1078212000,0.0,0.0
2001-10-08 00:00:00-04:00,0.2411386906390092,0.2662449274301193,0.2411386906390092,0.2567059099674225,765900000,0.0,0.0
2001-10-09 00:00:00-04:00,0.25739267437228247,0.26250604356512036,0.23823953605413717,0.245565265417099,917556000,0.0,0.0
2001-10-10 00:00:00-04:00,0.24121564219227076,0.2632688635672338,0.23961314301935852,0.26136142015457153,968124000,0.0,0.0
2001-10-11 00:00:00-04:00,0.27532605015374256,0.2904354142192742,0.2738755594997669,0.2896716892719269,918000000,0.0,0.0
2001-10-12 00:00:00-04:00,0.282345895385511,0.3090546209625401,0.2813541584500517,0.30852076411247253,1253100000,0.0,0.0
2001-10-15 00:00:00-04:00,0.2995156056542924,0.3166853189097878,0.2911221373514499,0.30714720487594604,908568000,0.0,0.0
2001-10-16 00:00:00-04:00,0.3067653500446909,0.3404939597640495,0.30043133267981464,0.3380526602268219,1383852000,0.0,0.0
2001-10-17 00:00:00-04:00,0.3455305105015225,0.3456834465501172,0.3166854181270015,0.3182119131088257,1695540000,0.0,0.0
2001-10-18 00:00:00-04:00,0.3182119108734629,0.334770840365553,0.31744911368141426,0.331642746925354,1020864000,0.0,0.0
2001-10-19 00:00:00-04:00,0.3269110050909259,0.3433939193319298,0.32279027653067494,0.3385103940963745,1059264000,0.0,0.0
2001-10-22 00:00:00-04:00,0.33599240863080837,0.3510248154237739,0.3285137160464595,0.34652313590049744,970824000,0.0,0.0
2001-10-23 00:00:00-04:00,0.35094876409253006,0.35720585053542775,0.3327104065680759,0.3404180109500885,953028000,0.0,0.0
2001-10-24 00:00:00-04:00,0.3342369863638904,0.3562902063330938,0.3304211719042145,0.35545140504837036,1212144000,0.0,0.0
2001-10-25 00:00:00-04:00,0.34720986081089644,0.3826170039753274,0.34186757991001626,0.3762839138507843,1152396000,0.0,0.0
2001-10-26 00:00:00-04:00,0.3736886528660236,0.384906195389514,0.34720977039454437,0.3494221568107605,1097124000,0.0,0.0
2001-10-29 00:00:00-05:00,0.3506438091885071,0.3567479867125312,0.3206540767636712,0.3210349977016449,1004796000,0.0,0.0
2001-10-30 00:00:00-05:00,0.31515982669920356,0.335305630814717,0.3079101012010498,0.3205012083053589,1153380000,0.0,0.0
2001-10-31 00:00:00-05:00,0.3324814814432313,0.3414866401176766,0.32240858157360797,0.3270640969276428,989292000,0.0,0.0
2001-11-01 00:00:00-05:00,0.331260845353182,0.3576637324058893,0.32622438156282346,0.3549934923648834,1093776000,0.0,0.0
2001-11-02 00:00:00-05:00,0.35339095629117084,0.36430262928365115,0.3403419725803622,0.35995298624038696,1087248000,0.0,0.0
2001-11-05 00:00:00-05:00,0.3662109484470864,0.37620691432746417,0.3589611987144004,0.36125048995018005,933456000,0.0,0.0
2001-11-06 00:00:00-05:00,0.3605639265924516,0.3877305198515635,0.3586564830219456,0.38605108857154846,1415376000,0.0,0.0
2001-11-07 00:00:00-05:00,0.3830748122373603,0.40123716245316937,0.3808624527931596,0.38635674118995667,1419144000,0.0,0.0
2001-11-08 00:00:00-05:00,0.3911643889759893,0.39635283433046037,0.3681945358970975,0.37964099645614624,1915188000,0.0,0.0
2001-11-09 00:00:00-05:00,0.39642974518065915,0.4062737061953354,0.3891040162710791,0.4059678614139557,2270484000,0.0,0.0
2001-11-12 00:00:00-05:00,0.40444223265280554,0.4272582732302965,0.392080040587332,0.41688042879104614,1458636000,0.0,0.0
2001-11-13 00:00:00-05:00,0.4181780055500739,0.4182540096219028,0.40749431648738693,0.41344648599624634,1446516000,0.0,0.0
2001-11-14 00:00:00-05:00,0.4164986581442571,0.4204673814321863,0.3907065552246612,0.40192410349845886,1150224000,0.0,0.0
2001-11-15 00:00:00-05:00,0.39734539745123404,0.40955468017831714,0.39230896121106246,0.40406036376953125,874944000,0.0,0.0
2001-11-16 00:00:00-05:00,0.404442365939643,0.40871510618177986,0.395132259669886,0.40055057406425476,496128000,0.0,0.0
2001-11-19 00:00:00-05:00,0.4045182486219137,0.40825713059229746,0.37010283932661614,0.3917742073535919,1943052000,0.0,0.0
2001-11-20 00:00:00-05:00,0.39368253037465956,0.40055040512535667,0.37643591155487416,0.3807855546474457,937884000,0.0,0.0
2001-11-21 00:00:00-05:00,0.37437559167149037,0.38589898334581746,0.36476057096548375,0.37590208649635315,728412000,0.0,0.0
2001-11-23 00:00:00-05:00,0.37735171406420154,0.3815493773924802,0.37086568644266726,0.3811675012111664,254016000,0.0,0.0
2001-11-26 00:00:00-05:00,0.38757733647409176,0.40894378011702315,0.38650869499307067,0.4084099233150482,1215780000,0.0,0.0
2001-11-27 00:00:00-05:00,0.408181166904471,0.42199295080849475,0.40062649755432517,0.4127597510814667,1183992000,0.0,0.0
2001-11-28 00:00:00-05:00,0.4074942194244372,0.4142860890340387,0.39101130080005003,0.391927033662796,740844000,0.0,0.0
2001-11-29 00:00:00-05:00,0.42039035712144357,0.42252764070226934,0.4074943084944904,0.4090968072414398,5135472000,0.0,0.0
2001-11-30 00:00:00-05:00,0.40894384512921084,0.4199324494160378,0.40291567245369886,0.41695636510849,1034028000,0.0,0.0
2001-12-03 00:00:00-05:00,0.408181054734243,0.4132934945484333,0.4032975276916875,0.4106232821941376,851496000,0.0,0.0
2001-12-04 00:00:00-05:00,0.4126835665942051,0.4441229076683569,0.4126835665942051,0.4436650276184082,1384644000,0.0,0.0
2001-12-05 00:00:00-05:00,0.4471751071686876,0.48036986553989647,0.4467941862173272,0.4794541597366333,1707036000,0.0,0.0
2001-12-06 00:00:00-05:00,0.47571517317689943,0.4769358228104747,0.45991904777428333,0.4718993604183197,1138944000,0.0,0.0
2001-12-07 00:00:00-05:00,0.46838945411928273,0.47266309267672746,0.4493122992565375,0.4574768543243408,807036000,0.0,0.0
2001-12-10 00:00:00-05:00,0.45518768804351395,0.47251028649497795,0.45137280183302847,0.4620555639266968,695868000,0.0,0.0
2001-12-11 00:00:00-05:00,0.4701451160140529,0.4895271697785044,0.46548962645364306,0.47861549258232117,792252000,0.0,0.0
2001-12-12 00:00:00-05:00,0.482278274869947,0.4937247347766459,0.4729681709092134,0.4934958219528198,1004628000,0.0,0.0
2001-12-13 00:00:00-05:00,0.48380381690091045,0.489984899125109,0.4773937672965791,0.47930213809013367,881400000,0.0,0.0
2001-12-14 00:00:00-05:00,0.479225144164743,0.503262730186592,0.47701275750026456,0.5008974075317383,754680000,0.0,0.0
2001-12-17 00:00:00-05:00,0.49708157850660933,0.5261556263005441,0.49708157850660933,0.518906831741333,1080960000,0.0,0.0
2001-12-18 00:00:00-05:00,0.5075364606197419,0.5147092799456491,0.5012793470665774,0.5055521130561829,886968000,0.0,0.0
2001-12-19 00:00:00-05:00,0.4972346654707376,0.5073835704101033,0.4898329326786444,0.4917403757572174,854652000,0.0,0.0
2001-12-20 00:00:00-05:00,0.49372481054772926,0.5026530670194662,0.4706029743620376,0.47235748171806335,951228000,0.0,0.0
2001-12-21 00:00:00-05:00,0.48265931116906513,0.49601414526609633,0.47708904321075024,0.49280914664268494,723972000,0.0,0.0
2001-12-24 00:00:00-05:00,0.49258005771671043,0.507612434681833,0.49235109033898566,0.5050942301750183,265308000,0.0,0.0
2001-12-26 00:00:00-05:00,0.5076122816806046,0.526079600393456,0.507536304924055,0.5174562931060791,642156000,0.0,0.0
2001-12-27 00:00:00-05:00,0.52195914657893,0.5318031091335395,0.5211963766157981,0.5294378399848938,730152000,0.0,0.0
2001-12-28 00:00:00-05:00,0.5325656901668232,0.5360765044712692,0.5115810930058162,0.5166935324668884,757680000,0.0,0.0
2001-12-31 00:00:00-05:00,0.5205093656300055,0.5234854498951063,0.5093677982135297,0.5105124711990356,737580000,0.0,0.0
2002-01-02 00:00:00-05:00,0.5127258450640699,0.5223408928690091,0.4998288948547213,0.5135646462440491,1298904000,0.0,0.0
2002-01-03 00:00:00-05:00,0.5146332538838965,0.5494305648356003,0.5143283643029696,0.5472172498703003,1414752000,0.0,0.0
2002-01-04 00:00:00-05:00,0.5544669956198562,0.5544669956198562,0.5219590297233387,0.5312691330909729,936288000,0.0,0.0
2002-01-07 00:00:00-05:00,0.5334056034550634,0.5341684279922743,0.5098258870273237,0.5169987082481384,973068000,0.0,0.0
2002-01-08 00:00:00-05:00,0.5159308941572556,0.5355419106123162,0.5141754592677683,0.5231037139892578,774360000,0.0,0.0
2002-01-09 00:00:00-05:00,0.5303533740055323,0.5398914613470406,0.5086050764621132,0.5159308314323425,1141188000,0.0,0.0
2002-01-10 00:00:00-05:00,0.5131837573016079,0.5202036415867614,0.49906615618592765,0.503568708896637,992508000,0.0,0.0
2002-01-11 00:00:00-05:00,0.5069256591595062,0.5070785405845429,0.47930209794067175,0.48128557205200195,1380852000,0.0,0.0
2002-01-14 00:00:00-05:00,0.48021782736453233,0.4835748874833585,0.4560273289680481,0.4560273289680481,1369560000,0.0,0.0
2002-01-15 00:00:00-05:00,0.4750283781982754,0.49891302661585574,0.4744945213742984,0.4986080825328827,1838808000,0.0,0.0
2002-01-16 00:00:00-05:00,0.49181635551029956,0.4950213529584127,0.4773177810530094,0.47914919257164,1115388000,0.0,0.0
2002-01-17 00:00:00-05:00,0.4950214626359748,0.49601407327128344,0.4770889739628533,0.49593716859817505,1121544000,0.0,0.0
2002-01-18 00:00:00-05:00,0.4772417416338504,0.4902907531625508,0.47693592418837155,0.4868567883968353,803676000,0.0,0.0
2002-01-22 00:00:00-05:00,0.4914354594672909,0.49273214095039325,0.4691523727035193,0.4746467173099518,1085028000,0.0,0.0
2002-01-23 00:00:00-05:00,0.47892040035093497,0.4870089273673619,0.4694582870592089,0.4835750162601471,889164000,0.0,0.0
2002-01-24 00:00:00-05:00,0.48838230939573113,0.5059338702411859,0.4780804712203644,0.5008974075317383,1137684000,0.0,0.0
2002-01-25 00:00:00-05:00,0.4937246395532997,0.5120390264527975,0.4876195892087274,0.4995999038219452,817752000,0.0,0.0
2002-01-28 00:00:00-05:00,0.5093678314574934,0.5189069009816393,0.5043314228193995,0.5188299417495728,924288000,0.0,0.0
2002-01-29 00:00:00-05:00,0.5200515096750403,0.5215771036147682,0.4853302338707271,0.49341881275177,1381932000,0.0,0.0
2002-01-30 00:00:00-05:00,0.4960140802367231,0.4997529900956677,0.48418577019553094,0.49937114119529724,1218456000,0.0,0.0
2002-01-31 00:00:00-05:00,0.5058580152174482,0.5097498063390514,0.48494851417869683,0.5016604065895081,973980000,0.0,0.0
2002-02-01 00:00:00-05:00,0.5008215081193289,0.5061628611763358,0.4864749419726392,0.4893749952316284,688272000,0.0,0.0
2002-02-04 00:00:00-05:00,0.48830652494678184,0.5002108675985592,0.4655665363618651,0.46632930636405945,1104864000,0.0,0.0
2002-02-05 00:00:00-05:00,0.46320009456768924,0.4672447656509363,0.4435890561997562,0.46175047755241394,1474620000,0.0,0.0
2002-02-06 00:00:00-05:00,0.47395980196043636,0.48143843791183266,0.4647266047343731,0.47327300906181335,1242528000,0.0,0.0
2002-02-07 00:00:00-05:00,0.4738838686405687,0.4738838686405687,0.45572246913737774,0.4579348564147949,964476000,0.0,0.0
2002-02-08 00:00:00-05:00,0.46098782503003605,0.4635820610417318,0.4229855423200587,0.4404601752758026,1871292000,0.0,0.0
2002-02-11 00:00:00-05:00,0.43977335517346433,0.46548947536680474,0.4381708564440091,0.46480268239974976,1249224000,0.0,0.0
2002-02-12 00:00:00-05:00,0.45778284436751815,0.48342296455129025,0.4525174671737057,0.4746467173099518,1216500000,0.0,0.0
2002-02-13 00:00:00-05:00,0.48075165406656734,0.4888402330012564,0.4639638438015369,0.4685424268245697,1230432000,0.0,0.0
2002-02-14 00:00:00-05:00,0.47251028383779364,0.48418571098026514,0.4665581684373278,0.4743417501449585,1225692000,0.0,0.0
2002-02-15 00:00:00-05:00,0.4525173023197689,0.455187541691186,0.433058299616715,0.4376368820667267,3988548000,0.0,0.0
2002-02-19 00:00:00-05:00,0.4189408247486527,0.4232904684184744,0.40528105020969185,0.40863898396492004,1972524000,0.0,0.0
2002-02-20 00:00:00-05:00,0.40138925556973454,0.43458401490562965,0.4006264584769637,0.43000543117523193,1838736000,0.0,0.0
2002-02-21 00:00:00-05:00,0.42413005900737794,0.42428206710944294,0.4000924747468316,0.4006263315677643,1531044000,0.0,0.0
2002-02-22 00:00:00-05:00,0.3926138984497907,0.3971924817312212,0.37582603265630254,0.38093850016593933,2585616000,0.0,0.0
2002-02-25 00:00:00-05:00,0.38269400045087665,0.41375147834864495,0.38261706849272975,0.41077539324760437,1599564000,0.0,0.0
2002-02-26 00:00:00-05:00,0.41978062416894946,0.42695344568056376,0.4086390790303548,0.4197036921977997,1902672000,0.0,0.0
2002-02-27 00:00:00-05:00,0.429242673327265,0.4310741124449713,0.40444228209194405,0.40558692812919617,1723224000,0.0,0.0
2002-02-28 00:00:00-05:00,0.40291577838802306,0.4101655306185953,0.38582206499378235,0.3892560303211212,1585440000,0.0,0.0
2002-03-01 00:00:00-05:00,0.3929958237878156,0.4273352323766272,0.39185117774453904,0.42687737941741943,1311396000,0.0,0.0
2002-03-04 00:00:00-05:00,0.4281739525308961,0.45556947558896993,0.4240532220974501,0.45068594813346863,1484724000,0.0,0.0
2002-03-05 00:00:00-05:00,0.443741110062464,0.4615975891595511,0.4433601891621014,0.44954127073287964,1379448000,0.0,0.0
2002-03-06 00:00:00-05:00,0.4361104949961123,0.4405361698404127,0.42603759475404107,0.43542370200157166,1446060000,0.0,0.0
2002-03-07 00:00:00-05:00,0.4416048147679428,0.44305437754925886,0.4198565153372466,0.4319137632846832,1346532000,0.0,0.0
2002-03-08 00:00:00-05:00,0.4401552659131988,0.4539670493955396,0.43801798205499826,0.44480985403060913,1270356000,0.0,0.0
2002-03-11 00:00:00-05:00,0.43992630728176596,0.4448098077182724,0.43229470699918776,0.4396204352378845,810540000,0.0,0.0
2002-03-12 00:00:00-05:00,0.4261904805448444,0.42847977206315224,0.41359937719415113,0.41657546162605286,1255032000,0.0,0.0
2002-03-13 00:00:00-05:00,0.4126836589937186,0.4156597435322155,0.4074942869212321,0.4090207815170288,1031616000,0.0,0.0
2002-03-14 00:00:00-05:00,0.40596775333203045,0.40596775333203045,0.3855170396130066,0.38635674118995667,1139460000,0.0,0.0
2002-03-15 00:00:00-05:00,0.3891039031706799,0.40314459522333684,0.38170124445612486,0.4026867151260376,1248288000,0.0,0.0
2002-03-18 00:00:00-05:00,0.4100124691967621,0.4188647176793611,0.3981081324770875,0.4026867151260376,1236996000,0.0,0.0
2002-03-19 00:00:00-05:00,0.4055868200622219,0.4063496170214896,0.39177413933598876,0.394140362739563,846072000,0.0,0.0
2002-03-20 00:00:00-05:00,0.3876534658898857,0.3884171908379929,0.3536959104421515,0.3549934923648834,2292588000,0.0,0.0
2002-03-21 00:00:00-05:00,0.361021715784973,0.3781154025607984,0.35148267115478965,0.3738417625427246,1721712000,0.0,0.0
2002-03-22 00:00:00-05:00,0.3805566935550117,0.3805566935550117,0.3678135526924537,0.3706367015838623,1249140000,0.0,0.0
2002-03-25 00:00:00-05:00,0.3688811296173098,0.3693389823341104,0.35102462804758844,0.35148248076438904,884160000,0.0,0.0
2002-03-26 00:00:00-05:00,0.34781969175227534,0.3675845122281346,0.3458362451679136,0.35865628719329834,1123512000,0.0,0.0
2002-03-27 00:00:00-05:00,0.3531620704984184,0.36033489041054934,0.3411048219967197,0.3472099006175995,1068012000,0.0,0.0
2002-03-28 00:00:00-05:00,0.34957499852705787,0.3517882851058513,0.31950927655613154,0.3385103940963745,3124080000,0.0,0.0
2002-04-01 00:00:00-05:00,0.31973844886394115,0.33553458328928176,0.30951263683893143,0.3329394459724426,2365344000,0.0,0.0
2002-04-02 00:00:00-05:00,0.3229433154668353,0.3410287334461089,0.32233252666376583,0.32423996925354004,1438008000,0.0,0.0
2002-04-03 00:00:00-05:00,0.32569053616970545,0.33454185892484467,0.3189746686795125,0.33034512400627136,1094640000,0.0,0.0
2002-04-04 00:00:00-05:00,0.32782694721755246,0.3399602006749868,0.32332436714894697,0.328742653131485,1130964000,0.0,0.0
2002-04-05 00:00:00-05:00,0.3308789862316235,0.33622126732117186,0.317906906207827,0.3212639391422272,1026900000,0.0,0.0
2002-04-08 00:00:00-04:00,0.30638339480401267,0.3320234715938568,0.30630739077020436,0.3320234715938568,1151316000,0.0,0.0
2002-04-09 00:00:00-04:00,0.3353055610370287,0.33805270564818,0.3102753329192305,0.3110390305519104,1380768000,0.0,0.0
2002-04-10 00:00:00-04:00,0.31355720278018,0.31592249812551826,0.27166313943651366,0.293869286775589,3689724000,0.0,0.0
2002-04-11 00:00:00-04:00,0.2915031451623508,0.2952429278311495,0.27776739358080227,0.2809723913669586,1437288000,0.0,0.0
2002-04-12 00:00:00-04:00,0.287230453085116,0.2895197453900535,0.2711284749832692,0.27990472316741943,1376880000,0.0,0.0
2002-04-15 00:00:00-04:00,0.2853220556000754,0.2960057178819714,0.2846352625792845,0.291198194026947,1157208000,0.0,0.0
2002-04-16 00:00:00-04:00,0.30424728170904136,0.30737630368442015,0.29791326094782933,0.3038654327392578,854856000,0.0,0.0
2002-04-17 00:00:00-04:00,0.30745217204093933,0.3119547512406428,0.29783712534757606,0.30745217204093933,944484000,0.0,0.0
2002-04-18 00:00:00-04:00,0.30432299974406063,0.30760492742354584,0.2957006223213481,0.3023395538330078,693156000,0.0,0.0
2002-04-19 00:00:00-04:00,0.29211385864601913,0.2957007316465937,0.2813541675214801,0.28173601627349854,1125672000,0.0,0.0
2002-04-22 00:00:00-04:00,0.2786071146247201,0.28883292494071305,0.27853111054219576,0.2831096947193146,808176000,0.0,0.0
2002-04-23 00:00:00-04:00,0.28532206581718345,0.2886039955972386,0.26914498666707715,0.27166321873664856,773508000,0.0,0.0
2002-04-24 00:00:00-04:00,0.2747912370533854,0.27883596285537315,0.24716770563884222,0.24785447120666504,1582956000,0.0,0.0
2002-04-25 00:00:00-04:00,0.2468618797096167,0.2624290964342893,0.24678587563796112,0.2574695646762848,1168296000,0.0,0.0
2002-04-26 00:00:00-04:00,0.2602927317926592,0.2605976759781815,0.23175255954265594,0.23175255954265594,1191120000,0.0,0.0
2002-04-29 00:00:00-04:00,0.2591480219823965,0.27425735586724936,0.2504487093605269,0.27036556601524353,3930852000,0.0,0.0
2002-04-30 00:00:00-04:00,0.2767756625137892,0.28043854059988516,0.259834885478737,0.26563411951065063,1776504000,0.0,0.0
2002-05-01 00:00:00-04:00,0.2612844831569215,0.27418143420355323,0.2544935116844854,0.2704416513442993,1718904000,0.0,0.0
2002-05-02 00:00:00-04:00,0.2717392328893086,0.27845417297728703,0.2594530435666075,0.2595299482345581,1125084000,0.0,0.0
2002-05-03 00:00:00-04:00,0.25983489467810045,0.26181926982676845,0.2486173471988491,0.24991492927074432,852756000,0.0,0.0
2002-05-06 00:00:00-04:00,0.2434278900884744,0.254874373740734,0.23839145474740317,0.2403758019208908,1102044000,0.0,0.0
2002-05-07 00:00:00-04:00,0.24571731816316927,0.25083068828367744,0.23434778740404805,0.24640411138534546,1412448000,0.0,0.0
2002-05-08 00:00:00-04:00,0.2631927562577689,0.2789888835143094,0.25487439153816704,0.27471524477005005,1688688000,0.0,0.0
2002-05-09 00:00:00-04:00,0.2738755343578251,0.2795227592585446,0.2625059810773024,0.2629638612270355,1230840000,0.0,0.0
2002-05-10 00:00:00-04:00,0.26838119089884555,0.26937382835861756,0.2403757860472189,0.24327586591243744,1321548000,0.0,0.0
2002-05-13 00:00:00-04:00,0.24579407301404502,0.2588430529604551,0.2437337221227698,0.2580033242702484,800892000,0.0,0.0
2002-05-14 00:00:00-04:00,0.2744863467854284,0.2865435946217019,0.26975482719704835,0.283643513917923,1526112000,0.0,0.0
2002-05-15 00:00:00-04:00,0.2792938719420375,0.29455611744022153,0.27540205405747487,0.2892138361930847,1504548000,0.0,0.0
2002-05-16 00:00:00-04:00,0.28929066938299913,0.2957007175750763,0.28341453261380584,0.28974854946136475,985560000,0.0,0.0
2002-05-17 00:00:00-04:00,0.2976080892326486,0.2997444714551866,0.2902063597844061,0.2989056706428528,934404000,0.0,0.0
2002-05-20 00:00:00-04:00,0.2963875348424032,0.3040942108120153,0.2950139762390811,0.30211079120635986,953412000,0.0,0.0
2002-05-21 00:00:00-04:00,0.30600275797841714,0.31019949485678033,0.27876015550472216,0.2790650725364685,1382604000,0.0,0.0
2002-05-22 00:00:00-04:00,0.28127827895693425,0.29203797449941277,0.2808204259592901,0.2903585433959961,1547988000,0.0,0.0
2002-05-23 00:00:00-04:00,0.2911982597126773,0.2918090487957891,0.2640316679658664,0.2726549804210663,2556780000,0.0,0.0
2002-05-24 00:00:00-04:00,0.2674655183145695,0.2688391042128332,0.2611324282183511,0.26731351017951965,737784000,0.0,0.0
2002-05-28 00:00:00-04:00,0.2696788656462506,0.2698318016924975,0.2513645284935503,0.2567059099674225,1367088000,0.0,0.0
2002-05-29 00:00:00-04:00,0.25258509402106166,0.2674654879719391,0.2486932768476582,0.26639777421951294,1311012000,0.0,0.0
2002-05-30 00:00:00-04:00,0.2609795726621323,0.2688391870919724,0.2558671308757321,0.26250606775283813,1066080000,0.0,0.0
2002-05-31 00:00:00-04:00,0.26403160561987443,0.26517625154560087,0.25487443821406297,0.2553322911262512,674112000,0.0,0.0
2002-06-03 00:00:00-04:00,0.24915121579294078,0.2502958617517798,0.23724687598860483,0.24029986560344696,901248000,0.0,0.0
2002-06-04 00:00:00-04:00,0.23877340417948636,0.2537298351028505,0.23839155527751718,0.252433180809021,1095432000,0.0,0.0
2002-06-05 00:00:00-04:00,0.25296709266052614,0.25304309676446063,0.23999410635139845,0.2487703561782837,1114308000,0.0,0.0
2002-06-06 00:00:00-04:00,0.24617513676404706,0.25220421147501354,0.24609913268536754,0.24884627759456635,739356000,0.0,0.0
2002-06-07 00:00:00-04:00,0.22862457255757881,0.24953316615244728,0.22854765421727385,0.24648107588291168,1371300000,0.0,0.0
2002-06-10 00:00:00-04:00,0.24976193832283974,0.2567058443551706,0.24380979664384772,0.24442055821418762,749148000,0.0,0.0
2002-06-11 00:00:00-04:00,0.2484643488464855,0.24953299041057445,0.23282113163434492,0.23343192040920258,859308000,0.0,0.0
2002-06-12 00:00:00-04:00,0.22786070907775433,0.23198143891830617,0.20351819242918434,0.2132861465215683,2267544000,0.0,0.0
2002-06-13 00:00:00-04:00,0.2148886919217969,0.21885648638553265,0.2043579392858807,0.2110728919506073,1265892000,0.0,0.0
2002-06-14 00:00:00-04:00,0.20328925392019365,0.21664315231699582,0.1964213667131659,0.2150406539440155,1116444000,0.0,0.0
2002-06-17 00:00:00-04:00,0.21984822839850854,0.22267230513867248,0.2132092792427007,0.21694907546043396,1054140000,0.0,0.0
2002-06-18 00:00:00-04:00,0.21427786026915197,0.22206146679608296,0.21175964265470487,0.21580436825752258,1008300000,0.0,0.0
2002-06-19 00:00:00-04:00,0.20527362282948214,0.20527362282948214,0.18039632193197036,0.1819988340139389,2593620000,0.0,0.0
2002-06-20 00:00:00-04:00,0.18238068744609562,0.18734021828553982,0.1779541128868871,0.18032032251358032,1425048000,0.0,0.0
2002-06-21 00:00:00-04:00,0.17940461901394866,0.1863485113384895,0.16925481521991875,0.1729176789522171,1484364000,0.0,0.0
2002-06-24 00:00:00-04:00,0.16849209465370557,0.18154107052762694,0.16330272036809096,0.1761227697134018,1379592000,0.0,0.0
2002-06-25 00:00:00-04:00,0.17932771376449438,0.17932771376449438,0.1604794958821326,0.16154813766479492,1172232000,0.0,0.0
2002-06-26 00:00:00-04:00,0.14323378508394405,0.15857206077200225,0.13926506284335158,0.15315376222133636,2067828000,0.0,0.0
2002-06-27 00:00:00-04:00,0.15880096695870094,0.16002161668017428,0.12820043719621946,0.13033680617809296,3182808000,0.0,0.0
2002-06-28 00:00:00-04:00,0.12820048400842263,0.13651795080116738,0.12537732113906241,0.13110056519508362,1991184000,0.0,0.0
2002-07-01 00:00:00-04:00,0.1304897436616506,0.1343055434923917,0.1280475297034746,0.1307946741580963,1164372000,0.0,0.0
2002-07-02 00:00:00-04:00,0.12926908038346127,0.12972693319663237,0.11919619568642194,0.12255321443080902,1368180000,0.0,0.0
2002-07-03 00:00:00-04:00,0.12179040870090768,0.13338980063758282,0.12171440464818804,0.13316087424755096,1073304000,0.0,0.0
2002-07-05 00:00:00-04:00,0.1426989855780299,0.14498827674360823,0.1385782560218882,0.14491227269172668,739524000,0.0,0.0
2002-07-08 00:00:00-04:00,0.14323382142474783,0.1544513695843393,0.14308089901995155,0.14926199615001678,1587180000,0.0,0.0
2002-07-09 00:00:00-04:00,0.14964384985577173,0.15155129322230687,0.13873124556799774,0.141936257481575,1075080000,0.0,0.0
2002-07-10 00:00:00-04:00,0.14537014279344695,0.14651478851266675,0.13705267863792128,0.13804440200328827,926988000,0.0,0.0
2002-07-11 00:00:00-04:00,0.13728160604978168,0.1526198654613168,0.13606002850494406,0.152085080742836,1143948000,0.0,0.0
2002-07-12 00:00:00-04:00,0.1602505846120429,0.16086137356965252,0.14880411135862778,0.15193311870098114,1344900000,0.0,0.0
2002-07-15 00:00:00-04:00,0.15231402079668788,0.16711842336832988,0.1454461334682041,0.16704241931438446,1495272000,0.0,0.0
2002-07-16 00:00:00-04:00,0.16292176189731192,0.1781831097924692,0.15986875820339436,0.16253989934921265,1773432000,0.0,0.0
2002-07-17 00:00:00-04:00,0.1590299134699198,0.16215800616498968,0.14239406962331835,0.14872808754444122,1922364000,0.0,0.0
2002-07-18 00:00:00-04:00,0.14628584466202335,0.1549091524974402,0.14453041032334157,0.14491227269172668,1243188000,0.0,0.0
2002-07-19 00:00:00-04:00,0.14048665156552687,0.1460569586850189,0.13735764439082618,0.13834935426712036,845772000,0.0,0.0
2002-07-22 00:00:00-04:00,0.13773946720755256,0.14163127071799098,0.12629299672910352,0.13193930685520172,1290744000,0.0,0.0
2002-07-23 00:00:00-04:00,0.13270304005789413,0.1335418411824388,0.1175937036119702,0.12209536880254745,1409652000,0.0,0.0
2002-07-24 00:00:00-04:00,0.12041688514587921,0.13186334570363728,0.12034088106259153,0.12987899780273438,1175100000,0.0,0.0
2002-07-25 00:00:00-04:00,0.12484254751134023,0.1252243963939152,0.11072583966427169,0.11492256820201874,1796448000,0.0,0.0
2002-07-26 00:00:00-04:00,0.11828050398706154,0.12102764879697753,0.1091233227817442,0.112251415848732,1221900000,0.0,0.0
2002-07-29 00:00:00-04:00,0.11690691604513576,0.11751679075228928,0.11164154614782688,0.1153804212808609,1227720000,0.0,0.0
2002-07-30 00:00:00-04:00,0.11484655656465192,0.12957404563135583,0.11446470770719214,0.12377481162548065,1818012000,0.0,0.0
2002-07-31 00:00:00-04:00,0.09019820365722217,0.09202964300480015,0.08348324898722814,0.08447496592998505,4837140000,0.0,0.0
2002-08-01 00:00:00-04:00,0.08516173983036669,0.08516173983036669,0.07630949616175188,0.07638641446828842,1725708000,0.0,0.0
2002-08-02 00:00:00-04:00,0.07882770476474771,0.0793624826925299,0.0694415992553432,0.07134995609521866,1795260000,0.0,0.0
2002-08-05 00:00:00-04:00,0.0702813673708575,0.07043428983485231,0.06478705440966069,0.06562677025794983,1330716000,0.0,0.0
2002-08-06 00:00:00-04:00,0.06867879730711923,0.07165487420276508,0.06761015586780533,0.06906064599752426,1168800000,0.0,0.0
2002-08-07 00:00:00-04:00,0.07211276232238881,0.07279954852068331,0.06486302420729063,0.06745816767215729,892980000,0.0,0.0
2002-08-08 00:00:00-04:00,0.06814498096709586,0.07310450762687608,0.06638954556134476,0.07188385725021362,755424000,0.0,0.0
2002-08-09 00:00:00-04:00,0.06997635299435032,0.07249457671806525,0.06875478944409344,0.07020528614521027,581304000,0.0,0.0
2002-08-12 00:00:00-04:00,0.06944157525142512,0.0728755111107076,0.06761014415766595,0.07020528614521027,592800000,0.0,0.0
2002-08-13 00:00:00-04:00,0.07066318759216203,0.07409713264508853,0.0686788328322421,0.06875483691692352,654420000,0.0,0.0
2002-08-14 00:00:00-04:00,0.0700523918824034,0.07402020004986458,0.06944160980336916,0.07341033220291138,632688000,0.0,0.0
2002-08-15 00:00:00-04:00,0.07615749050241614,0.08004928812884458,0.07539377915963287,0.07852278649806976,1140120000,0.0,0.0
2002-08-16 00:00:00-04:00,0.07432604163080399,0.08432201598746338,0.0720367500163019,0.08157486468553543,1657428000,0.0,0.0
2002-08-19 00:00:00-04:00,0.08508573047469264,0.10263637328685292,0.08493280128061774,0.0965321958065033,2243928000,0.0,0.0
2002-08-20 00:00:00-04:00,0.09729498484248061,0.09920242075222603,0.09103788550532019,0.09225853532552719,1429488000,0.0,0.0
2002-08-21 00:00:00-04:00,0.09645526954135969,0.09836362650513857,0.09195360481110768,0.0971420556306839,1194876000,0.0,0.0
2002-08-22 00:00:00-04:00,0.09424287662534096,0.09805775446888493,0.0932502392032262,0.09386102110147476,1358496000,0.0,0.0
2002-08-23 00:00:00-04:00,0.0911898930670897,0.09180067508940913,0.08714608802772736,0.08767994493246078,919932000,0.0,0.0
2002-08-26 00:00:00-04:00,0.08935851560110795,0.08996929799504967,0.08424605894179699,0.0883667916059494,698568000,0.0,0.0
2002-08-27 00:00:00-04:00,0.089893263492144,0.09035112328031353,0.08279644700945928,0.08333031088113785,686712000,0.0,0.0
2002-08-28 00:00:00-04:00,0.08287244229747501,0.08302537150313426,0.07783599880739991,0.07814092934131622,700356000,0.0,0.0
2002-08-29 00:00:00-04:00,0.07714920107115164,0.08271950754316676,0.07653841221726457,0.07913355529308319,815520000,0.0,0.0
2002-08-30 00:00:00-04:00,0.07836987823571082,0.08165180855154529,0.07554672198299774,0.07707322388887405,1065888000,0.0,0.0
2002-09-03 00:00:00-04:00,0.07341032216658001,0.07379125669668368,0.0711210239450012,0.0723416805267334,847284000,0.0,0.0
2002-09-04 00:00:00-04:00,0.07257064365283598,0.0744780804321208,0.06875484903921779,0.07188385725021362,930552000,0.0,0.0
2002-09-05 00:00:00-04:00,0.07119705231471159,0.07150198971193247,0.06867883364507432,0.06913668662309647,714312000,0.0,0.0
2002-09-06 00:00:00-04:00,0.07203674045577399,0.07264660819583126,0.06959451997715624,0.07066316157579422,746460000,0.0,0.0
2002-09-09 00:00:00-04:00,0.07012838956706909,0.07279953667268067,0.06799202042177849,0.07058624923229218,578040000,0.0,0.0
2002-09-10 00:00:00-04:00,0.07020531662348585,0.0843220142269965,0.07012839150363684,0.08065914362668991,2317632000,0.0,0.0
2002-09-11 00:00:00-04:00,0.08317734742889908,0.09080893142623553,0.08317734742889908,0.08462784439325333,1657536000,0.0,0.0
2002-09-12 00:00:00-04:00,0.08256751141288232,0.08706917683667387,0.08104100981760767,0.08195672929286957,1294932000,0.0,0.0
2002-09-13 00:00:00-04:00,0.08111700330455662,0.08500880033248304,0.08012527988362428,0.08065914362668991,796872000,0.0,0.0
2002-09-16 00:00:00-04:00,0.07943851731487633,0.07974344789804261,0.07363927579203416,0.07554671913385391,925464000,0.0,0.0
2002-09-17 00:00:00-04:00,0.07890463537966876,0.08081207146290743,0.07394419629759323,0.07440204918384552,884052000,0.0,0.0
2002-09-18 00:00:00-04:00,0.0732573929927384,0.0747069759853152,0.0701283863647841,0.0723416805267334,811692000,0.0,0.0
2002-09-19 00:00:00-04:00,0.07073915551619667,0.07325737969138578,0.0695185059787245,0.06989944726228714,618492000,0.0,0.0
2002-09-20 00:00:00-04:00,0.07043425661322919,0.07188383999114567,0.068754832531414,0.07028133422136307,687312000,0.0,0.0
2002-09-23 00:00:00-04:00,0.069136646694362,0.0698234394100071,0.06677135179419207,0.06722921133041382,521676000,0.0,0.0
2002-09-24 00:00:00-04:00,0.06646552989096564,0.07096811639065774,0.06524487987735413,0.06776310503482819,624444000,0.0,0.0
2002-09-25 00:00:00-04:00,0.07173093409014446,0.07287558046592447,0.06890777731921045,0.07150200754404068,896616000,0.0,0.0
2002-09-26 00:00:00-04:00,0.07287556940269155,0.07363928090735711,0.06661847445430645,0.06768711656332016,739560000,0.0,0.0
2002-09-27 00:00:00-04:00,0.06753417456445597,0.06928960952116091,0.06524488259290337,0.06532088667154312,650688000,0.0,0.0
2002-09-30 00:00:00-04:00,0.06509196020343916,0.0681449635353846,0.06371838092693065,0.06532088667154312,584124000,0.0,0.0
2002-10-01 00:00:00-04:00,0.0658556785178835,0.06944163220528378,0.06348946774050693,0.06883176416158676,888360000,0.0,0.0
2002-10-02 00:00:00-04:00,0.06936561911377588,0.07287556142875502,0.06875483691692352,0.06875483691692352,749100000,0.0,0.0
2002-10-03 00:00:00-04:00,0.06791603178502531,0.06906067779676281,0.06524488407269319,0.06539780646562576,590568000,0.0,0.0
2002-10-04 00:00:00-04:00,0.0652448697607667,0.06730523485898982,0.06104813550062893,0.0621158629655838,529788000,0.0,0.0
2002-10-07 00:00:00-04:00,0.06127708717455392,0.06249773736599006,0.05860593924484691,0.05906379222869873,493068000,0.0,0.0
2002-10-08 00:00:00-04:00,0.06104814671959412,0.06120015487491209,0.05494305777798283,0.05730835720896721,714252000,0.0,0.0
2002-10-09 00:00:00-04:00,0.05646955928066506,0.06013243388346009,0.05524799159161966,0.05624062940478325,573132000,0.0,0.0
2002-10-10 00:00:00-04:00,0.055705854410664814,0.06097123161192717,0.055705854410664814,0.05913979932665825,538032000,0.0,0.0
2002-10-11 00:00:00-04:00,0.06142905908815296,0.06829693848622947,0.061048117825357476,0.06722921133041382,994140000,0.0,0.0
2002-10-14 00:00:00-04:00,0.0652448907494545,0.06722925242233718,0.06387131812385788,0.0652448907494545,611484000,0.0,0.0
2002-10-15 00:00:00-04:00,0.0724945953100002,0.07508882373123316,0.0710440982368895,0.0720367357134819,852768000,0.0,0.0
2002-10-16 00:00:00-04:00,0.0671523114038258,0.06776309342203307,0.06486301309725254,0.06600765883922577,578124000,0.0,0.0
2002-10-17 00:00:00-04:00,0.0717308958565904,0.07440204299469454,0.0699763822920804,0.07104410976171494,585792000,0.0,0.0
2002-10-18 00:00:00-04:00,0.07066316200674921,0.07249460052455833,0.06799201510982406,0.07173088937997818,498372000,0.0,0.0
2002-10-21 00:00:00-04:00,0.07073917825199247,0.08081207136758338,0.06913667268411727,0.07821784913539886,930624000,0.0,0.0
2002-10-22 00:00:00-04:00,0.07463097813728783,0.08546666086100836,0.07455497407133244,0.08081206679344177,1272168000,0.0,0.0
2002-10-23 00:00:00-04:00,0.08203270678009492,0.08523771708209704,0.0808880612183264,0.08409307152032852,925428000,0.0,0.0
2002-10-24 00:00:00-04:00,0.0857725120109668,0.0866882313715381,0.07859877890285165,0.07982034981250763,1055172000,0.0,0.0
2002-10-25 00:00:00-04:00,0.0801253012901362,0.0850857481840916,0.07905665928648034,0.08470389246940613,745956000,0.0,0.0
2002-10-28 00:00:00-05:00,0.08859566804269339,0.08928245415728923,0.08462786689694048,0.0851617306470871,1070544000,0.0,0.0
2002-10-29 00:00:00-05:00,0.08531466292242848,0.08592453080962967,0.07714921219703444,0.08142286539077759,772728000,0.0,0.0
2002-10-30 00:00:00-05:00,0.08401712295309552,0.08851970412309969,0.08371218549530592,0.0857725515961647,1139496000,0.0,0.0
2002-10-31 00:00:00-05:00,0.08638237555677844,0.09141881814596022,0.08615344913925385,0.09080895036458969,1255476000,0.0,0.0
2002-11-01 00:00:00-05:00,0.08943536458262259,0.10889435954350005,0.08928243542762772,0.10759678483009338,2128836000,0.0,0.0
2002-11-04 00:00:00-05:00,0.11408287299835974,0.12598720844514796,0.1137779423956488,0.11934825778007507,2688132000,0.0,0.0
2002-11-05 00:00:00-05:00,0.11904329242041142,0.12102765385751595,0.10950426879489825,0.11461763083934784,2034540000,0.0,0.0
2002-11-06 00:00:00-05:00,0.11850942478532543,0.12362187896220236,0.11385391609699484,0.12346894294023514,1646016000,0.0,0.0
2002-11-07 00:00:00-05:00,0.12026392836462885,0.12026392836462885,0.11034396445407127,0.11103075742721558,1660560000,0.0,0.0
2002-11-08 00:00:00-05:00,0.09386103972200613,0.09943135290864802,0.08401708086342205,0.08668822795152664,3798900000,0.0,0.0
2002-11-11 00:00:00-05:00,0.08256750733311564,0.08378815728068488,0.07798891700566811,0.07997236400842667,1378452000,0.0,0.0
2002-11-12 00:00:00-05:00,0.08188073857339136,0.09004527640732773,0.08119394544360752,0.08706919103860855,1381188000,0.0,0.0
2002-11-13 00:00:00-05:00,0.08500878646184928,0.092334526467143,0.08333027720930783,0.08981630206108093,1802112000,0.0,0.0
2002-11-14 00:00:00-05:00,0.09576847404241562,0.09759990570821059,0.09286930819789861,0.09576847404241562,1138728000,0.0,0.0
2002-11-15 00:00:00-05:00,0.10072891779582671,0.10614721586173999,0.09958427208811017,0.10278928279876709,2054328000,0.0,0.0
2002-11-18 00:00:00-05:00,0.11103075035210307,0.11141259914284815,0.10629923802491446,0.10660508275032043,1982472000,0.0,0.0
2002-11-19 00:00:00-05:00,0.10599430185264815,0.11354896957633581,0.1048496560548321,0.10813067108392715,1971948000,0.0,0.0
2002-11-20 00:00:00-05:00,0.11141260244111768,0.11446469109712085,0.10996210506467936,0.11354897171258926,1292796000,0.0,0.0
2002-11-21 00:00:00-05:00,0.11812756289865704,0.12881125208064823,0.1178986364485111,0.12316401302814484,2053920000,0.0,0.0
2002-11-22 00:00:00-05:00,0.11568536544584468,0.12240124729210575,0.11446471530079701,0.1199590191245079,1251900000,0.0,0.0
2002-11-25 00:00:00-05:00,0.12552934070675634,0.12736078006259188,0.12064582536232162,0.12430869042873383,1230084000,0.0,0.0
2002-11-26 00:00:00-05:00,0.12491941282767431,0.12736071208061456,0.12056975691324708,0.12095069140195847,1084332000,0.0,0.0
2002-11-27 00:00:00-05:00,0.12606406821434596,0.1324740893918943,0.12446155609733256,0.13033680617809296,1088556000,0.0,0.0
2002-11-29 00:00:00-05:00,0.13377076702248014,0.13567912417276182,0.12972695474149323,0.1307186782360077,519396000,0.0,0.0
2002-12-02 00:00:00-05:00,0.1376625464484371,0.1394179809098138,0.1291161562994205,0.12972693145275116,1167504000,0.0,0.0
2002-12-03 00:00:00-05:00,0.12728467688664774,0.12758960724938123,0.12095066180909879,0.12117958813905716,1046220000,0.0,0.0
2002-12-04 00:00:00-05:00,0.11263323148612642,0.11446466298273288,0.10629921506298676,0.10668106377124786,2206548000,0.0,0.0
2002-12-05 00:00:00-05:00,0.11354896082721751,0.11431175777139344,0.10507857438888217,0.1076728031039238,1594872000,0.0,0.0
2002-12-06 00:00:00-05:00,0.10301821016039721,0.1098860912925988,0.10133970072942745,0.10782572627067566,1159224000,0.0,0.0
2002-12-09 00:00:00-05:00,0.10431580795166387,0.10599431775105578,0.0983636448166612,0.09920243918895721,969792000,0.0,0.0
2002-12-10 00:00:00-05:00,0.1017206355727437,0.10950423551003122,0.10042398181578388,0.10752078890800476,1389888000,0.0,0.0
2002-12-11 00:00:00-05:00,0.10675706860782576,0.10988607481802082,0.1031711238689042,0.10690999776124954,1364208000,0.0,0.0
2002-12-12 00:00:00-05:00,0.11087782475364577,0.1121753997664167,0.10492566238310229,0.10515458881855011,1302552000,0.0,0.0
2002-12-13 00:00:00-05:00,0.10324717684998819,0.10324717684998819,0.10027109156014477,0.10103388875722885,707724000,0.0,0.0
2002-12-16 00:00:00-05:00,0.1045447315372998,0.10759682050961851,0.10187358399708633,0.10698603838682175,1056972000,0.0,0.0
2002-12-17 00:00:00-05:00,0.10889438949173781,0.11255725355696958,0.10599430883444659,0.10683402419090271,1077744000,0.0,0.0
2002-12-18 00:00:00-05:00,0.10347606119443727,0.10362899035805244,0.09843961908900667,0.09866854548454285,1126836000,0.0,0.0
2002-12-19 00:00:00-05:00,0.09691313720963388,0.10202650544258965,0.09553955809495543,0.0965321958065033,1100604000,0.0,0.0
2002-12-20 00:00:00-05:00,0.09958427037700966,0.10065291200618763,0.09302131989352073,0.09782884269952774,804576000,0.0,0.0
2002-12-23 00:00:00-05:00,0.09759993262337453,0.1008818623483985,0.09729500208360158,0.09851565212011337,498648000,0.0,0.0
2002-12-24 00:00:00-05:00,0.09905042077210006,0.10103386773104178,0.09599741779984824,0.0965321958065033,300336000,0.0,0.0
2002-12-26 00:00:00-05:00,0.09813470559038688,0.09958428883720495,0.09393705658636366,0.09477677196264267,719760000,0.0,0.0
2002-12-27 00:00:00-05:00,0.0973710180244166,0.0975999445151802,0.09035112643500685,0.0911899209022522,702528000,0.0,0.0
2002-12-30 00:00:00-05:00,0.09157177198996257,0.0925634956342916,0.08592453904366674,0.08798490464687347,784740000,0.0,0.0
2002-12-31 00:00:00-05:00,0.0870691938776216,0.09004527934338023,0.08539068380359408,0.08783290535211563,825396000,0.0,0.0
2003-01-02 00:00:00-05:00,0.09157175846119946,0.0950056960774635,0.08844275136139289,0.09393705427646637,1302540000,0.0,0.0
2003-01-03 00:00:00-05:00,0.09424290584764532,0.0972949946442671,0.09233454869101763,0.09393705427646637,1037496000,0.0,0.0
2003-01-06 00:00:00-05:00,0.09622633788537215,0.1030942120503239,0.0961503270034692,0.10156863182783127,1033428000,0.0,0.0
2003-01-07 00:00:00-05:00,0.10355206938096127,0.10591828583031317,0.10011813237513979,0.10126277804374695,1498272000,0.0,0.0
2003-01-08 00:00:00-05:00,0.09866858652809327,0.10156866775763088,0.09050313460733246,0.0911899209022522,1852524000,0.0,0.0
2003-01-09 00:00:00-05:00,0.09401396328208468,0.09500568668181994,0.09187667989145834,0.09279239922761917,1436076000,0.0,0.0
2003-01-10 00:00:00-05:00,0.09157177370835323,0.09576850907584025,0.09035112356193004,0.09439492970705032,924492000,0.0,0.0
2003-01-13 00:00:00-05:00,0.0979817736387418,0.09882148893297386,0.09317425723391264,0.09363211691379547,849120000,0.0,0.0
2003-01-14 00:00:00-05:00,0.09393704836440211,0.09523462335172862,0.09149574863169105,0.09431890398263931,868524000,0.0,0.0
2003-01-15 00:00:00-05:00,0.09439489429330897,0.09515860541849203,0.0914188101887703,0.0914188101887703,904584000,0.0,0.0
2003-01-16 00:00:00-05:00,0.09004521894485379,0.09118986433386451,0.08401705478940848,0.08523770421743393,2039976000,0.0,0.0
2003-01-17 00:00:00-05:00,0.08294845284408119,0.0840931056936333,0.08096501240278527,0.08203274011611938,1058832000,0.0,0.0
2003-01-21 00:00:00-05:00,0.08355923083449492,0.08531465880053311,0.07974343073960911,0.07997236400842667,967356000,0.0,0.0
2003-01-22 00:00:00-05:00,0.07974341738030798,0.08210963386239811,0.07951449097246972,0.08004926890134811,550992000,0.0,0.0
2003-01-23 00:00:00-05:00,0.08218566257411027,0.08355924190104912,0.08004929291358602,0.08226166665554047,918456000,0.0,0.0
2003-01-24 00:00:00-05:00,0.08157486605378744,0.0819567216808324,0.0762334857259544,0.07760705798864365,897108000,0.0,0.0
2003-01-27 00:00:00-05:00,0.07592856883526287,0.07989637796834569,0.07455499620287544,0.07646243274211884,889116000,0.0,0.0
2003-01-28 00:00:00-05:00,0.07547068408814413,0.08065914173047319,0.07295246615301863,0.07920955866575241,1785480000,0.0,0.0
2003-01-29 00:00:00-05:00,0.07707319891334993,0.08142285566243565,0.07707319891334993,0.08081206679344177,1022040000,0.0,0.0
2003-01-30 00:00:00-05:00,0.08241459003500848,0.08310137623851181,0.076691353478806,0.07753106206655502,743064000,0.0,0.0
2003-01-31 00:00:00-05:00,0.07524175744198562,0.08088807473461404,0.07455497135468864,0.07875170558691025,949656000,0.0,0.0
2003-02-03 00:00:00-05:00,0.08020129266430252,0.08180379829966686,0.07859878702893819,0.08027821779251099,755556000,0.0,0.0
2003-02-04 00:00:00-05:00,0.07974341844417725,0.08012527402894318,0.0755466912300831,0.07669133692979813,627720000,0.0,0.0
2003-02-05 00:00:00-05:00,0.07836986245224331,0.0805071461719671,0.07707320836654899,0.07737813889980316,581508000,0.0,0.0
2003-02-06 00:00:00-05:00,0.08271950560022134,0.08287242795679013,0.07669133959869849,0.07798890769481659,1226184000,0.0,0.0
2003-02-07 00:00:00-05:00,0.07951447862114576,0.07989633414150205,0.07432602211112221,0.07447803020477295,915156000,0.0,0.0
2003-02-10 00:00:00-05:00,0.07440204276226786,0.07592854412993523,0.07119703189935869,0.07539376616477966,982632000,0.0,0.0
2003-02-11 00:00:00-05:00,0.07600457679043032,0.07821787190620647,0.07363928031251617,0.07402022182941437,850716000,0.0,0.0
2003-02-12 00:00:00-05:00,0.0740202003679403,0.0771492074371242,0.0734103325183664,0.07440204918384552,641400000,0.0,0.0
2003-02-13 00:00:00-05:00,0.07569960342448044,0.07608053790355244,0.0736392387123883,0.07531774789094925,889164000,0.0,0.0
2003-02-14 00:00:00-05:00,0.08561960658951859,0.09195362565599224,0.0835592410318567,0.09187670052051544,3548844000,0.0,0.0
2003-02-18 00:00:00-05:00,0.09538754208035556,0.09897349429905093,0.0942428963239396,0.0971420556306839,1740516000,0.0,0.0
2003-02-19 00:00:00-05:00,0.0965321968692653,0.09866856622317463,0.0954635550762671,0.09805778414011002,1141212000,0.0,0.0
2003-02-20 00:00:00-05:00,0.0984396397795216,0.10103386884336452,0.09767684273278548,0.09805778414011002,978132000,0.0,0.0
2003-02-21 00:00:00-05:00,0.09798178155873746,0.0983636372039526,0.09462384116503662,0.09813470393419266,913260000,0.0,0.0
2003-02-24 00:00:00-05:00,0.09729495991155764,0.10294218318494046,0.0967610963176866,0.0993553176522255,1137012000,0.0,0.0
2003-02-25 00:00:00-05:00,0.09615034937590326,0.09920243840825883,0.09462384774364321,0.09874457865953445,1239204000,0.0,0.0
2003-02-26 00:00:00-05:00,0.09744791701854279,0.09905042260399151,0.0937081278310998,0.09393705427646637,746892000,0.0,0.0
2003-02-27 00:00:00-05:00,0.0948527335092662,0.09637923437676807,0.09332714687347082,0.09592137485742569,675312000,0.0,0.0
2003-02-28 00:00:00-05:00,0.09294532177402139,0.09653218823968959,0.0901981705826313,0.09630326181650162,1653336000,0.0,0.0
2003-03-03 00:00:00-05:00,0.09744791246866409,0.09920242611437573,0.09347919019852807,0.09470076113939285,702036000,0.0,0.0
2003-03-04 00:00:00-05:00,0.0950056960774635,0.09592141550418494,0.09302133484974494,0.09393705427646637,538392000,0.0,0.0
2003-03-05 00:00:00-05:00,0.09302132348755375,0.09599740784956756,0.09279239707014963,0.09546354413032532,522156000,0.0,0.0
2003-03-06 00:00:00-05:00,0.09470073619673115,0.09561645533951152,0.09347916557760856,0.09386102110147476,548064000,0.0,0.0
2003-03-07 00:00:00-05:00,0.09241146936791944,0.09561648744376981,0.09157176081334738,0.09531063586473465,581148000,0.0,0.0
2003-03-10 00:00:00-05:00,0.0943189399257311,0.09477679978475714,0.09248750731225669,0.09264042973518372,344796000,0.0,0.0
2003-03-11 00:00:00-05:00,0.09332717955112457,0.09485276672109026,0.09225853782879,0.09332717955112457,417144000,0.0,0.0
2003-03-12 00:00:00-05:00,0.09408994360268085,0.09615030120578455,0.0932502286028802,0.09592137485742569,493920000,0.0,0.0
2003-03-13 00:00:00-05:00,0.09874458279110954,0.1060703254319599,0.09828672302322784,0.10546045750379562,1362732000,0.0,0.0
2003-03-14 00:00:00-05:00,0.10584138493599662,0.10683402265258565,0.10164465032359013,0.10240744054317474,1094220000,0.0,0.0
2003-03-17 00:00:00-05:00,0.10072893275174344,0.11041997038278581,0.10050000630526049,0.10835960507392883,1307808000,0.0,0.0
2003-03-18 00:00:00-05:00,0.10797864853050711,0.10919929823145841,0.10530750167412775,0.10752078890800476,932280000,0.0,0.0
2003-03-19 00:00:00-05:00,0.10774976010822042,0.10881748790918284,0.10423890342572442,0.10805469751358032,712992000,0.0,0.0
2003-03-20 00:00:00-05:00,0.1080546760767472,0.11133569138091272,0.1052315204946191,0.10904639959335327,780060000,0.0,0.0
2003-03-21 00:00:00-05:00,0.11278621122717954,0.11316714589751997,0.103171175624762,0.10805469751358032,1681800000,0.0,0.0
2003-03-24 00:00:00-05:00,0.10362899180915779,0.10683400232730014,0.10301820302329137,0.10400992631912231,839016000,0.0,0.0
2003-03-25 00:00:00-05:00,0.10431580507875482,0.10858854406452051,0.10393394941450304,0.10698603838682175,672828000,0.0,0.0
2003-03-26 00:00:00-05:00,0.10935223791978683,0.11179354453153219,0.1085125294202304,0.1099621057510376,1107840000,0.0,0.0
2003-03-27 00:00:00-05:00,0.10851253384909255,0.11080182559551931,0.10652817261942306,0.10683402419090271,1392732000,0.0,0.0
2003-03-28 00:00:00-05:00,0.10683400867423667,0.10721494320683227,0.10080492178973251,0.10248434543609619,1290684000,0.0,0.0
2003-03-31 00:00:00-05:00,0.09935535247357055,0.10057600923142962,0.09782885779177891,0.0982867106795311,680508000,0.0,0.0
2003-04-01 00:00:00-05:00,0.10034706684778816,0.10225542381860522,0.09813469362220864,0.10118678212165833,533808000,0.0,0.0
2003-04-02 00:00:00-05:00,0.10462075466926846,0.10668112046197749,0.10324718202254858,0.10492569208145142,771900000,0.0,0.0
2003-04-03 00:00:00-05:00,0.10683402936092874,0.10683402936092874,0.10408687094512015,0.1062992513179779,702780000,0.0,0.0
2003-04-04 00:00:00-05:00,0.1066050970596839,0.10675710521076587,0.1017206617141655,0.10217852145433426,513840000,0.0,0.0
2003-04-07 00:00:00-04:00,0.10904638279910578,0.10988609121869812,0.10225541996431922,0.10324714332818985,671256000,0.0,0.0
2003-04-08 00:00:00-04:00,0.10416286154367503,0.10469671842782263,0.10156863283787552,0.10225541889667511,475032000,0.0,0.0
2003-04-09 00:00:00-04:00,0.10263637288049098,0.10538352427634382,0.10156864533556229,0.1017206534743309,694260000,0.0,0.0
2003-04-10 00:00:00-04:00,0.10309421307553922,0.1032471422501912,0.10126278131119813,0.10225541889667511,364104000,0.0,0.0
2003-04-11 00:00:00-04:00,0.10340008552445447,0.10423888669567032,0.10011815586382045,0.1011107936501503,374184000,0.0,0.0
2003-04-14 00:00:00-04:00,0.09958429306133712,0.10317116011485139,0.09927935570181899,0.1028653085231781,445776000,0.0,0.0
2003-04-15 00:00:00-04:00,0.10217849991834611,0.10362899714082197,0.09966027528949385,0.10233142226934433,490212000,0.0,0.0
2003-04-16 00:00:00-04:00,0.10469671772457184,0.10492565095771833,0.10149170704153315,0.10233142226934433,671988000,0.0,0.0
2003-04-17 00:00:00-04:00,0.1030942232638705,0.10439179827229739,0.10095786081631253,0.10416287183761597,520740000,0.0,0.0
2003-04-21 00:00:00-04:00,0.10431579917625673,0.10713895470765997,0.10332316144537458,0.10683402419090271,597144000,0.0,0.0
2003-04-22 00:00:00-04:00,0.10629922600309002,0.10828358003359212,0.10454470578403484,0.1082075759768486,787392000,0.0,0.0
2003-04-23 00:00:00-04:00,0.10805467125382975,0.11133568641155028,0.107214955919766,0.11064890027046204,606204000,0.0,0.0
2003-04-24 00:00:00-04:00,0.1107258370123274,0.1107258370123274,0.10591831957879462,0.10736790299415588,660912000,0.0,0.0
2003-04-25 00:00:00-04:00,0.10675708538102285,0.10858852400151477,0.10240742889129462,0.10340006649494171,884652000,0.0,0.0
2003-04-28 00:00:00-04:00,0.10462072020285314,0.10843651994163434,0.10340007036919947,0.10652816295623779,674988000,0.0,0.0
2003-04-29 00:00:00-04:00,0.10897038310190084,0.11133567869242818,0.10813066782605621,0.10981009155511856,670344000,0.0,0.0
2003-04-30 00:00:00-04:00,0.1091993309876364,0.11217541601531539,0.1087414712277913,0.10935225337743759,466620000,0.0,0.0
2003-05-01 00:00:00-04:00,0.10858854293460804,0.1111067680655394,0.10797867505030376,0.11003904044628143,733368000,0.0,0.0
2003-05-02 00:00:00-04:00,0.11148861100861257,0.1220953679585433,0.11087782892446427,0.1213325709104538,1691088000,0.0,0.0
2003-05-05 00:00:00-04:00,0.12247726471815716,0.13003193500440519,0.12026396279267329,0.12430869042873383,1576164000,0.0,0.0
2003-05-06 00:00:00-04:00,0.12369791574210157,0.12766662566489528,0.1224772654567183,0.12446161359548569,1143864000,0.0,0.0
2003-05-07 00:00:00-04:00,0.12263012594748257,0.12552927807331093,0.12034083471757061,0.1224772036075592,897372000,0.0,0.0
2003-05-08 00:00:00-04:00,0.12095070229420457,0.1274376418402713,0.11942512209300747,0.12255321443080902,1957452000,0.0,0.0
2003-05-09 00:00:00-04:00,0.14369165841125267,0.164295297616072,0.13964693191181954,0.16307373344898224,9230856000,0.0,0.0
2003-05-12 00:00:00-04:00,0.16345560584867141,0.167118484059483,0.15719850502032232,0.15849517285823822,3007860000,0.0,0.0
2003-05-13 00:00:00-04:00,0.15307771067773135,0.15796123698413123,0.15216200514821437,0.1555190235376358,1824108000,0.0,0.0
2003-05-14 00:00:00-04:00,0.1560537959454248,0.157961238361776,0.153382656093254,0.15536701679229736,965580000,0.0,0.0
2003-05-15 00:00:00-04:00,0.15765632422895615,0.16101334299478687,0.1568166090102128,0.16070841252803802,1105656000,0.0,0.0
2003-05-16 00:00:00-04:00,0.15872409087015854,0.16505810967447399,0.15849516440550598,0.16223494708538055,1028916000,0.0,0.0
2003-05-19 00:00:00-04:00,0.16009760160043796,0.16162409583244522,0.151169363757952,0.15307770669460297,1220484000,0.0,0.0
2003-05-20 00:00:00-04:00,0.153306721370467,0.15529015508935293,0.15261992826150791,0.1541455090045929,884124000,0.0,0.0
2003-05-21 00:00:00-04:00,0.15422244293312087,0.15963982862059722,0.15338272741077014,0.1595638245344162,905472000,0.0,0.0
2003-05-22 00:00:00-04:00,0.1597927132281528,0.16154813429855333,0.15605383159223307,0.1600976437330246,888816000,0.0,0.0
2003-05-23 00:00:00-04:00,0.16025056592731612,0.1633026546046581,0.15857206315900227,0.15925884246826172,867612000,0.0,0.0
2003-05-27 00:00:00-04:00,0.1575794052645071,0.1739863071938902,0.15452731697847583,0.17337553203105927,1677408000,0.0,0.0
2003-05-28 00:00:00-04:00,0.17284167488795985,0.17474911764099324,0.1686449405965832,0.1729176789522171,1235556000,0.0,0.0
2003-05-29 00:00:00-04:00,0.17284171494829992,0.19062220810754404,0.1724598660744872,0.18474604189395905,2297736000,0.0,0.0
2003-05-30 00:00:00-04:00,0.20222071894507548,0.20321335695660073,0.1972611858168624,0.19970248639583588,2142312000,0.0,0.0
2003-06-02 00:00:00-04:00,0.20489178924216467,0.2051207293183777,0.1874171580989231,0.18863780796527863,1566144000,0.0,0.0
2003-06-03 00:00:00-04:00,0.18650145981689772,0.1982528632885888,0.18421216795795942,0.19252963364124298,1596804000,0.0,0.0
2003-06-04 00:00:00-04:00,0.1919188221821078,0.19726111659598597,0.18894273765657613,0.197108194231987,1175604000,0.0,0.0
2003-06-05 00:00:00-04:00,0.1945139886076093,0.2034422292945563,0.1919188384243961,0.20275543630123138,1204404000,0.0,0.0
2003-06-06 00:00:00-04:00,0.2106910435493672,0.2117596853216323,0.19504783693511327,0.1965743452310562,1378836000,0.0,0.0
2003-06-09 00:00:00-04:00,0.19535277613266672,0.20038922624561592,0.19123204546254968,0.19420813024044037,720588000,0.0,0.0
2003-06-10 00:00:00-04:00,0.19420809242444262,0.19718417662283327,0.19207172343294757,0.197032168507576,563304000,0.0,0.0
2003-06-11 00:00:00-04:00,0.19581061798565785,0.19893962474595756,0.1923006630338887,0.19718419015407562,943836000,0.0,0.0
2003-06-12 00:00:00-04:00,0.1985577873599516,0.2006950709995482,0.19359826919679585,0.19420813024044037,1046688000,0.0,0.0
2003-06-13 00:00:00-04:00,0.1858146518086982,0.19115603218629149,0.17780213094890263,0.17909878492355347,1826808000,0.0,0.0
2003-06-16 00:00:00-04:00,0.18123609797618698,0.1852039067244885,0.16925485283096306,0.1829146146774292,1904868000,0.0,0.0
2003-06-17 00:00:00-04:00,0.18711131146449667,0.18848488368151808,0.18161699530590264,0.18726423382759094,999852000,0.0,0.0
2003-06-18 00:00:00-04:00,0.18543278359265003,0.19817682248192042,0.18390627546207663,0.19443702697753906,1122072000,0.0,0.0
2003-06-19 00:00:00-04:00,0.19527673803516424,0.19626846137762632,0.18161698013570074,0.18260961771011353,1190532000,0.0,0.0
2003-06-20 00:00:00-04:00,0.1845930287879211,0.18466994706421974,0.1778020742323019,0.18070122599601746,937848000,0.0,0.0
2003-06-23 00:00:00-04:00,0.18054929766903302,0.1814650171802136,0.1707053368030404,0.17429128289222717,734784000,0.0,0.0
2003-06-24 00:00:00-04:00,0.17322351203054037,0.17703839728020046,0.16833908456109442,0.17391030490398407,1008816000,0.0,0.0
2003-06-25 00:00:00-04:00,0.1743682029519835,0.18146500480027505,0.17368140995413847,0.17505498230457306,1060620000,0.0,0.0
2003-06-26 00:00:00-04:00,0.1755888679402676,0.17764923346474304,0.17009455077816196,0.17528392374515533,960540000,0.0,0.0
2003-06-27 00:00:00-04:00,0.17734426063994782,0.1789467729648402,0.17131518684391625,0.17215488851070404,709104000,0.0,0.0
2003-06-30 00:00:00-04:00,0.1744441920679202,0.17787812947220594,0.172459830962697,0.17482604086399078,544128000,0.0,0.0
2003-07-01 00:00:00-04:00,0.17261272885666534,0.18222776041271946,0.1710102167746968,0.1819988340139389,977016000,0.0,0.0
2003-07-02 00:00:00-04:00,0.1836774035143748,0.1860436275887012,0.1789468111207195,0.1814650297164917,846828000,0.0,0.0
2003-07-03 00:00:00-04:00,0.17726727408317064,0.18405915592206123,0.17688633966207656,0.17940455675125122,420912000,0.0,0.0
2003-07-07 00:00:00-04:00,0.18184592658034007,0.19214773817738193,0.18176992251848428,0.19115601480007172,832200000,0.0,0.0
2003-07-08 00:00:00-04:00,0.1858907166987021,0.19153795730846657,0.18543286367215445,0.18901972472667694,602856000,0.0,0.0
2003-07-09 00:00:00-04:00,0.18894272443443025,0.19649739161195048,0.18863779395980368,0.1933692991733551,755352000,0.0,0.0
2003-07-10 00:00:00-04:00,0.1873402946777741,0.1897825093579143,0.1821518353179507,0.18543285131454468,644568000,0.0,0.0
2003-07-11 00:00:00-04:00,0.187646132707504,0.18879077880143674,0.18482205557681827,0.18642456829547882,495000000,0.0,0.0
2003-07-14 00:00:00-04:00,0.19115605110751485,0.19230069705792913,0.18405924894399747,0.18497496843338013,694344000,0.0,0.0
2003-07-15 00:00:00-04:00,0.1877220805035261,0.18856179577010798,0.17719132868085913,0.17894676327705383,1143456000,0.0,0.0
2003-07-16 00:00:00-04:00,0.1823038929915547,0.18314360876829988,0.1724599280967806,0.1767335832118988,880476000,0.0,0.0
2003-07-17 00:00:00-04:00,0.1713921352824789,0.17360450899767602,0.1655919732547156,0.16788126528263092,853764000,0.0,0.0
2003-07-18 00:00:00-04:00,0.16460024309991259,0.16513411375196785,0.15620585882321156,0.16223494708538055,1280832000,0.0,0.0
2003-07-21 00:00:00-04:00,0.16315067007242956,0.16368452709062614,0.15597693568858598,0.1597927361726761,985140000,0.0,0.0
2003-07-22 00:00:00-04:00,0.16429529756423703,0.1655159474988539,0.16154813930334214,0.16246385872364044,582444000,0.0,0.0
2003-07-23 00:00:00-04:00,0.16231097572288344,0.16559199173774736,0.15742746056771392,0.16460026800632477,605328000,0.0,0.0
2003-07-24 00:00:00-04:00,0.16757626533354986,0.16879691492253657,0.15681658907087195,0.15819016098976135,1116828000,0.0,0.0
2003-07-25 00:00:00-04:00,0.15849512521575462,0.16162411816022945,0.15261987502563876,0.16070841252803802,1002084000,0.0,0.0
2003-07-28 00:00:00-04:00,0.16200599356092713,0.16238692811694008,0.15506118695488008,0.15574797987937927,703752000,0.0,0.0
2003-07-29 00:00:00-04:00,0.1416313246455224,0.15384058305416443,0.14010481597904664,0.14552311599254608,2794788000,0.0,0.0
2003-07-30 00:00:00-04:00,0.14498831307974747,0.1466677301421819,0.1430048660883409,0.14392058551311493,788724000,0.0,0.0
2003-07-31 00:00:00-04:00,0.1472776354761293,0.14941491951847188,0.14414954196393012,0.14567512273788452,897600000,0.0,0.0
2003-08-01 00:00:00-04:00,0.1457520906034423,0.15170424910170202,0.1443015856814133,0.1504826843738556,767556000,0.0,0.0
2003-08-04 00:00:00-04:00,0.15033057507848724,0.1588769649094216,0.1494148558532835,0.15612980723381042,1428852000,0.0,0.0
2003-08-05 00:00:00-04:00,0.16017463989809963,0.1638375192464315,0.15437448963525338,0.15567205846309662,1063488000,0.0,0.0
2003-08-06 00:00:00-04:00,0.15361166099090098,0.15567202679387068,0.1455991242804058,0.1493380069732666,1025868000,0.0,0.0
2003-08-07 00:00:00-04:00,0.14895705433473536,0.15109342396984007,0.14529417617314772,0.1472776234149933,1040340000,0.0,0.0
2003-08-08 00:00:00-04:00,0.126293037440881,0.1268269081320157,0.11644907593293533,0.11828051507472992,3767580000,0.0,0.0
2003-08-11 00:00:00-04:00,0.12018788884944766,0.12629297880132748,0.1194251056763309,0.124690480530262,1675752000,0.0,0.0
2003-08-12 00:00:00-04:00,0.12629299048635523,0.12751364016789404,0.12423262562917457,0.12720870971679688,764160000,0.0,0.0
2003-08-13 00:00:00-04:00,0.1277425805296981,0.13010787584390582,0.12453757003774342,0.12804751098155975,693552000,0.0,0.0
2003-08-14 00:00:00-04:00,0.12377477354820257,0.12560621201961542,0.12224826552964004,0.1236218512058258,1527696000,0.0,0.0
2003-08-15 00:00:00-04:00,0.12285914865543439,0.1240037951677228,0.12209543694375104,0.12324008345603943,217716000,0.0,0.0
2003-08-18 00:00:00-04:00,0.12522434728573834,0.12690286338329315,0.12301106011584631,0.12690286338329315,717684000,0.0,0.0
2003-08-19 00:00:00-04:00,0.12972694367446766,0.1373576289283468,0.12965002537810055,0.13659483194351196,1403976000,0.0,0.0
2003-08-20 00:00:00-04:00,0.1346864402294159,0.13720465754647526,0.1317103565350046,0.1346864402294159,870348000,0.0,0.0
2003-08-21 00:00:00-04:00,0.13796841967045417,0.13964693618979737,0.13583113601730312,0.13834935426712036,644748000,0.0,0.0
2003-08-22 00:00:00-04:00,0.1466677385487828,0.1486511856538752,0.13926507806852387,0.13934201002120972,1002396000,0.0,0.0
2003-08-25 00:00:00-04:00,0.14201223343947536,0.14201223343947536,0.13735764572346426,0.13857829570770264,434028000,0.0,0.0
2003-08-26 00:00:00-04:00,0.1368237732050504,0.13888413854465367,0.13262612422113615,0.13636592030525208,768984000,0.0,0.0
2003-08-27 00:00:00-04:00,0.13728164623375297,0.1419362341051842,0.13583114187063386,0.14048665761947632,567816000,0.0,0.0
2003-08-28 00:00:00-04:00,0.14186023896441274,0.142623036116034,0.13522128931408448,0.13682378828525543,828312000,0.0,0.0
2003-08-29 00:00:00-04:00,0.13659479139261307,0.1392650166949507,0.13606000675960245,0.1386551558971405,532884000,0.0,0.0
2003-09-02 00:00:00-04:00,0.14109649695099105,0.142318061019906,0.13674684028671696,0.13743363320827484,711456000,0.0,0.0
2003-09-03 00:00:00-04:00,0.1394940254105014,0.13987587427103332,0.13407664021850094,0.1347634196281433,849972000,0.0,0.0
2003-09-04 00:00:00-04:00,0.1352972904818084,0.13926508549033623,0.13430556687641057,0.13606007397174835,740064000,0.0,0.0
2003-09-05 00:00:00-04:00,0.13628899726916174,0.14575202249851718,0.1346864848849893,0.14254701137542725,1198740000,0.0,0.0
2003-09-08 00:00:00-04:00,0.14483634064961873,0.15078849791036733,0.14308090543816915,0.14910908043384552,1508712000,0.0,0.0
2003-09-09 00:00:00-04:00,0.1449882911741788,0.16383742072410734,0.14300484448244147,0.15826618671417236,2489436000,0.0,0.0
2003-09-10 00:00:00-04:00,0.1537645734426501,0.15788530478167326,0.14620990386952679,0.14743055403232574,1380624000,0.0,0.0
2003-09-11 00:00:00-04:00,0.14941492098482786,0.15376457896666837,0.13964696298948787,0.14552311599254608,2612736000,0.0,0.0
2003-09-12 00:00:00-04:00,0.14430154642121007,0.15086449232043925,0.14269904736949265,0.14765948057174683,1162404000,0.0,0.0
2003-09-15 00:00:00-04:00,0.14888001225682782,0.1496437230712901,0.1446832938165269,0.1452171504497528,596028000,0.0,0.0
2003-09-16 00:00:00-04:00,0.14552309923637125,0.1501777009097938,0.14552309923637125,0.14971983432769775,620736000,0.0,0.0
2003-09-17 00:00:00-04:00,0.15063556502081885,0.1543744474526571,0.14941491486417074,0.15147528052330017,902784000,0.0,0.0
2003-09-18 00:00:00-04:00,0.15063555181956234,0.1526959172981274,0.14895704883921013,0.15261991322040558,603492000,0.0,0.0
2003-09-19 00:00:00-04:00,0.1543744155580122,0.15536705325642783,0.15002475865301598,0.15139833092689514,648096000,0.0,0.0
2003-09-22 00:00:00-04:00,0.14842232715439851,0.14872817205986769,0.14422559033249713,0.14544624090194702,735504000,0.0,0.0
2003-09-23 00:00:00-04:00,0.14567516857157387,0.14765953083247257,0.14376773829917056,0.1468198150396347,628932000,0.0,0.0
2003-09-24 00:00:00-04:00,0.1436916132608647,0.14498826685901747,0.13545015471044364,0.13567908108234406,1600668000,0.0,0.0
2003-09-25 00:00:00-04:00,0.1367468332869662,0.13918904706777058,0.13316088802429393,0.13377074897289276,736776000,0.0,0.0
2003-09-26 00:00:00-04:00,0.13338985984561622,0.13377079451017362,0.12690291788924835,0.12865833938121796,895908000,0.0,0.0
2003-09-29 00:00:00-04:00,0.12217228841397375,0.12652194550876011,0.11980607833843328,0.12171443551778793,1944996000,0.0,0.0
2003-09-30 00:00:00-04:00,0.12064577019155963,0.12598714975499412,0.12018790373935155,0.12186641991138458,1020888000,0.0,0.0
2003-10-01 00:00:00-04:00,0.12209534219470775,0.1243086293881183,0.12179041174433633,0.12285905331373215,877224000,0.0,0.0
2003-10-02 00:00:00-04:00,0.1220953524012114,0.12652192715806995,0.12171441786437702,0.124766506254673,857628000,0.0,0.0
2003-10-03 00:00:00-04:00,0.1282004333234407,0.13125252147351446,0.12598714611921372,0.12804751098155975,862812000,0.0,0.0
2003-10-06 00:00:00-04:00,0.1282764738344543,0.12957404217471133,0.1259871819246229,0.127055823802948,377028000,0.0,0.0
2003-10-07 00:00:00-04:00,0.1270558106635109,0.1282004565000534,0.12530037593567167,0.1282004565000534,510588000,0.0,0.0
2003-10-08 00:00:00-04:00,0.12820043303169273,0.12934507865869652,0.12293505768937449,0.12369785457849503,739440000,0.0,0.0
2003-10-09 00:00:00-04:00,0.12552931229941827,0.13033683610922714,0.12446158467924773,0.12545330822467804,852408000,0.0,0.0
2003-10-10 00:00:00-04:00,0.12743765127326945,0.12858229703617724,0.12591115672714143,0.12766657769680023,413976000,0.0,0.0
2003-10-13 00:00:00-04:00,0.12911615438445156,0.13163437207619794,0.12812443108268112,0.12896323204040527,434904000,0.0,0.0
2003-10-14 00:00:00-04:00,0.127589680559798,0.13171041144772935,0.126826897098868,0.1313294768333435,623556000,0.0,0.0
2003-10-15 00:00:00-04:00,0.13285503747586225,0.1352972650453613,0.1288112391482492,0.1296500265598297,703488000,0.0,0.0
2003-10-16 00:00:00-04:00,0.12980296691974022,0.13171040995706867,0.12781861921993443,0.13125255703926086,446088000,0.0,0.0
2003-10-17 00:00:00-04:00,0.13048975329780818,0.13300797150804772,0.1269798115816055,0.12713181972503662,459696000,0.0,0.0
2003-10-20 00:00:00-04:00,0.12720871508605575,0.13010788100934903,0.12644500393297878,0.12995587289333344,467388000,0.0,0.0
2003-10-21 00:00:00-04:00,0.1323212251186419,0.1364419567763263,0.130489785794058,0.1339237242937088,758724000,0.0,0.0
2003-10-22 00:00:00-04:00,0.13186337052353003,0.13491546038441526,0.13094766442275707,0.1316344439983368,620952000,0.0,0.0
2003-10-23 00:00:00-04:00,0.12972697751812728,0.1335418640243023,0.12949805103332854,0.13102364540100098,451524000,0.0,0.0
2003-10-24 00:00:00-04:00,0.12972688732916432,0.13171033328749937,0.12850532379273683,0.13056568801403046,447084000,0.0,0.0
2003-10-27 00:00:00-05:00,0.13125255703926086,0.13277905182125885,0.1303368375583893,0.13125255703926086,254460000,0.0,0.0
2003-10-28 00:00:00-05:00,0.1330079764157773,0.14025771444028834,0.13239720112321218,0.13949401676654816,956064000,0.0,0.0
2003-10-29 00:00:00-05:00,0.13537328598301474,0.14117343390832418,0.13529728190849477,0.13949401676654816,494004000,0.0,0.0
2003-10-30 00:00:00-05:00,0.1430808805390333,0.14315688461547627,0.1366708577458569,0.13689978420734406,581256000,0.0,0.0
2003-10-31 00:00:00-05:00,0.1381204378540129,0.1392650838366843,0.13277905679718838,0.13491542637348175,598152000,0.0,0.0
2003-11-03 00:00:00-05:00,0.13422862231642796,0.1400287694750516,0.13361874769135781,0.13743363320827484,773724000,0.0,0.0
2003-11-04 00:00:00-05:00,0.140409764954733,0.14079162755207705,0.13697582614742865,0.13789154589176178,700896000,0.0,0.0
2003-11-05 00:00:00-05:00,0.1350683707043518,0.13979989143797747,0.13285508245789454,0.13842631876468658,882024000,0.0,0.0
2003-11-06 00:00:00-05:00,0.14048659404455374,0.1411733731158963,0.13613692503313482,0.1386551558971405,1175280000,0.0,0.0
2003-11-07 00:00:00-05:00,0.1652870193721455,0.16833910811628267,0.16177707774514855,0.16597381234169006,4292820000,0.0,0.0
2003-11-10 00:00:00-05:00,0.16650760787196728,0.16879689873228806,0.16452416164211658,0.16551588475704193,1210056000,0.0,0.0
2003-11-11 00:00:00-05:00,0.1617771441683862,0.16460029398498102,0.15849521340323003,0.16139528155326843,799140000,0.0,0.0
2003-11-12 00:00:00-05:00,0.16086137486871327,0.16406638631393156,0.1600976635188066,0.1635316014289856,617664000,0.0,0.0
2003-11-13 00:00:00-05:00,0.16353161780675768,0.16589784193888013,0.16261589820994893,0.16360853612422943,580332000,0.0,0.0
2003-11-14 00:00:00-05:00,0.1640664026994479,0.1640664026994479,0.1534587294895241,0.15391658246517181,888420000,0.0,0.0
2003-11-17 00:00:00-05:00,0.1510173979984645,0.15414547715580193,0.14956689376276647,0.15231405198574066,599880000,0.0,0.0
2003-11-18 00:00:00-05:00,0.15605386316968722,0.15796130640771927,0.1495669214585447,0.1501017063856125,991428000,0.0,0.0
2003-11-19 00:00:00-05:00,0.15116940285292188,0.154909185058626,0.15063553226855655,0.15429840981960297,567552000,0.0,0.0
2003-11-20 00:00:00-05:00,0.15185616012314018,0.15521409303816036,0.14956686880857478,0.15017765760421753,738852000,0.0,0.0
2003-11-21 00:00:00-05:00,0.15200910610546967,0.15223804618872744,0.14788838928565004,0.15078845620155334,543240000,0.0,0.0
2003-11-24 00:00:00-05:00,0.15223805939337354,0.16025058093524505,0.151169417534059,0.1598687320947647,940644000,0.0,0.0
2003-11-25 00:00:00-05:00,0.16055548548994472,0.16398943638323543,0.15872406047814383,0.1626158505678177,822804000,0.0,0.0
2003-11-26 00:00:00-05:00,0.16528702928473363,0.16582088626939376,0.15971672206029558,0.16276881098747253,430032000,0.0,0.0
2003-11-28 00:00:00-05:00,0.1626927986205247,0.1631506515075056,0.16063243333860047,0.16200600564479828,206136000,0.0,0.0
2003-12-01 00:00:00-05:00,0.16383744794467736,0.1655159508002959,0.16192909076337073,0.16429530084133148,526980000,0.0,0.0
2003-12-02 00:00:00-05:00,0.1633026913188699,0.16696555606084726,0.16261589820994893,0.16360853612422943,574740000,0.0,0.0
2003-12-03 00:00:00-05:00,0.16406642980686748,0.16940781222080606,0.16154819708896417,0.1619291454553604,710028000,0.0,0.0
2003-12-04 00:00:00-05:00,0.16246385687816992,0.16536302324724791,0.15727448457490126,0.16109028458595276,521952000,0.0,0.0
2003-12-05 00:00:00-05:00,0.15727443767584776,0.16177702931296772,0.15460329795763864,0.15590086579322815,559848000,0.0,0.0
2003-12-08 00:00:00-05:00,0.15590092703675634,0.1586480855264297,0.15452735461454775,0.15704557299613953,340980000,0.0,0.0
2003-12-09 00:00:00-05:00,0.15674066745405574,0.15826624827334457,0.14880413490425456,0.14888013899326324,598128000,0.0,0.0
2003-12-10 00:00:00-05:00,0.1488800875795662,0.15300081772560123,0.14880408351680446,0.15216203033924103,568656000,0.0,0.0
2003-12-11 00:00:00-05:00,0.15208512336549676,0.16177708935553434,0.15178019283239877,0.1598687320947647,694872000,0.0,0.0
2003-12-12 00:00:00-05:00,0.16200593981604886,0.16307366694234643,0.1564347209072317,0.15902985632419586,700692000,0.0,0.0
2003-12-15 00:00:00-05:00,0.16368451348142674,0.1639134535771886,0.15536706167361028,0.1558249145746231,622752000,0.0,0.0
2003-12-16 00:00:00-05:00,0.15490919038216827,0.15895300264352386,0.1521620457697308,0.15796127915382385,601728000,0.0,0.0
2003-12-17 00:00:00-05:00,0.1566636990172417,0.15719847016616176,0.15231404234025475,0.1549091786146164,499116000,0.0,0.0
2003-12-18 00:00:00-05:00,0.15521410648441156,0.16002162957767832,0.15506118412558573,0.15841911733150482,436728000,0.0,0.0
2003-12-19 00:00:00-05:00,0.1623869520196511,0.16482917994066604,0.15902993249034048,0.16078445315361023,916956000,0.0,0.0
2003-12-22 00:00:00-05:00,0.1584190996355414,0.16139518372795775,0.1568166012136263,0.16101333498954773,371184000,0.0,0.0
2003-12-23 00:00:00-05:00,0.16040350792812896,0.16917884046154671,0.16032658961853585,0.16757632791996002,722760000,0.0,0.0
2003-12-24 00:00:00-05:00,0.1675003004045666,0.16803417098142082,0.16589780173247048,0.1663556545972824,210852000,0.0,0.0
2003-12-26 00:00:00-05:00,0.16765226917832626,0.1745201560549081,0.16696547639709272,0.17352843284606934,363960000,0.0,0.0
2003-12-29 00:00:00-05:00,0.17680947532395513,0.1814649765012584,0.17597067431108754,0.1808542013168335,756624000,0.0,0.0
2003-12-30 00:00:00-05:00,0.17894676692550665,0.18466999579570764,0.17879384456432995,0.18123605847358704,550884000,0.0,0.0
2003-12-31 00:00:00-05:00,0.18115911616252095,0.18199883133491063,0.1741392206744227,0.17703838646411896,497268000,0.0,0.0
2004-01-02 00:00:00-05:00,0.17986256708336507,0.1823038678574467,0.1761227697134018,0.1761227697134018,436416000,0.0,0.0
2004-01-05 00:00:00-05:00,0.17879385931313488,0.1830675122714939,0.17719134691013408,0.18184594810009003,575292000,0.0,0.0
2004-01-06 00:00:00-05:00,0.18131209025172196,0.19176683982252296,0.18047237483966905,0.18924862146377563,1093344000,0.0,0.0
2004-01-07 00:00:00-05:00,0.18711130229082767,0.19184280757552052,0.18581463478968563,0.19092708826065063,673032000,0.0,0.0
2004-01-08 00:00:00-05:00,0.1932924004548653,0.1942081198486989,0.18978245889356907,0.19161389768123627,433752000,0.0,0.0
2004-01-09 00:00:00-05:00,0.19031633314279123,0.19672635537768812,0.1887907390633416,0.19436104595661163,766584000,0.0,0.0
2004-01-12 00:00:00-05:00,0.19504783693511327,0.1971842062475741,0.19321639813091138,0.1965743452310562,541980000,0.0,0.0
2004-01-13 00:00:00-05:00,0.19558173704694096,0.19749009457342892,0.1843642025973483,0.18642456829547882,865800000,0.0,0.0
2004-01-14 00:00:00-05:00,0.18734025615542052,0.19001139678431783,0.18329644376246398,0.18505096435546875,544872000,0.0,0.0
2004-01-15 00:00:00-05:00,0.18367732085790597,0.18688233110354013,0.18039630656312278,0.1853567510843277,609204000,0.0,0.0
2004-01-16 00:00:00-05:00,0.18726426517570138,0.1897824836026671,0.18550883022784317,0.18817998468875885,451728000,0.0,0.0
2004-01-20 00:00:00-05:00,0.19046926980096296,0.19375028523433252,0.18833290030644848,0.1934453547000885,487764000,0.0,0.0
2004-01-21 00:00:00-05:00,0.1918428116815538,0.1926056086571531,0.1842121401653165,0.18451707065105438,494460000,0.0,0.0
2004-01-22 00:00:00-05:00,0.1855088242185552,0.18848490912827195,0.17803107384506925,0.18024344742298126,605724000,0.0,0.0
2004-01-23 00:00:00-05:00,0.17932769254440958,0.18291456569422462,0.1758177513326111,0.17619960010051727,482472000,0.0,0.0
2004-01-26 00:00:00-05:00,0.17734427894146407,0.18390630976200228,0.17597070655356,0.1831435263156891,393684000,0.0,0.0
2004-01-27 00:00:00-05:00,0.17948063844628545,0.18238071908829614,0.17131519500238956,0.17268876731395721,934104000,0.0,0.0
2004-01-28 00:00:00-05:00,0.17490208377368419,0.1776492424943707,0.1713152232079714,0.17223092913627625,615204000,0.0,0.0
2004-01-29 00:00:00-05:00,0.17276572296426293,0.17360452426553158,0.16139525225995102,0.16719450056552887,929700000,0.0,0.0
2004-01-30 00:00:00-05:00,0.16681349810089166,0.17360446790992687,0.16582086048288797,0.16978958249092102,466464000,0.0,0.0
2004-02-02 00:00:00-05:00,0.17116314389833867,0.1758937343212039,0.16940770956413012,0.1725367158651352,560844000,0.0,0.0
2004-02-03 00:00:00-05:00,0.17207886942311118,0.17505495373438124,0.16963665564460734,0.17192594707012177,418032000,0.0,0.0
2004-02-04 00:00:00-05:00,0.16948371879764337,0.17085729080643572,0.16704241945988216,0.16727134585380554,436800000,0.0,0.0
2004-02-05 00:00:00-05:00,0.16818708390875356,0.17169702520042396,0.1671184422282271,0.16978958249092102,331980000,0.0,0.0
2004-02-06 00:00:00-05:00,0.1720020069467282,0.1761227383079674,0.17108628735031312,0.17368143796920776,471132000,0.0,0.0
2004-02-09 00:00:00-05:00,0.17497805895189833,0.17780213552158763,0.17238383670381288,0.17245984077453613,373992000,0.0,0.0
2004-02-10 00:00:00-05:00,0.17299462971932542,0.17894679975243452,0.17291771140861897,0.17879387736320496,509700000,0.0,0.0
2004-02-11 00:00:00-05:00,0.18108315603545483,0.18566173963535837,0.18047236711030976,0.18505096435546875,737808000,0.0,0.0
2004-02-12 00:00:00-05:00,0.18405919344311492,0.1850509167097468,0.1766574493289269,0.17948059737682343,974892000,0.0,0.0
2004-02-13 00:00:00-05:00,0.17474914229614819,0.18230381089666184,0.17322354811318025,0.17780214548110962,1747500000,0.0,0.0
2004-02-17 00:00:00-05:00,0.1784889266055175,0.18032036557067807,0.17604671233809083,0.1797855943441391,575976000,0.0,0.0
2004-02-18 00:00:00-05:00,0.18032036557067807,0.18123608505325836,0.17856493068124463,0.1797855943441391,320244000,0.0,0.0
2004-02-19 00:00:00-05:00,0.18199884513678696,0.1852038558513457,0.17932769130804016,0.1797095537185669,631032000,0.0,0.0
2004-02-20 00:00:00-05:00,0.1794046539100295,0.18467003093049134,0.17841201607629398,0.18421217799186707,618120000,0.0,0.0
2004-02-23 00:00:00-05:00,0.18390630974149524,0.1842121681509549,0.17535991759241512,0.17780214548110962,853332000,0.0,0.0
2004-02-24 00:00:00-05:00,0.1747491306835926,0.17696241832286977,0.1687969613234502,0.17070531845092773,708384000,0.0,0.0
2004-02-25 00:00:00-05:00,0.17177302459115634,0.17497803531357667,0.16986558193353102,0.17169702053070068,652512000,0.0,0.0
2004-02-26 00:00:00-05:00,0.17421527030837008,0.17452021448332009,0.17070532846865102,0.17284169793128967,344976000,0.0,0.0
2004-02-27 00:00:00-05:00,0.17322351972006864,0.17337554149036774,0.1671944462907499,0.16978958249092102,595548000,0.0,0.0
2004-03-01 00:00:00-05:00,0.16933172000636895,0.1726127346915878,0.16910279359984987,0.1723078042268753,506628000,0.0,0.0
2004-03-02 00:00:00-05:00,0.17253672489074723,0.17375737458616117,0.1684159951295455,0.16910278797149658,813348000,0.0,0.0
2004-03-03 00:00:00-05:00,0.1686449532556623,0.1686449532556623,0.16414237390525382,0.1668895184993744,552492000,0.0,0.0
2004-03-04 00:00:00-05:00,0.16856804145990978,0.17085733325845595,0.16719446910983315,0.17055240273475647,413352000,0.0,0.0
2004-03-05 00:00:00-05:00,0.1667365795703281,0.17322351947483508,0.1661267186070277,0.16933172941207886,354888000,0.0,0.0
2004-03-08 00:00:00-05:00,0.16940772943304877,0.17169702086129213,0.16215799273612,0.1634555608034134,465168000,0.0,0.0
2004-03-09 00:00:00-05:00,0.1648291295308342,0.1649820518681915,0.15956375433228945,0.1623108983039856,371232000,0.0,0.0
2004-03-10 00:00:00-05:00,0.16337958972442515,0.1651341103867384,0.15880100594365476,0.15994565188884735,481692000,0.0,0.0
2004-03-11 00:00:00-05:00,0.15780833539901762,0.16345555987701804,0.15780833539901762,0.15872405469417572,526872000,0.0,0.0
2004-03-12 00:00:00-05:00,0.1608613516950775,0.16406636267858293,0.15910591701536309,0.1620820015668869,377952000,0.0,0.0
2004-03-15 00:00:00-05:00,0.16109027127070993,0.16177706418267768,0.15742740757914067,0.15841911733150482,421224000,0.0,0.0
2004-03-16 00:00:00-05:00,0.16040348374433508,0.16597380400000686,0.15933484201542353,0.1652110069990158,597504000,0.0,0.0
2004-03-17 00:00:00-05:00,0.1678811942637876,0.17085727809920637,0.16719441513309552,0.16925477981567383,524592000,0.0,0.0
2004-03-18 00:00:00-05:00,0.16833906590087266,0.17322349282888466,0.16788119948757993,0.1711631417274475,528048000,0.0,0.0
2004-03-19 00:00:00-05:00,0.1702474704121542,0.17200197734028747,0.1681871050861822,0.1691788285970688,452964000,0.0,0.0
2004-03-22 00:00:00-05:00,0.1665846111076513,0.16917884733507457,0.16406639260599581,0.16788126528263092,576708000,0.0,0.0
2004-03-23 00:00:00-05:00,0.17017051225127924,0.17200193705466216,0.16666055769448404,0.16856800019741058,576036000,0.0,0.0
2004-03-24 00:00:00-05:00,0.16826316812509504,0.17894684732366287,0.16788130552134195,0.1761227697134018,787344000,0.0,0.0
2004-03-25 00:00:00-05:00,0.1781070380091106,0.18726421714577607,0.17780210754211284,0.18634849786758423,997128000,0.0,0.0
2004-03-26 00:00:00-05:00,0.1858147233724594,0.1887138908227932,0.1832965042900059,0.1858147233724594,551604000,0.0,0.0
2004-03-29 00:00:00-05:00,0.1884848875622539,0.1963454001117825,0.1881039529947157,0.19382718205451965,985764000,0.0,0.0
2004-03-30 00:00:00-05:00,0.19252962900629295,0.20054215031968398,0.1923766929827772,0.19962643086910248,724956000,0.0,0.0
2004-03-31 00:00:00-05:00,0.20061806856157455,0.20359415209138157,0.19955034142166023,0.20145778357982635,604752000,0.0,0.0
2004-04-01 00:00:00-05:00,0.20168677072647934,0.20580750091056904,0.19283453515458449,0.19787098467350006,1319508000,0.0,0.0
2004-04-02 00:00:00-05:00,0.2022206167070454,0.20351818466551913,0.1961164404681286,0.20069502294063568,649740000,0.0,0.0
2004-04-05 00:00:00-04:00,0.19962641494276037,0.20870759100574574,0.19962641494276037,0.20786787569522858,576744000,0.0,0.0
2004-04-06 00:00:00-04:00,0.20374712271767276,0.20519671251279412,0.1984057430563489,0.19947347044944763,624096000,0.0,0.0
2004-04-07 00:00:00-04:00,0.20099999321462858,0.20107599727875594,0.19489490194864204,0.19840575754642487,447864000,0.0,0.0
2004-04-08 00:00:00-04:00,0.2028314258665263,0.2060364368640515,0.20130493125737045,0.20405207574367523,447096000,0.0,0.0
2004-04-12 00:00:00-04:00,0.20565459917682472,0.2065703186034885,0.19901565039008118,0.2002372145652771,443784000,0.0,0.0
2004-04-13 00:00:00-04:00,0.20206867423745759,0.20222068239529098,0.19459000932461998,0.19558171927928925,442704000,0.0,0.0
2004-04-14 00:00:00-04:00,0.19458998405669017,0.20023720919420523,0.19237668279785783,0.1965743452310562,512016000,0.0,0.0
2004-04-15 00:00:00-04:00,0.19390318883768357,0.1947429041609668,0.18543280152337357,0.1862725168466568,828084000,0.0,0.0
2004-04-16 00:00:00-04:00,0.1855088326139922,0.18558575092541843,0.17978560264033722,0.18016745150089264,654864000,0.0,0.0
2004-04-19 00:00:00-04:00,0.18001448431831069,0.1812360483205135,0.17673346954117342,0.17993848025798798,522804000,0.0,0.0
2004-04-20 00:00:00-04:00,0.18039632803000588,0.18238068892098971,0.17223087229149028,0.1723078042268753,513804000,0.0,0.0
2004-04-21 00:00:00-04:00,0.1729945686389835,0.17856487420310904,0.17123914795002657,0.1725367158651352,688812000,0.0,0.0
2004-04-22 00:00:00-04:00,0.17093419769610274,0.17642851265546866,0.16734733875072105,0.17352843284606934,695520000,0.0,0.0
2004-04-23 00:00:00-04:00,0.1756648751226542,0.18032037750633054,0.1751310044476713,0.17734429240226746,443928000,0.0,0.0
2004-04-26 00:00:00-04:00,0.17772521370569924,0.17848891132619388,0.16994160559270097,0.170399472117424,429912000,0.0,0.0
2004-04-27 00:00:00-04:00,0.17238388404799354,0.1769624687716797,0.16833915643016978,0.1689499318599701,494568000,0.0,0.0
2004-04-28 00:00:00-04:00,0.16902587597941351,0.17162102589679945,0.16696551085574213,0.16826309263706207,468768000,0.0,0.0
2004-04-29 00:00:00-04:00,0.16727141451146443,0.16841606059616096,0.16139524804004438,0.16360853612422943,645048000,0.0,0.0
2004-04-30 00:00:00-04:00,0.1626927967201279,0.1636845065529737,0.15597691611801234,0.15658770501613617,512928000,0.0,0.0
2004-05-03 00:00:00-04:00,0.15826622650477332,0.15986873907022262,0.15185620353348903,0.15460336208343506,610668000,0.0,0.0
2004-05-04 00:00:00-04:00,0.15681664947764187,0.16643168390414242,0.15643480062170886,0.16444732248783112,772380000,0.0,0.0
2004-05-05 00:00:00-04:00,0.16460023176242175,0.1672713860125411,0.16322665942386033,0.1658208817243576,464280000,0.0,0.0
2004-05-06 00:00:00-04:00,0.16414241112220562,0.1684920690868319,0.16063246869113565,0.16719450056552887,711348000,0.0,0.0
2004-05-07 00:00:00-04:00,0.17207884842778953,0.17528385876151742,0.16757627018663115,0.16849198937416077,956772000,0.0,0.0
2004-05-10 00:00:00-04:00,0.1639895114767086,0.1657449332294049,0.15834318479411813,0.1619291454553604,669072000,0.0,0.0
2004-05-11 00:00:00-04:00,0.1639895328508159,0.16750039045906745,0.16330273953909777,0.1658978909254074,399936000,0.0,0.0
2004-05-12 00:00:00-04:00,0.16498212234207138,0.16521104882995916,0.1578853057007468,0.16360853612422943,482328000,0.0,0.0
2004-05-13 00:00:00-04:00,0.16223492737056489,0.1671184548385968,0.16177707449689813,0.16414237022399902,347952000,0.0,0.0
2004-05-14 00:00:00-04:00,0.16482916317975377,0.1677292300808391,0.16330265489966872,0.16414237022399902,459000000,0.0,0.0
2004-05-17 00:00:00-04:00,0.16177707775148867,0.16391344708473513,0.15910592358824452,0.16154813766479492,308340000,0.0,0.0
2004-05-18 00:00:00-04:00,0.1629977243945775,0.16604981307743313,0.16238693550708058,0.16414237022399902,204420000,0.0,0.0
2004-05-19 00:00:00-04:00,0.16780528538137787,0.17017059547588126,0.16292177006762473,0.16376055777072906,498276000,0.0,0.0
2004-05-20 00:00:00-04:00,0.1634556476626023,0.16620280702346757,0.16055556586730338,0.16139528155326843,421488000,0.0,0.0
2004-05-21 00:00:00-04:00,0.1633026745932876,0.16353160105772857,0.15956380614903995,0.1617770940065384,282096000,0.0,0.0
2004-05-24 00:00:00-04:00,0.1614712326927897,0.163073745205663,0.15933486318318055,0.1612423062324524,301620000,0.0,0.0
2004-05-25 00:00:00-04:00,0.16192907490477118,0.16902587597941351,0.1586480599416803,0.16826309263706207,681264000,0.0,0.0
2004-05-26 00:00:00-04:00,0.16826308339494744,0.17398631195453618,0.16727136003590698,0.17169702053070068,524568000,0.0,0.0
2004-05-27 00:00:00-04:00,0.17452023489281032,0.17711537180168238,0.17200200265420004,0.17223092913627625,556548000,0.0,0.0
2004-05-28 00:00:00-04:00,0.1743681802742434,0.1799384866696976,0.1729945944571973,0.17894676327705383,637980000,0.0,0.0
2004-06-01 00:00:00-04:00,0.17589379642517353,0.18062530275048305,0.17566486995742084,0.17879387736320496,318420000,0.0,0.0
2004-06-02 00:00:00-04:00,0.18314351641297044,0.18398323176626524,0.17726735104934457,0.17742027342319489,643800000,0.0,0.0
2004-06-03 00:00:00-04:00,0.177496303140196,0.17787816565920583,0.1683391348658605,0.16887390613555908,700824000,0.0,0.0
2004-06-04 00:00:00-04:00,0.17230786997651618,0.17268880464478006,0.16704249239113836,0.16719450056552887,649608000,0.0,0.0
2004-06-07 00:00:00-04:00,0.1699416301084597,0.17314664166285626,0.16780526048292976,0.1712392121553421,571956000,0.0,0.0
2004-06-08 00:00:00-04:00,0.1702474770221014,0.170552407554418,0.16566887965036645,0.16818711161613464,615000000,0.0,0.0
2004-06-09 00:00:00-04:00,0.16917882004728413,0.16940774648409948,0.1597927133305631,0.16032657027244568,498336000,0.0,0.0
2004-06-10 00:00:00-04:00,0.16292170299189437,0.1632266334645418,0.15727446486864075,0.15872405469417572,564516000,0.0,0.0
2004-06-14 00:00:00-04:00,0.15788526121839205,0.15788526121839205,0.15254296695834313,0.1537645310163498,424752000,0.0,0.0
2004-06-15 00:00:00-04:00,0.15635875542221814,0.1584191067297304,0.15460332093469653,0.1560538113117218,394584000,0.0,0.0
2004-06-16 00:00:00-04:00,0.15559599151687994,0.15658771505858288,0.15300084126404412,0.15361163020133972,252576000,0.0,0.0
2004-06-17 00:00:00-04:00,0.15261989489328154,0.15635877654847732,0.14979581840267206,0.15055952966213226,482376000,0.0,0.0
2004-06-18 00:00:00-04:00,0.1513983308601066,0.15498519073527384,0.1488040950376624,0.15078845620155334,534336000,0.0,0.0
2004-06-21 00:00:00-04:00,0.15101736898398882,0.15338266429557867,0.14712556566047527,0.1481172889471054,266568000,0.0,0.0
2004-06-22 00:00:00-04:00,0.1489570327425476,0.15300083130754305,0.147964395033306,0.15231405198574066,430308000,0.0,0.0
2004-06-23 00:00:00-04:00,0.1518561758427933,0.15551905324146903,0.1514752412872984,0.1549091786146164,264660000,0.0,0.0
2004-06-24 00:00:00-04:00,0.15902993772921942,0.15956380838827328,0.15239098829572673,0.1535356342792511,590652000,0.0,0.0
2004-06-25 00:00:00-04:00,0.15460334042693236,0.15635877513577742,0.15277190165017898,0.15452733635902405,329124000,0.0,0.0
2004-06-28 00:00:00-04:00,0.1567406136861969,0.15727447059074387,0.1526198835306879,0.153229758143425,299376000,0.0,0.0
2004-06-29 00:00:00-04:00,0.1541455015715852,0.1587240993350997,0.1535356404547677,0.15849517285823822,363852000,0.0,0.0
2004-06-30 00:00:00-04:00,0.15429833023807243,0.1586479848526037,0.15429833023807243,0.15620575845241547,329268000,0.0,0.0
2004-07-01 00:00:00-04:00,0.15796129612709703,0.1581902225951896,0.14880411459608545,0.1490330547094345,505620000,0.0,0.0
2004-07-02 00:00:00-04:00,0.1506354893088585,0.1507114933550402,0.1458279809507304,0.1469726264476776,294948000,0.0,0.0
2004-07-06 00:00:00-04:00,0.1452172433092894,0.14674373803755697,0.1367468554659427,0.13834935426712036,575388000,0.0,0.0
2004-07-07 00:00:00-04:00,0.1401047756091231,0.14300485605390129,0.13834934095368057,0.1390361338853836,344136000,0.0,0.0
2004-07-08 00:00:00-04:00,0.13773950467236337,0.14002879666168447,0.13453449315826252,0.1347634196281433,430056000,0.0,0.0
2004-07-09 00:00:00-04:00,0.13461045621342244,0.13476337855746875,0.12644500070340647,0.12896323204040527,1114500000,0.0,0.0
2004-07-12 00:00:00-04:00,0.12537729745189796,0.12896325683620719,0.12430865565667971,0.12598717212677002,676044000,0.0,0.0
2004-07-13 00:00:00-04:00,0.12751368182278486,0.12972696974447775,0.12438467437151222,0.12575826048851013,567108000,0.0,0.0
2004-07-14 00:00:00-04:00,0.1213325465966209,0.12469049309497332,0.11774568734533616,0.1201879009604454,901608000,0.0,0.0
2004-07-15 00:00:00-04:00,0.12140862366168514,0.12270619227508257,0.11858546051186244,0.11934825778007507,611352000,0.0,0.0
2004-07-16 00:00:00-04:00,0.12301106245741131,0.12316398479983089,0.11583824455738068,0.11583824455738068,464700000,0.0,0.0
2004-07-19 00:00:00-04:00,0.11614320744104394,0.11843249907860418,0.11454069510759907,0.11713584512472153,461088000,0.0,0.0
2004-07-20 00:00:00-04:00,0.11705894517867894,0.11995902649081364,0.11591429904700246,0.11950117349624634,341544000,0.0,0.0
2004-07-21 00:00:00-04:00,0.1213325793328606,0.1214855153621342,0.1118704744142882,0.112251415848732,613416000,0.0,0.0
2004-07-22 00:00:00-04:00,0.11354898892558969,0.1152275055818707,0.10988611765483246,0.11461763083934784,521460000,0.0,0.0
2004-07-23 00:00:00-04:00,0.11538041389703511,0.11553333626879189,0.11080182366147334,0.11156461387872696,371496000,0.0,0.0
2004-07-26 00:00:00-04:00,0.11301513144906393,0.11400685510736826,0.10736790524581634,0.10843654721975327,503208000,0.0,0.0
2004-07-27 00:00:00-04:00,0.10897039246198964,0.11232832597653938,0.10561245212481239,0.11202247440814972,789888000,0.0,0.0
2004-07-28 00:00:00-04:00,0.11179353665612077,0.11217539225628065,0.10607030110419541,0.10919930785894394,505116000,0.0,0.0
2004-07-29 00:00:00-04:00,0.11072582043206104,0.11919621482006158,0.11019104242026526,0.11637213826179504,747360000,0.0,0.0
2004-07-30 00:00:00-04:00,0.11492253615870468,0.11980606325197493,0.11469360973943911,0.11766969412565231,403956000,0.0,0.0
2004-08-02 00:00:00-04:00,0.1177457095414563,0.11965406666451228,0.1157622625807243,0.11919621378183365,420984000,0.0,0.0
2004-08-03 00:00:00-04:00,0.11973005928028047,0.11980606334276336,0.11209938785953369,0.11301510035991669,741540000,0.0,0.0
2004-08-04 00:00:00-04:00,0.11179355266119242,0.11530441551873816,0.11164154451401123,0.1142357736825943,507816000,0.0,0.0
2004-08-05 00:00:00-04:00,0.1154564255058232,0.11599119672585141,0.10912332115799879,0.1111067682504654,859920000,0.0,0.0
2004-08-06 00:00:00-04:00,0.07714921084842855,0.07783599703080207,0.07096811473918342,0.07195983827114105,5088948000,0.0,0.0
2004-08-09 00:00:00-04:00,0.07379128256267356,0.07684428620116486,0.07257063237569453,0.07516486197710037,1579212000,0.0,0.0
2004-08-10 00:00:00-04:00,0.07936249783550507,0.08188072291019288,0.07806492273430012,0.08111701160669327,2051916000,0.0,0.0
2004-08-11 00:00:00-04:00,0.08004927369831827,0.08004927369831827,0.07821784185798401,0.07875170558691025,963816000,0.0,0.0
2004-08-12 00:00:00-04:00,0.07898065141164898,0.07920957788944608,0.07676736342502179,0.076920285820961,654384000,0.0,0.0
2004-08-13 00:00:00-04:00,0.0787517294849212,0.08065916596727238,0.07806493636658303,0.08012530207633972,815700000,0.0,0.0
2004-08-16 00:00:00-04:00,0.07920956009886525,0.08134592929157954,0.07875170724610546,0.07936248928308487,531732000,0.0,0.0
2004-08-17 00:00:00-04:00,0.08111696649665155,0.08416996790335347,0.08035417667209213,0.08371210843324661,744912000,0.0,0.0
2004-08-18 00:00:00-04:00,0.08409309489891904,0.08928246051073074,0.08340630191282311,0.08928246051073074,872424000,0.0,0.0
2004-08-19 00:00:00-04:00,0.08874860415013318,0.09035110975756702,0.08760395143971385,0.08897753059864044,724404000,0.0,0.0
2004-08-20 00:00:00-04:00,0.0885196577468614,0.09553954699908616,0.08821380621686033,0.0942428931593895,1199040000,0.0,0.0
2004-08-23 00:00:00-04:00,0.09576848385176591,0.09729498521823482,0.09523462011903554,0.09630326181650162,800028000,0.0,0.0
2004-08-24 00:00:00-04:00,0.09767686592875306,0.09813472574741762,0.09088499320524322,0.09271642565727234,939420000,0.0,0.0
2004-08-25 00:00:00-04:00,0.09477676651271487,0.09737099551059222,0.0930213317881394,0.09668420255184174,721308000,0.0,0.0
2004-08-26 00:00:00-04:00,0.09653220256263197,0.09752392611151191,0.09576849806139381,0.09691314399242401,612720000,0.0,0.0
2004-08-27 00:00:00-04:00,0.0969900647963908,0.10011815790570758,0.09691314648726507,0.09874457865953445,565128000,0.0,0.0
2004-08-30 00:00:00-04:00,0.09836362443053184,0.09889748814977409,0.09538754006851803,0.09546354413032532,628056000,0.0,0.0
2004-08-31 00:00:00-04:00,0.09584541317313756,0.09630327289481058,0.09210562391779988,0.09508170187473297,587064000,0.0,0.0
2004-09-01 00:00:00-04:00,0.09386105503863855,0.09828671638060907,0.09264040503260373,0.09691314399242401,591744000,0.0,0.0
2004-09-02 00:00:00-04:00,0.09737098918323349,0.10164464173675923,0.09645526984615632,0.10088184475898743,770088000,0.0,0.0
2004-09-03 00:00:00-04:00,0.09782884269952774,0.09981319678556881,0.09699004171085583,0.09782884269952774,715056000,0.0,0.0
2004-09-07 00:00:00-04:00,0.09843966688047558,0.1005000327310924,0.0947007909237804,0.09599744528532028,727332000,0.0,0.0
2004-09-08 00:00:00-04:00,0.09607434701589623,0.09691314821920954,0.0937850550539903,0.09401398152112961,834984000,0.0,0.0
2004-09-09 00:00:00-04:00,0.0963032588971023,0.10507857593798228,0.09584539924197932,0.10340006649494171,1299324000,0.0,0.0
2004-09-10 00:00:00-04:00,0.10164466600491347,0.10790176685380752,0.10133972862287498,0.10736790299415588,1039344000,0.0,0.0
2004-09-13 00:00:00-04:00,0.10721495426682771,0.11156461113104009,0.10706294613089355,0.10942824184894562,967752000,0.0,0.0
2004-09-14 00:00:00-04:00,0.10843653339068311,0.1106489069075586,0.10759681800625039,0.10988610982894897,683556000,0.0,0.0
2004-09-15 00:00:00-04:00,0.10652815067400993,0.10683400218248239,0.1024074209212338,0.10378099977970123,1163904000,0.0,0.0
2004-09-16 00:00:00-04:00,0.10553643403725524,0.10874144475324014,0.1051545784491852,0.1076728031039238,810024000,0.0,0.0
2004-09-17 00:00:00-04:00,0.10851252038017137,0.11270925453209511,0.10759680106621164,0.11209938675165176,1003800000,0.0,0.0
2004-09-20 00:00:00-04:00,0.10988610574261935,0.11515148901975257,0.1085125334291303,0.1119464710354805,794628000,0.0,0.0
2004-09-21 00:00:00-04:00,0.11446471523582662,0.11583828777966035,0.11309113586936419,0.11492256820201874,503904000,0.0,0.0
2004-09-22 00:00:00-04:00,0.11187044132747052,0.11461759214751681,0.10904637222208872,0.10958115011453629,625920000,0.0,0.0
2004-09-23 00:00:00-04:00,0.11087781993721198,0.1111836714818533,0.1076728090444016,0.11057288944721222,578664000,0.0,0.0
2004-09-24 00:00:00-04:00,0.11103075751419536,0.11118367988676267,0.10561245190811593,0.10721495747566223,476316000,0.0,0.0
2004-09-27 00:00:00-04:00,0.10637614615268441,0.10759679588679368,0.10340006193688932,0.10530750453472137,406020000,0.0,0.0
2004-09-28 00:00:00-04:00,0.10507858940682485,0.10774973679589686,0.10362901301685422,0.10683402419090271,474840000,0.0,0.0
2004-09-29 00:00:00-04:00,0.10675709457228527,0.11248033052012499,0.1053835223112852,0.10942824184894562,537228000,0.0,0.0
2004-09-30 00:00:00-04:00,0.11064890850606436,0.11332005602271952,0.10858854310681915,0.1108018308877945,619680000,0.0,0.0
2004-10-01 00:00:00-04:00,0.11133569456211277,0.115991196574896,0.11080183075229001,0.1153804212808609,590412000,0.0,0.0
2004-10-04 00:00:00-04:00,0.11637217820168397,0.12018796591330938,0.11614325167978118,0.11866147071123123,673932000,0.0,0.0
2004-10-05 00:00:00-04:00,0.1157622710683309,0.11881436003503751,0.11492255566590523,0.11599119752645493,633180000,0.0,0.0
2004-10-06 00:00:00-04:00,0.11576226507182566,0.11698291501979828,0.11309111767488972,0.11644905805587769,498504000,0.0,0.0
2004-10-07 00:00:00-04:00,0.11858542144575802,0.12125656188517725,0.11652505624290292,0.11713584512472153,798072000,0.0,0.0
2004-10-08 00:00:00-04:00,0.11591426354543173,0.11637213004502449,0.10973317496296202,0.11072581261396408,693420000,0.0,0.0
2004-10-11 00:00:00-04:00,0.11087784171104431,0.11309112962672892,0.10889440132064145,0.11087784171104431,373848000,0.0,0.0
2004-10-12 00:00:00-04:00,0.10713896402555381,0.11011504901284126,0.10538353591143367,0.10927533358335495,827232000,0.0,0.0
2004-10-13 00:00:00-04:00,0.11255727018821292,0.11400685361499875,0.10767283440216505,0.1085885539650917,672816000,0.0,0.0
2004-10-14 00:00:00-04:00,0.10958115677463617,0.10958115677463617,0.10454470761292546,0.10530750453472137,513264000,0.0,0.0
2004-10-15 00:00:00-04:00,0.10553644760100263,0.10568937679585419,0.09981321149471781,0.10240744054317474,1280484000,0.0,0.0
2004-10-18 00:00:00-04:00,0.1017975759076078,0.10530752448124253,0.10095786735937685,0.10423888266086578,573972000,0.0,0.0
2004-10-19 00:00:00-04:00,0.10660505282932133,0.10767278001774153,0.10278926093053925,0.10355205088853836,618480000,0.0,0.0
2004-10-20 00:00:00-04:00,0.10324711735668508,0.10523147781723681,0.10263633550518096,0.1047736182808876,540204000,0.0,0.0
2004-10-21 00:00:00-04:00,0.10584138586267677,0.10851253323667345,0.10500258474304947,0.10713895410299301,1013964000,0.0,0.0
2004-10-22 00:00:00-04:00,0.10813067638312769,0.10835960282485914,0.10103386799529593,0.10133971273899078,686460000,0.0,0.0
2004-10-25 00:00:00-04:00,0.10050000503215932,0.10400994669216795,0.10027107176594882,0.10179757326841354,529164000,0.0,0.0
2004-10-26 00:00:00-04:00,0.1117935392844798,0.11591426270193103,0.1081306687180355,0.11057288944721222,2455776000,0.0,0.0
2004-10-27 00:00:00-04:00,0.10858853214639172,0.1156853402765399,0.10858853214639172,0.11362497508525848,1074036000,0.0,0.0
2004-10-28 00:00:00-04:00,0.11209937875600276,0.11446467411129899,0.11133566761997932,0.11240430921316147,561552000,0.0,0.0
2004-10-29 00:00:00-04:00,0.11133568567762654,0.11286218714271586,0.10942824281465635,0.11041996628046036,742860000,0.0,0.0
2004-11-01 00:00:00-05:00,0.11194648074619067,0.11286220024970177,0.11049690423608775,0.1127861961722374,653892000,0.0,0.0
2004-11-02 00:00:00-05:00,0.1124803322905353,0.11675398515404674,0.11156461288703722,0.11438868939876556,1095756000,0.0,0.0
2004-11-03 00:00:00-05:00,0.11904326174658196,0.11942512415337841,0.11484652771641161,0.11545640230178833,910356000,0.0,0.0
2004-11-04 00:00:00-05:00,0.11629613001531877,0.11904327452718186,0.11385390918362788,0.11759369820356369,995544000,0.0,0.0
2004-11-05 00:00:00-05:00,0.1358311089375311,0.1432337677105977,0.13308396478454823,0.13461045920848846,3849012000,0.0,0.0
2004-11-08 00:00:00-05:00,0.13316092088014753,0.1378915130238719,0.1325501319036231,0.13606007397174835,718620000,0.0,0.0
2004-11-09 00:00:00-05:00,0.13399973917729655,0.1372047514308352,0.13392373508053176,0.13522131741046906,615936000,0.0,0.0
2004-11-10 00:00:00-05:00,0.135068381339277,0.1365179718627439,0.1344576058679505,0.13522131741046906,645912000,0.0,0.0
2004-11-11 00:00:00-05:00,0.13606010640309552,0.13789154589176178,0.13514438665876238,0.13789154589176178,507000000,0.0,0.0
2004-11-12 00:00:00-05:00,0.14002880003582532,0.14040973467334444,0.13674687013122147,0.13812044262886047,647076000,0.0,0.0
2004-11-15 00:00:00-05:00,0.1367468440713308,0.1411734191546028,0.1359080429976113,0.1401807814836502,536472000,0.0,0.0
2004-11-16 00:00:00-05:00,0.14063864777573304,0.14216514237445121,0.1371286926569909,0.13972292840480804,472728000,0.0,0.0
2004-11-17 00:00:00-05:00,0.14193623591011464,0.1458280403727174,0.14056266348312507,0.14208915829658508,602772000,0.0,0.0
2004-11-18 00:00:00-05:00,0.14330979660414989,0.14514123545369792,0.1403337118849481,0.14392058551311493,532524000,0.0,0.0
2004-11-19 00:00:00-05:00,0.15490916828912255,0.15666368857480004,0.1435387017087376,0.1446833610534668,2126052000,0.0,0.0
2004-11-22 00:00:00-05:00,0.14521723841225484,0.14880409836769104,0.143843666108243,0.14880409836769104,733788000,0.0,0.0
2004-11-23 00:00:00-05:00,0.14758344329218448,0.15101739440040032,0.14636187917144647,0.14941488206386566,676896000,0.0,0.0
2004-11-24 00:00:00-05:00,0.1492619597704373,0.1524669707998415,0.14888009732239818,0.15002475678920746,428580000,0.0,0.0
2004-11-26 00:00:00-05:00,0.15071162026252044,0.15292490907394418,0.14941496558135528,0.15155133605003357,350760000,0.0,0.0
2004-11-29 00:00:00-05:00,0.15269596364066862,0.15376460585922702,0.147277662679539,0.14857523143291473,704388000,0.0,0.0
2004-11-30 00:00:00-05:00,0.14918593495150406,0.14933794306583129,0.14514120916614665,0.14598092436790466,576540000,0.0,0.0
2004-12-01 00:00:00-05:00,0.1472775986599128,0.14964380860328674,0.14620987113793257,0.14964380860328674,514572000,0.0,0.0
2004-12-02 00:00:00-05:00,0.14819336364776992,0.15277194834380978,0.14704871747375997,0.1516273021697998,758652000,0.0,0.0
2004-12-03 00:00:00-05:00,0.1552900811768287,0.16025052569072107,0.15475622436991227,0.15819016098976135,1347312000,0.0,0.0
2004-12-06 00:00:00-05:00,0.1589529999119454,0.16704245275981366,0.1561298376322993,0.1657448709011078,970500000,0.0,0.0
2004-12-07 00:00:00-05:00,0.17543586872137226,0.19046921095565683,0.17200193196571903,0.17406229674816132,2927052000,0.0,0.0
2004-12-08 00:00:00-05:00,0.1765046323171549,0.17932778204972952,0.17474919689647853,0.1761227697134018,872724000,0.0,0.0
2004-12-09 00:00:00-05:00,0.1729946153046917,0.17635163466632434,0.16963668171095192,0.17452020943164825,869964000,0.0,0.0
2004-12-10 00:00:00-05:00,0.17856490578427392,0.17978556927697356,0.17680948478485153,0.17787812650203705,652848000,0.0,0.0
2004-12-13 00:00:00-05:00,0.17520698709925647,0.17749627885461244,0.17215489828772956,0.17299461364746094,738024000,0.0,0.0
2004-12-14 00:00:00-05:00,0.17314663470929958,0.17665750455310417,0.1728417041686013,0.17650458216667175,512988000,0.0,0.0
2004-12-15 00:00:00-05:00,0.17825993066197068,0.17864087876952162,0.1755127869302992,0.17810700833797455,432768000,0.0,0.0
2004-12-16 00:00:00-05:00,0.1832964658561181,0.18970648912671792,0.180167458302922,0.18047238886356354,1524036000,0.0,0.0
2004-12-17 00:00:00-05:00,0.18383028678767616,0.1845930838008231,0.17391032326959668,0.17597068846225739,1214244000,0.0,0.0
2004-12-20 00:00:00-05:00,0.17803101820896028,0.1807781758006339,0.17314657755093676,0.17406229674816132,898728000,0.0,0.0
2004-12-21 00:00:00-05:00,0.1740623217573197,0.17658055332281797,0.1697895834744453,0.17535988986492157,899400000,0.0,0.0
2004-12-22 00:00:00-05:00,0.1788698310427022,0.1797095462438451,0.17520695400969888,0.17558881640434265,421824000,0.0,0.0
2004-12-23 00:00:00-05:00,0.17459713769447754,0.1780310755562697,0.17375742227880697,0.1760467141866684,366972000,0.0,0.0
2004-12-27 00:00:00-05:00,0.17848891829923066,0.17925171536270895,0.17360448999168254,0.17452020943164825,308208000,0.0,0.0
2004-12-28 00:00:00-05:00,0.17490207163837015,0.1762756440807815,0.17291771023013006,0.17360450327396393,291612000,0.0,0.0
2004-12-29 00:00:00-05:00,0.17307059824842086,0.1772673324654917,0.17261274540696034,0.1751309633255005,294732000,0.0,0.0
2004-12-30 00:00:00-05:00,0.17520698199710136,0.1766574862278398,0.1736814015744407,0.17444419860839844,259812000,0.0,0.0
2004-12-31 00:00:00-05:00,0.1769624318206711,0.1807013001814634,0.1762756387974219,0.1797855943441391,575964000,0.0,0.0
2005-01-03 00:00:00-05:00,0.18604357121836196,0.18863779311144854,0.17917568331361458,0.17993848025798798,1066716000,0.0,0.0
2005-01-04 00:00:00-05:00,0.18123611150435384,0.18154104208391614,0.16872099474724045,0.17146815359592438,790224000,0.0,0.0
2005-01-05 00:00:00-05:00,0.16963665749270584,0.17513095970284856,0.16872093818347317,0.17307059466838837,724812000,0.0,0.0
2005-01-06 00:00:00-05:00,0.17612268925892005,0.17818305436574108,0.17017053400774562,0.17139209806919098,563568000,0.0,0.0
2005-01-07 00:00:00-05:00,0.17177307126762165,0.17307063968500924,0.165591974556504,0.1681102067232132,763092000,0.0,0.0
2005-01-10 00:00:00-05:00,0.16864491170849213,0.17017050541488862,0.167500266135393,0.16849198937416077,579552000,0.0,0.0
2005-01-11 00:00:00-05:00,0.1668895504139301,0.1678052700021698,0.16078447115700972,0.1633026897907257,1093380000,0.0,0.0
2005-01-12 00:00:00-05:00,0.16475320938381025,0.16536308427585408,0.1579613358405673,0.1619291454553604,1057800000,0.0,0.0
2005-01-13 00:00:00-05:00,0.16231096763685315,0.167881275657656,0.15872410698008382,0.16360853612422943,898764000,0.0,0.0
2005-01-14 00:00:00-05:00,0.16666058831967542,0.16704245077033897,0.1625398578756561,0.16414237022399902,573912000,0.0,0.0
2005-01-18 00:00:00-05:00,0.1623109125468883,0.16711843538709797,0.1619290637859241,0.16673657298088074,464556000,0.0,0.0
2005-01-19 00:00:00-05:00,0.16750032552047958,0.16788126014358082,0.16223494855935125,0.162921741604805,336492000,0.0,0.0
2005-01-20 00:00:00-05:00,0.1596398250830245,0.16727141294618195,0.1596398250830245,0.1633026897907257,640080000,0.0,0.0
2005-01-21 00:00:00-05:00,0.16353161780675768,0.16681354789043124,0.16299776074577413,0.16360853612422943,596352000,0.0,0.0
2005-01-24 00:00:00-05:00,0.16269281236142438,0.165058108357078,0.15612985349958175,0.15704557299613953,463704000,0.0,0.0
2005-01-25 00:00:00-05:00,0.15773237065630277,0.1620060240794729,0.15681665113288612,0.1597927361726761,439704000,0.0,0.0
2005-01-26 00:00:00-05:00,0.1603265667807463,0.16406636256967425,0.15765634060691844,0.16185307502746582,429120000,0.0,0.0
2005-01-27 00:00:00-05:00,0.16215800510458547,0.17558883786934876,0.1611662816679926,0.17482604086399078,1002912000,0.0,0.0
2005-01-28 00:00:00-05:00,0.1755128636528243,0.17619964306333105,0.17078134363231953,0.1745971441268921,671052000,0.0,0.0
2005-01-31 00:00:00-05:00,0.17604672753025294,0.1781830972148323,0.1724598670113825,0.174902081489563,562968000,0.0,0.0
2005-02-01 00:00:00-05:00,0.17474909715738732,0.17894674518873896,0.17368136980964075,0.17818303406238556,507180000,0.0,0.0
2005-02-02 00:00:00-05:00,0.18520384902736303,0.18955350529076528,0.17993847350136255,0.18810392916202545,2035404000,0.0,0.0
2005-02-03 00:00:00-05:00,0.18611964583396912,0.1874172143883842,0.18352540931219152,0.18611964583396912,690120000,0.0,0.0
2005-02-04 00:00:00-05:00,0.18619561490567108,0.19733714365980234,0.18611961083083026,0.1968032866716385,806448000,0.0,0.0
2005-02-07 00:00:00-05:00,0.19703217676460957,0.20069504033095364,0.1926825203097777,0.19443702697753906,521628000,0.0,0.0
2005-02-08 00:00:00-05:00,0.1932163674690213,0.19947346627535753,0.1926055923173592,0.19634537398815155,455772000,0.0,0.0
2005-02-09 00:00:00-05:00,0.1968791859603986,0.19748996093046622,0.18848480644450338,0.18947744369506836,783756000,0.0,0.0
2005-02-10 00:00:00-05:00,0.19046926995950714,0.1948949313354156,0.18978247693752004,0.19390320777893066,602376000,0.0,0.0
2005-02-11 00:00:00-05:00,0.19268255925500558,0.20100002507779613,0.19199576622770234,0.19955043494701385,556512000,0.0,0.0
2005-02-14 00:00:00-05:00,0.19947349332932768,0.20023720457571878,0.1945899795684574,0.19535276293754578,432900000,0.0,0.0
2005-02-15 00:00:00-05:00,0.19665034137202253,0.20336529377901583,0.19634539723080283,0.197108194231987,748500000,0.0,0.0
2005-02-16 00:00:00-05:00,0.1964973888710057,0.19932146502754994,0.19291144365450666,0.19642138481140137,466464000,0.0,0.0
2005-02-17 00:00:00-05:00,0.19909258891714948,0.1991685929959561,0.1931404188618391,0.19466601312160492,1017408000,0.0,0.0
2005-02-18 00:00:00-05:00,0.2096232578273937,0.21595635993795087,0.20382309828431733,0.21572743356227875,3132120000,0.0,0.0
2005-02-22 00:00:00-05:00,0.21427787759044598,0.2235110609212474,0.21237043494733315,0.2184746116399765,1420800000,0.0,0.0
2005-02-23 00:00:00-05:00,0.21496473327006,0.21763587422012717,0.20786791692070553,0.21137785911560059,1107840000,0.0,0.0
2005-02-24 00:00:00-05:00,0.2084786873494874,0.21725400599382355,0.2084786873494874,0.21694907546043396,695496000,0.0,0.0
2005-02-25 00:00:00-05:00,0.217254053499865,0.22122186281115633,0.21488875703604882,0.22007721662521362,525132000,0.0,0.0
2005-02-28 00:00:00-05:00,0.21900946065746763,0.22129875273556202,0.21710110322248508,0.22122183442115784,758064000,0.0,0.0
2005-03-01 00:00:00-05:00,0.22221446412139342,0.22587732858254964,0.21847466770340596,0.22068795561790466,737148000,0.0,0.0
2005-03-02 00:00:00-05:00,0.2182457095308463,0.2194672736619172,0.21290432918332458,0.2142018973827362,947460000,0.0,0.0
2005-03-03 00:00:00-05:00,0.21366714295147318,0.21504071532686087,0.208172826159411,0.21130183339118958,761292000,0.0,0.0
2005-03-04 00:00:00-05:00,0.21191256195005184,0.21374400035893412,0.20863063327261994,0.21038606762886047,593124000,0.0,0.0
2005-03-07 00:00:00-05:00,0.2113017825073452,0.21694902032021451,0.2098522064067352,0.21252243220806122,511176000,0.0,0.0
2005-03-08 00:00:00-05:00,0.21198863354846686,0.21244648647394687,0.2003892379277683,0.20176281034946442,1332384000,0.0,0.0
2005-03-09 00:00:00-05:00,0.20046613282902456,0.20420501445417122,0.19588754952782605,0.19649741053581238,910140000,0.0,0.0
2005-03-10 00:00:00-05:00,0.1971081776889607,0.19886361220601245,0.19329237818448405,0.19642138481140137,689280000,0.0,0.0
2005-03-11 00:00:00-05:00,0.19817682001949544,0.1984817504909318,0.19024029051249447,0.19199572503566742,732180000,0.0,0.0
2005-03-14 00:00:00-05:00,0.1959635404613617,0.1982528319585213,0.19458996829211667,0.1974131166934967,572148000,0.0,0.0
2005-03-15 00:00:00-05:00,0.1984057872974242,0.20031323033321888,0.19329241867163693,0.1934453547000885,378108000,0.0,0.0
2005-03-16 00:00:00-05:00,0.19268251433416564,0.19573460262343528,0.1900873646275778,0.19016428291797638,535356000,0.0,0.0
2005-03-17 00:00:00-05:00,0.19077418382822414,0.1914609767902139,0.1877980991866082,0.18825596570968628,442584000,0.0,0.0
2005-03-18 00:00:00-05:00,0.18840889794944574,0.18901967322922836,0.1810071519308009,0.18444108963012695,639012000,0.0,0.0
2005-03-21 00:00:00-05:00,0.18436412196159563,0.19123199552137488,0.18321947636829908,0.19077414274215698,654456000,0.0,0.0
2005-03-22 00:00:00-05:00,0.19092713488142507,0.19268256987800142,0.18665348138799553,0.18734027445316315,622992000,0.0,0.0
2005-03-23 00:00:00-05:00,0.18711134746252406,0.19268256934526234,0.18673039918428486,0.19138500094413757,728784000,0.0,0.0
2005-03-24 00:00:00-05:00,0.19191880661588373,0.19710817824486138,0.19161387614465064,0.19176679849624634,865356000,0.0,0.0
2005-03-28 00:00:00-05:00,0.19184282747974946,0.19458998570938452,0.18779810102761726,0.18962953984737396,511188000,0.0,0.0
2005-03-29 00:00:00-05:00,0.18940066045045004,0.19153794454400136,0.18459313576578673,0.18543285131454468,587400000,0.0,0.0
2005-03-30 00:00:00-05:00,0.18550885540311585,0.18810400613796086,0.17909883158707027,0.18543285131454468,858708000,0.0,0.0
2005-03-31 00:00:00-05:00,0.1843641730977921,0.18566174138801858,0.1804723688139819,0.18131208419799805,518316000,0.0,0.0
2005-04-01 00:00:00-05:00,0.18352534511051635,0.18459307255938795,0.17848889565236284,0.17955662310123444,510756000,0.0,0.0
2005-04-04 00:00:00-04:00,0.17856488445193944,0.17909875495336905,0.1745201723710893,0.17848888039588928,421428000,0.0,0.0
2005-04-05 00:00:00-04:00,0.17856490069307543,0.1823037820712164,0.1742912481782049,0.17535988986492157,430128000,0.0,0.0
2005-04-06 00:00:00-04:00,0.17864099158681754,0.18161706356806775,0.17742032762884033,0.17803111672401428,567468000,0.0,0.0
2005-04-07 00:00:00-04:00,0.17894678830277508,0.18314352311335055,0.17589378517085622,0.18131208419799805,506352000,0.0,0.0
2005-04-08 00:00:00-04:00,0.18207485581304397,0.18611958191064393,0.17856490085265153,0.17894676327705383,621540000,0.0,0.0
2005-04-11 00:00:00-04:00,0.18024348517629216,0.18085427425229125,0.17490210318613217,0.17543596029281616,328380000,0.0,0.0
2005-04-12 00:00:00-04:00,0.17490200588911128,0.1778780897666118,0.17101020284582208,0.17757315933704376,512232000,0.0,0.0
2005-04-13 00:00:00-04:00,0.17780216304169197,0.17826001600107672,0.1690259156913491,0.17017057538032532,498408000,0.0,0.0
2005-04-14 00:00:00-04:00,0.17055236113267955,0.1721548595426694,0.16818706583819332,0.16879692673683167,352080000,0.0,0.0
2005-04-15 00:00:00-04:00,0.16666061008647778,0.16788126014358082,0.16139523312534945,0.162921741604805,630156000,0.0,0.0
2005-04-18 00:00:00-04:00,0.16192910216138562,0.16543995837336242,0.16101338265836554,0.1617770940065384,473100000,0.0,0.0
2005-04-19 00:00:00-04:00,0.1644472832028878,0.16864493149985446,0.16368448626017135,0.16742336750030518,365460000,0.0,0.0
2005-04-20 00:00:00-04:00,0.17024742706673623,0.17131515437786968,0.16215797596662826,0.1623108983039856,564672000,0.0,0.0
2005-04-21 00:00:00-04:00,0.16559195025610976,0.1719259684321502,0.1641423738892286,0.17131519317626953,538152000,0.0,0.0
2005-04-22 00:00:00-04:00,0.17024749231534808,0.17139213834979083,0.16772926012336833,0.16971270740032196,336276000,0.0,0.0
2005-04-25 00:00:00-04:00,0.17116318006182624,0.17368139814054614,0.1703234647431502,0.17238382995128632,318168000,0.0,0.0
2005-04-26 00:00:00-04:00,0.1724598256545517,0.17604668531327314,0.1681101690139504,0.17162102460861206,353148000,0.0,0.0
2005-04-27 00:00:00-04:00,0.1671184866999884,0.16772926205867594,0.1616241692969597,0.16505812108516693,609348000,0.0,0.0
2005-04-28 00:00:00-04:00,0.16452422760021,0.16780524289082174,0.1629217288136404,0.16559195518493652,372948000,0.0,0.0
2005-04-29 00:00:00-04:00,0.16719446410604683,0.16849203234439394,0.1596397959388379,0.16734738647937775,478356000,0.0,0.0
2005-05-02 00:00:00-04:00,0.1693317227200709,0.1712391653514911,0.1642183551783085,0.16673657298088074,334908000,0.0,0.0
2005-05-03 00:00:00-04:00,0.16688952354177589,0.16994161238529717,0.16513410237770457,0.1658208817243576,439512000,0.0,0.0
2005-05-04 00:00:00-04:00,0.16658454312617502,0.17230778450562287,0.16604977208421118,0.17108620703220367,468816000,0.0,0.0
2005-05-05 00:00:00-04:00,0.17207888920520473,0.17658056792651927,0.17116318344593254,0.17444419860839844,619272000,0.0,0.0
2005-05-06 00:00:00-04:00,0.1765045741014168,0.17688642293396625,0.17245984743816956,0.17680950462818146,355728000,0.0,0.0
2005-05-09 00:00:00-04:00,0.17757319292699095,0.18131206070157668,0.17650455122835604,0.18009141087532043,745332000,0.0,0.0
2005-05-10 00:00:00-04:00,0.1778021135692072,0.1778781176305466,0.1710862336952676,0.17307059466838837,735120000,0.0,0.0
2005-05-11 00:00:00-04:00,0.17398636238838006,0.17474915955520148,0.16986563117288864,0.17017057538032532,555420000,0.0,0.0
2005-05-12 00:00:00-04:00,0.17017052312677558,0.17619959628845902,0.17001850136322483,0.17391030490398407,835584000,0.0,0.0
2005-05-13 00:00:00-04:00,0.18962951584857224,0.19436102102537045,0.18161698226011413,0.19329237937927246,2650320000,0.0,0.0
2005-05-16 00:00:00-04:00,0.1910030455617934,0.19527669696541838,0.19092704151859313,0.19397912919521332,664104000,0.0,0.0
2005-05-17 00:00:00-04:00,0.19283456254137754,0.19703221161709247,0.19268255439286175,0.19611649215221405,639804000,0.0,0.0
2005-05-18 00:00:00-04:00,0.19565863291491647,0.19802392875225028,0.19359826759688498,0.19756606221199036,550056000,0.0,0.0
2005-05-19 00:00:00-04:00,0.1980239054185945,0.19886362068311333,0.1949718169531337,0.19718419015407562,452880000,0.0,0.0
2005-05-20 00:00:00-04:00,0.19695524140556142,0.20077102699486363,0.19466595016930788,0.20069502294063568,517008000,0.0,0.0
2005-05-23 00:00:00-04:00,0.20206863895238245,0.20741001911045118,0.20145785008588368,0.2053496539592743,703668000,0.0,0.0
2005-05-24 00:00:00-04:00,0.2043579143849457,0.20901250124308318,0.2033652768045999,0.20824971795082092,522192000,0.0,0.0
2005-05-25 00:00:00-04:00,0.20779185295279057,0.20885958036836777,0.2035942046547705,0.20557856559753418,535272000,0.0,0.0
2005-05-26 00:00:00-04:00,0.20741006396376652,0.21298037175540135,0.20702820144365153,0.21137785911560059,788784000,0.0,0.0
2005-05-27 00:00:00-04:00,0.21198866151921314,0.21198866151921314,0.20779192597827337,0.2100042998790741,322740000,0.0,0.0
2005-05-31 00:00:00-04:00,0.2090885155302803,0.21084395013400842,0.2033652867522061,0.2067992240190506,763176000,0.0,0.0
2005-06-01 00:00:00-04:00,0.205425671379706,0.21252247301045463,0.2029843715095664,0.20870760083198547,796632000,0.0,0.0
2005-06-02 00:00:00-04:00,0.20794390111803565,0.2164912074804306,0.20794390111803565,0.2164912074804306,684348000,0.0,0.0
2005-06-03 00:00:00-04:00,0.2157274783819494,0.2177118257725664,0.21366711328233576,0.2159564048051834,559620000,0.0,0.0
2005-06-06 00:00:00-04:00,0.21206464182287163,0.2162622911253254,0.21191263366614502,0.21389608085155487,512892000,0.0,0.0
2005-06-07 00:00:00-04:00,0.21244646893986865,0.21595642424916112,0.20794388955251936,0.20870760083198547,974136000,0.0,0.0
2005-06-08 00:00:00-04:00,0.20924143939387208,0.21214151977407258,0.20504471876727073,0.20725709199905396,618720000,0.0,0.0
2005-06-09 00:00:00-04:00,0.20565457930711523,0.21603332310093176,0.20542565288388123,0.2159564048051834,619908000,0.0,0.0
2005-06-10 00:00:00-04:00,0.2157274446866198,0.21595637107409688,0.21206456790597988,0.21351505815982819,465096000,0.0,0.0
2005-06-13 00:00:00-04:00,0.21366708770185242,0.22427475664893992,0.21305721315565987,0.21824567019939423,1409916000,0.0,0.0
2005-06-14 00:00:00-04:00,0.21832262008758022,0.22190856558908015,0.19848176557359995,0.2053496539592743,2408412000,0.0,0.0
2005-06-15 00:00:00-04:00,0.20405207731361225,0.20565458964733144,0.1966503454627029,0.20473887026309967,1669788000,0.0,0.0
2005-06-16 00:00:00-04:00,0.2046628760651027,0.20718109425923653,0.2016867913341458,0.20580752193927765,489240000,0.0,0.0
2005-06-17 00:00:00-04:00,0.20832573847155803,0.20870758726383945,0.20481578339044887,0.2053496539592743,456348000,0.0,0.0
2005-06-20 00:00:00-04:00,0.20534965253746593,0.209852231600926,0.20199171925615056,0.2084786593914032,606060000,0.0,0.0
2005-06-21 00:00:00-04:00,0.20985223361832203,0.21145474591588262,0.20786787252745298,0.21046210825443268,428172000,0.0,0.0
2005-06-22 00:00:00-04:00,0.21267542454179456,0.2141250010264441,0.20763897418354743,0.2102331966161728,700668000,0.0,0.0
2005-06-23 00:00:00-04:00,0.20985219502443994,0.2161092934097025,0.20908848393302285,0.21351505815982819,836976000,0.0,0.0
2005-06-24 00:00:00-04:00,0.21313326540216163,0.21320926947399055,0.20557859711492024,0.20672324299812317,475632000,0.0,0.0
2005-06-27 00:00:00-04:00,0.20542566607294158,0.2071050830844063,0.20321329270380004,0.2050447314977646,354588000,0.0,0.0
2005-06-28 00:00:00-04:00,0.20588353418752278,0.20771497311704348,0.20359424234824977,0.20634140074253082,262308000,0.0,0.0
2005-06-29 00:00:00-04:00,0.20641835415268545,0.20679928882084003,0.20275547567073018,0.20443399250507355,283572000,0.0,0.0
2005-06-30 00:00:00-04:00,0.20580755695435474,0.2077150002068891,0.20229761466343626,0.20390011370182037,593232000,0.0,0.0
2005-07-01 00:00:00-04:00,0.20321326178787863,0.20512070436027627,0.20069503041797576,0.20481576025485992,315168000,0.0,0.0
2005-07-05 00:00:00-04:00,0.2055785627760085,0.2088595775018108,0.20359420186047977,0.20802077651023865,388440000,0.0,0.0
2005-07-06 00:00:00-04:00,0.20870758640648046,0.2145068193986526,0.2063413765383873,0.21359111368656158,703632000,0.0,0.0
2005-07-07 00:00:00-04:00,0.21023315541444396,0.21366710623063787,0.20954637616740787,0.21206459403038025,465900000,0.0,0.0
2005-07-08 00:00:00-04:00,0.21336221983211878,0.2154225854211512,0.21061507481024694,0.21473580598831177,408132000,0.0,0.0
2005-07-11 00:00:00-04:00,0.21664319570438337,0.2201540651181219,0.21572748996229188,0.2179407775402069,399492000,0.0,0.0
2005-07-12 00:00:00-04:00,0.2177878329543987,0.21839862181435643,0.21229353049185118,0.2167201191186905,564252000,0.0,0.0
2005-07-13 00:00:00-04:00,0.2176357868861102,0.218245661407735,0.21336213501119547,0.2170250117778778,594780000,0.0,0.0
2005-07-14 00:00:00-04:00,0.2193143314650756,0.2235879838959507,0.20710506359211678,0.20741000771522522,1871496000,0.0,0.0
2005-07-15 00:00:00-04:00,0.20679925196054366,0.20741004089118315,0.2016107936209381,0.20519675314426422,1223352000,0.0,0.0
2005-07-18 00:00:00-04:00,0.2045868631794252,0.2046628672473801,0.19802391873414776,0.20008428394794464,1044900000,0.0,0.0
2005-07-19 00:00:00-04:00,0.20130492277730722,0.20328928381409136,0.19977934246446158,0.2028314173221588,517896000,0.0,0.0
2005-07-20 00:00:00-04:00,0.20046611894495875,0.20672321822335377,0.1977189746126057,0.20588350296020508,526500000,0.0,0.0
2005-07-21 00:00:00-04:00,0.2032132795171868,0.20412899885474758,0.19817682998322944,0.20237356424331665,594528000,0.0,0.0
2005-07-22 00:00:00-04:00,0.20336529377901583,0.20626537423856425,0.19565861794085612,0.197108194231987,699264000,0.0,0.0
2005-07-25 00:00:00-04:00,0.19481893369964232,0.20435796402091067,0.1939792182665752,0.198252871632576,974952000,0.0,0.0
2005-07-26 00:00:00-04:00,0.1974131187730499,0.202678494730084,0.19665033544012908,0.20237356424331665,759492000,0.0,0.0
2005-07-27 00:00:00-04:00,0.2026784870905784,0.20741000595942452,0.1992445499381003,0.2064942866563797,807828000,0.0,0.0
2005-07-28 00:00:00-04:00,0.20611241159439142,0.20908849573533803,0.20328926344293485,0.20809677243232727,411240000,0.0,0.0
2005-07-29 00:00:00-04:00,0.20725708360580244,0.20947037097996202,0.20481577040391213,0.2064942866563797,351660000,0.0,0.0
2005-08-01 00:00:00-04:00,0.2077149352009576,0.21053901138611444,0.20634136307717546,0.2096232920885086,389040000,0.0,0.0
2005-08-02 00:00:00-04:00,0.20985225859891712,0.21313327400520218,0.2095464138350506,0.21244648098945618,422652000,0.0,0.0
2005-08-03 00:00:00-04:00,0.21244648098945618,0.21443084231654155,0.21053905161466313,0.21244648098945618,518256000,0.0,0.0
2005-08-04 00:00:00-04:00,0.21084398556693087,0.2117597050543627,0.20977534369508488,0.2102331966161728,356424000,0.0,0.0
2005-08-05 00:00:00-04:00,0.2099282318756231,0.21603332311100587,0.20847865562715487,0.2155754566192627,684096000,0.0,0.0
2005-08-08 00:00:00-04:00,0.21702505490347715,0.221069781195525,0.21481176735870036,0.21633826196193695,725544000,0.0,0.0
2005-08-09 00:00:00-04:00,0.21664315554424685,0.21717794026128898,0.21343814510529055,0.21580436825752258,291900000,0.0,0.0
2005-08-10 00:00:00-04:00,0.21672015749588033,0.21778787152066123,0.2103861386252242,0.21259942650794983,440556000,0.0,0.0
2005-08-11 00:00:00-04:00,0.21259938582657428,0.21595640481525394,0.21053902072686456,0.2155754566192627,701556000,0.0,0.0
2005-08-12 00:00:00-04:00,0.22824255448257452,0.230531845772611,0.2204589613674,0.22854749858379364,2295420000,0.0,0.0
2005-08-15 00:00:00-04:00,0.22931135413977694,0.23671311725847166,0.22641128570682825,0.23434782028198242,882804000,0.0,0.0
2005-08-16 00:00:00-04:00,0.2321344202073563,0.23419477188442692,0.22870046890664295,0.23037898540496826,637488000,0.0,0.0
2005-08-17 00:00:00-04:00,0.22938724825058138,0.2332030620205506,0.22923433951981556,0.23037898540496826,607572000,0.0,0.0
2005-08-18 00:00:00-04:00,0.22862443955648712,0.22976907166982657,0.22343506767241153,0.22442679107189178,822732000,0.0,0.0
2005-08-19 00:00:00-04:00,0.22480869663039216,0.22549548971710315,0.22213755565681287,0.2228243350982666,422232000,0.0,0.0
2005-08-22 00:00:00-04:00,0.2224433674514684,0.22602931322801242,0.21839864090452668,0.22099286317825317,547224000,0.0,0.0
2005-08-23 00:00:00-04:00,0.2207639708343391,0.22358804786819178,0.22000118730546742,0.22244340181350708,254460000,0.0,0.0
2005-08-24 00:00:00-04:00,0.2209928663175943,0.22732688471024473,0.21992515237338991,0.22259537875652313,514620000,0.0,0.0
2005-08-25 00:00:00-04:00,0.22358799678420696,0.2253425172134886,0.22167963975916297,0.2241218537092209,296484000,0.0,0.0
2005-08-26 00:00:00-04:00,0.2243508337243175,0.2243508337243175,0.2185515860149806,0.22068795561790466,323436000,0.0,0.0
2005-08-29 00:00:00-04:00,0.21862758480366712,0.22129873923945495,0.21687216351757876,0.2210698127746582,343392000,0.0,0.0
2005-08-30 00:00:00-04:00,0.22068794547596496,0.22954019614020857,0.2203830149402607,0.22900541126728058,948852000,0.0,0.0
2005-08-31 00:00:00-04:00,0.22847151993389825,0.23701789725530611,0.2277847270124147,0.2341187447309494,906804000,0.0,0.0
2005-09-01 00:00:00-04:00,0.233432003104116,0.23633115626553639,0.2322104524121621,0.2341948002576828,556884000,0.0,0.0
2005-09-02 00:00:00-04:00,0.23465262478038587,0.23465262478038587,0.22961618834381614,0.23037898540496826,469800000,0.0,0.0
2005-09-06 00:00:00-04:00,0.23121866092117202,0.2335079524320345,0.22770871959153335,0.23228730261325836,423096000,0.0,0.0
2005-09-07 00:00:00-04:00,0.23198142011016884,0.24029978376065306,0.23137155923874364,0.23968902230262756,588012000,0.0,0.0
2005-09-08 00:00:00-04:00,0.23823945823521073,0.24548828055946148,0.23823945823521073,0.24251219630241394,646116000,0.0,0.0
2005-09-09 00:00:00-04:00,0.24510730022332625,0.2461750411292947,0.24113857891341034,0.24564115703105927,454236000,0.0,0.0
2005-09-12 00:00:00-04:00,0.24587016308078644,0.2466329601178996,0.24190236858245293,0.24480152130126953,556584000,0.0,0.0
2005-09-13 00:00:00-04:00,0.24365675887206598,0.2534247098891152,0.24365675887206598,0.2522040605545044,854724000,0.0,0.0
2005-09-14 00:00:00-04:00,0.25029583097299724,0.25365376435973946,0.2480065120463235,0.24915118515491486,503448000,0.0,0.0
2005-09-15 00:00:00-04:00,0.25296697990069766,0.25640091747019234,0.2514404852297578,0.2535777688026428,759756000,0.0,0.0
2005-09-16 00:00:00-04:00,0.25571422821640244,0.2570878147175338,0.25166950010441264,0.2537298798561096,519828000,0.0,0.0
2005-09-19 00:00:00-04:00,0.2534247067184589,0.25426440799968636,0.24877012153784497,0.25014370679855347,428316000,0.0,0.0
2005-09-20 00:00:00-04:00,0.25205112154638426,0.2578503793066255,0.2517462048309092,0.2550272047519684,522192000,0.0,0.0
2005-09-21 00:00:00-04:00,0.2540355125589734,0.2590719467059203,0.25060157646462344,0.2528139352798462,625656000,0.0,0.0
2005-09-22 00:00:00-04:00,0.25342482042619413,0.25342482042619413,0.24152048226675443,0.24602308869361877,739152000,0.0,0.0
2005-09-23 00:00:00-04:00,0.2454882638616111,0.2517462766504493,0.2434278853820279,0.24960899353027344,314640000,0.0,0.0
2005-09-26 00:00:00-04:00,0.25151739874540374,0.2534248417111412,0.24701481923087998,0.25166940689086914,406776000,0.0,0.0
2005-09-27 00:00:00-04:00,0.25273800008515324,0.25495128738018596,0.2506016447254196,0.25250908732414246,404160000,0.0,0.0
2005-09-28 00:00:00-04:00,0.2532719563869589,0.2547224746197991,0.25037280296690445,0.25403568148612976,353556000,0.0,0.0
2005-09-29 00:00:00-04:00,0.2541116050858577,0.25945298511939946,0.2520512263374615,0.25930097699165344,513372000,0.0,0.0
2005-09-30 00:00:00-04:00,0.2594530774356622,0.2639556580273937,0.2589192203345848,0.2615903615951538,458832000,0.0,0.0
2005-10-03 00:00:00-04:00,0.26464230612213624,0.27067047791231147,0.2625059237207931,0.2687630355358124,549888000,0.0,0.0
2005-10-04 00:00:00-04:00,0.26990777405132377,0.2743334217730518,0.2646423972807232,0.2652531862258911,514476000,0.0,0.0
2005-10-05 00:00:00-04:00,0.26555804039981096,0.26555804039981096,0.25487438064392515,0.25647687911987305,599184000,0.0,0.0
2005-10-06 00:00:00-04:00,0.2561719344713153,0.26013975562122305,0.24785447071152716,0.2555611729621887,685512000,0.0,0.0
2005-10-07 00:00:00-04:00,0.2560190572463141,0.25861419358804466,0.25029582821887747,0.25228017568588257,551952000,0.0,0.0
2005-10-10 00:00:00-04:00,0.25357779273446474,0.2540356456621727,0.24579418380137993,0.2458701878786087,459216000,0.0,0.0
2005-10-11 00:00:00-04:00,0.24678585176075238,0.24892223458508012,0.2399939812059842,0.24281805753707886,540048000,0.0,0.0
2005-10-12 00:00:00-04:00,0.24213123771573788,0.24945699166124438,0.24182539302848546,0.24571718275547028,657660000,0.0,0.0
2005-10-13 00:00:00-04:00,0.24518335520491907,0.24556520399366777,0.23503445190624703,0.24442055821418762,509304000,0.0,0.0
2005-10-14 00:00:00-04:00,0.2461750922677498,0.24922808140420752,0.24037583201489918,0.24442055821418762,311256000,0.0,0.0
2005-10-17 00:00:00-04:00,0.24457260618175874,0.24922812200021793,0.24457260618175874,0.24678589403629303,243912000,0.0,0.0
2005-10-18 00:00:00-04:00,0.24770161235232385,0.24815946525317883,0.24113865384590952,0.2427411526441574,299832000,0.0,0.0
2005-10-19 00:00:00-04:00,0.2396130552799663,0.24106261786342226,0.23282115757691976,0.2406807690858841,635952000,0.0,0.0
2005-10-20 00:00:00-04:00,0.24106257821960372,0.24739659475023715,0.23999393671218205,0.2423601597547531,359520000,0.0,0.0
2005-10-21 00:00:00-04:00,0.24648095298919867,0.24724375002943885,0.24205437771385835,0.24373380839824677,298368000,0.0,0.0
2005-10-24 00:00:00-04:00,0.24587033400320624,0.25037291646003723,0.24365704483599035,0.25037291646003723,291012000,0.0,0.0
2005-10-25 00:00:00-04:00,0.24869333836591465,0.2527380652443453,0.24762562434937244,0.25197526812553406,334680000,0.0,0.0
2005-10-26 00:00:00-04:00,0.25205124684389274,0.2525851310889614,0.2447255188203276,0.24510736763477325,415344000,0.0,0.0
2005-10-27 00:00:00-04:00,0.24556527136833475,0.24632806856835157,0.23923125187224883,0.23999404907226562,227784000,0.0,0.0
2005-10-28 00:00:00-04:00,0.24060479166666593,0.24785451572225556,0.23465262221279687,0.24739666283130646,464640000,0.0,0.0
2005-10-31 00:00:00-05:00,0.2483884997004275,0.2577746105406131,0.2483884997004275,0.2560191750526428,432420000,0.0,0.0
2005-11-01 00:00:00-05:00,0.25601897657631484,0.2579273193753443,0.2509065107440015,0.2528908848762512,400488000,0.0,0.0
2005-11-02 00:00:00-05:00,0.25296697276388413,0.26784736847854895,0.25182232693967915,0.26754245162010193,523668000,0.0,0.0
2005-11-03 00:00:00-05:00,0.26937390586378945,0.27089947270194764,0.26227709043003133,0.264413446187973,465072000,0.0,0.0
2005-11-04 00:00:00-05:00,0.2645663062856803,0.2651761671530848,0.25716364822299,0.25991079211235046,570276000,0.0,0.0
2005-11-07 00:00:00-05:00,0.26128446592268373,0.2622001717648163,0.257698519926666,0.258766233921051,370824000,0.0,0.0
2005-11-08 00:00:00-05:00,0.2597587416673837,0.2599876816585531,0.2528139375032627,0.2539585828781128,538968000,0.0,0.0
2005-11-09 00:00:00-05:00,0.2544935340988141,0.2670846687559273,0.25159345280553047,0.26540523767471313,818880000,0.0,0.0
2005-11-10 00:00:00-05:00,0.27463922838978744,0.28059136947222885,0.250601642139352,0.2555611729621887,2503620000,0.0,0.0
2005-11-11 00:00:00-05:00,0.2577745122493677,0.2628109487324809,0.256629866353637,0.259758859872818,545928000,0.0,0.0
2005-11-14 00:00:00-05:00,0.25983487342702005,0.2670846251839929,0.2558670786221895,0.2652531862258911,493668000,0.0,0.0
2005-11-15 00:00:00-05:00,0.266855668875263,0.2693739007010453,0.2650242300283769,0.2658630311489105,496200000,0.0,0.0
2005-11-16 00:00:00-05:00,0.2661689029314579,0.26761849310730546,0.2597588799615378,0.2649473249912262,455280000,0.0,0.0
2005-11-17 00:00:00-05:00,0.2671606452945597,0.2769286023260029,0.26403162418288223,0.27669966220855713,703260000,0.0,0.0
2005-11-18 00:00:00-05:00,0.27761529031284315,0.2799046089743209,0.2707474161999275,0.27616479992866516,465768000,0.0,0.0
2005-11-21 00:00:00-05:00,0.27647067089131383,0.28150713421830686,0.2746392594529619,0.28104928135871887,454704000,0.0,0.0
2005-11-22 00:00:00-05:00,0.2824988388688139,0.2912741562694432,0.2802855513865142,0.2885270118713379,731700000,0.0,0.0
2005-11-23 00:00:00-05:00,0.2888328114977964,0.2918848995548028,0.286161671581278,0.28768816590309143,411948000,0.0,0.0
2005-11-25 00:00:00-05:00,0.2890618688413677,0.2909693120777566,0.287077493643961,0.29051145911216736,116676000,0.0,0.0
2005-11-28 00:00:00-05:00,0.2912741142276444,0.2937923454818951,0.2838723837396695,0.2890617549419403,424524000,0.0,0.0
2005-11-29 00:00:00-05:00,0.2719682226310393,0.27967583004847024,0.2695260211489679,0.270747572183609,1043136000,0.0,0.0
2005-11-30 00:00:00-05:00,0.2688391401127685,0.2772335107641368,0.2687631360350942,0.2758599519729614,575448000,0.0,0.0
2005-12-01 00:00:00-05:00,0.2781492096307256,0.2804385012910189,0.2751731250142425,0.2791409194469452,562032000,0.0,0.0
2005-12-02 00:00:00-05:00,0.2804384890863579,0.2811252820126585,0.27547802988549003,0.27921783924102783,334476000,0.0,0.0
2005-12-05 00:00:00-05:00,0.2798277741564256,0.2798277741564256,0.27311280641708297,0.2740285396575928,387708000,0.0,0.0
2005-12-06 00:00:00-05:00,0.27448630496050325,0.27891197912076526,0.2741044561925489,0.2751730978488922,375252000,0.0,0.0
2005-12-07 00:00:00-05:00,0.27624173975587474,0.27792024236410373,0.27089943205602784,0.2756309509277344,352668000,0.0,0.0
2005-12-08 00:00:00-05:00,0.27418140892778553,0.27776738212026736,0.27028961826502246,0.27341771125793457,386664000,0.0,0.0
2005-12-09 00:00:00-05:00,0.27425732973249856,0.27769129373410184,0.27044154430240896,0.2773094177246094,262896000,0.0,0.0
2005-12-12 00:00:00-05:00,0.2780732465634261,0.28196503750165486,0.27761536633144707,0.28135424852371216,281136000,0.0,0.0
2005-12-13 00:00:00-05:00,0.28188799369953665,0.2874592406151173,0.279827642635173,0.2850170135498047,443412000,0.0,0.0
2005-12-14 00:00:00-05:00,0.2828806484272499,0.28425423408107536,0.2789888587954165,0.28234589099884033,287472000,0.0,0.0
2005-12-15 00:00:00-05:00,0.28211702171942155,0.28425430537686247,0.2758599352348325,0.27876001596450806,332724000,0.0,0.0
2005-12-16 00:00:00-05:00,0.2797517722977409,0.2824229133744191,0.27708063122106263,0.2812013626098633,1065600000,0.0,0.0
2005-12-19 00:00:00-05:00,0.2818121239659292,0.28387250330280206,0.2758599806706104,0.27654674649238586,292296000,0.0,0.0
2005-12-20 00:00:00-05:00,0.2762418523948114,0.28043858821048845,0.27273098187058703,0.276393860578537,304356000,0.0,0.0
2005-12-21 00:00:00-05:00,0.27769139098504125,0.27998068292751294,0.27334171992003753,0.2758599519729614,289380000,0.0,0.0
2005-12-22 00:00:00-05:00,0.2756310020601131,0.2845592566925404,0.27555499798514177,0.2842543125152588,318336000,0.0,0.0
2005-12-23 00:00:00-05:00,0.2850170682180784,0.2868485068990747,0.2831096254731476,0.28646665811538696,214536000,0.0,0.0
2005-12-27 00:00:00-05:00,0.28616184134142364,0.2913512155609934,0.2852461352386357,0.28822219371795654,367968000,0.0,0.0
2005-12-28 00:00:00-05:00,0.2882222069592063,0.29180908201842226,0.28639079466949324,0.2908933758735657,264420000,0.0,0.0
2005-12-29 00:00:00-05:00,0.29074026165827827,0.29165599453259106,0.28318559507509333,0.28440624475479126,310464000,0.0,0.0
2005-12-30 00:00:00-05:00,0.28280384374467354,0.2828807484124916,0.2778443113858245,0.27898895740509033,229608000,0.0,0.0
2006-01-03 00:00:00-05:00,0.2805914389795958,0.2937924327750116,0.2796757331371548,0.2916560769081116,472812000,0.0,0.0
2006-01-04 00:00:00-05:00,0.29386935367678346,0.30027937620433937,0.29081633691433695,0.29982149600982666,510072000,0.0,0.0
2006-01-05 00:00:00-05:00,0.29989755351548547,0.30714730635994136,0.29936369644307376,0.3066125214099884,646092000,0.0,0.0
2006-01-06 00:00:00-05:00,0.3101233705649605,0.31279361091308133,0.29799011717630347,0.311648964881897,623388000,0.0,0.0
2006-01-09 00:00:00-05:00,0.3114968835395617,0.3220276363913137,0.3108101178544339,0.32034823298454285,560484000,0.0,0.0
2006-01-10 00:00:00-05:00,0.31882268360671856,0.3204251825809479,0.31477795654659385,0.3204251825809479,339660000,0.0,0.0
2006-01-11 00:00:00-05:00,0.3207299271418675,0.3338548822584198,0.32019607044191845,0.3320234715938568,626304000,0.0,0.0
2006-01-12 00:00:00-05:00,0.3319475326381763,0.3370599715828173,0.3249267234536383,0.32729291915893555,495504000,0.0,0.0
2006-01-13 00:00:00-05:00,0.3265293301816621,0.32920047084592957,0.31981436342563585,0.32439297437667847,421296000,0.0,0.0
2006-01-17 00:00:00-05:00,0.3199672687104406,0.3243169391443627,0.31569360234316557,0.3241640031337738,329232000,0.0,0.0
2006-01-18 00:00:00-05:00,0.31432009532860444,0.32691120125148654,0.31134401028872966,0.32584255933761597,459948000,0.0,0.0
2006-01-19 00:00:00-05:00,0.33019219905843894,0.3484305291312714,0.3295823380191535,0.34392794966697693,914760000,0.0,0.0
2006-01-20 00:00:00-05:00,0.3444627508998438,0.34843054570815013,0.33423694152882355,0.33431294560432434,461604000,0.0,0.0
2006-01-23 00:00:00-05:00,0.33690813043786083,0.33904448659203845,0.33232954602894577,0.3362213373184204,334884000,0.0,0.0
2006-01-24 00:00:00-05:00,0.33698415769141,0.3449206768662635,0.33606845166287985,0.3378998637199402,388896000,0.0,0.0
2006-01-25 00:00:00-05:00,0.3395781508663103,0.3417914375499333,0.33087884066941464,0.33492356538772583,400236000,0.0,0.0
2006-01-26 00:00:00-05:00,0.3398072317072064,0.3466751345582817,0.3376708758805208,0.3463701903820038,448836000,0.0,0.0
2006-01-27 00:00:00-05:00,0.35087264111408895,0.3568248086627984,0.34797256138653376,0.35293301939964294,385044000,0.0,0.0
2006-01-30 00:00:00-05:00,0.3544586216041712,0.35484047034042215,0.34736180783088205,0.3489643335342407,315780000,0.0,0.0
2006-01-31 00:00:00-05:00,0.34720998460222546,0.3491174281258605,0.340418111307556,0.3430892527103424,384456000,0.0,0.0
2006-02-01 00:00:00-05:00,0.3369079650507437,0.34469157109925974,0.335610383535214,0.34331798553466797,450852000,0.0,0.0
2006-02-02 00:00:00-05:00,0.34644604828576897,0.3466749882907324,0.3323293548696943,0.3328632116317749,473736000,0.0,0.0
2006-02-03 00:00:00-05:00,0.3307269427469822,0.3400361168046613,0.32965830106780575,0.33591538667678833,504252000,0.0,0.0
2006-02-06 00:00:00-05:00,0.3349997114311885,0.3457593769215685,0.33355012143095386,0.34537842869758606,363468000,0.0,0.0
2006-02-07 00:00:00-05:00,0.3460651016870298,0.3460651016870298,0.33293921710938845,0.3330921530723572,399408000,0.0,0.0
2006-02-08 00:00:00-05:00,0.3340839958797297,0.3427073061466217,0.3340839958797297,0.3427073061466217,393072000,0.0,0.0
2006-02-09 00:00:00-05:00,0.34377594766006986,0.3491173283520138,0.3347707885707266,0.3369080722332001,437100000,0.0,0.0
2006-02-10 00:00:00-05:00,0.33812867361247434,0.3396551681280007,0.327140069050747,0.334999680519104,414996000,0.0,0.0
2006-02-13 00:00:00-05:00,0.3339318524557492,0.3385104342231032,0.3316425615720722,0.33614423871040344,280740000,0.0,0.0
2006-02-14 00:00:00-05:00,0.3361443055983482,0.3379757168373146,0.33232942042411207,0.33675506711006165,342348000,0.0,0.0
2006-02-15 00:00:00-05:00,0.3360682754622791,0.3441567985795144,0.3352285466750984,0.3432410657405853,493296000,0.0,0.0
2006-02-16 00:00:00-05:00,0.3496511458308413,0.3609456227437793,0.34728585021583713,0.36018189787864685,1305888000,0.0,0.0
2006-02-17 00:00:00-05:00,0.38666181455027027,0.38704366343687646,0.3601819915384987,0.36224237084388733,2356956000,0.0,0.0
2006-02-21 00:00:00-05:00,0.36147948836666355,0.3620902772399247,0.3514065889282196,0.35453560948371887,684060000,0.0,0.0
2006-02-22 00:00:00-05:00,0.34949919537607804,0.3567480194238777,0.341104824777303,0.35392487049102783,939756000,0.0,0.0
2006-02-23 00:00:00-05:00,0.35285618070501823,0.3552224042665609,0.347514800460098,0.34850651025772095,385128000,0.0,0.0
2006-02-24 00:00:00-05:00,0.35003301039826307,0.35422974457364315,0.3465990731856613,0.34843048453330994,416412000,0.0,0.0
2006-02-27 00:00:00-05:00,0.351101741970126,0.3647605896688704,0.34743886375596716,0.36254820227622986,666468000,0.0,0.0
2006-02-28 00:00:00-05:00,0.3609456306880316,0.363997719293417,0.35613810741028545,0.35964804887771606,563316000,0.0,0.0
2006-03-01 00:00:00-05:00,0.36094574829777454,0.3754442996310081,0.35865645595110207,0.3733079433441162,703932000,0.0,0.0
2006-03-02 00:00:00-05:00,0.3729260293225911,0.3791071398643195,0.36903423818593906,0.3738417625427246,545460000,0.0,0.0
2006-03-03 00:00:00-05:00,0.3704077739141556,0.38162532012176936,0.36972098091523864,0.3751392662525177,595800000,0.0,0.0
2006-03-06 00:00:00-05:00,0.3824650657316241,0.384983297919718,0.37254417243327015,0.3743756115436554,529020000,0.0,0.0
2006-03-07 00:00:00-05:00,0.37445256439751995,0.3773517177431227,0.36056387518941935,0.36796560883522034,606204000,0.0,0.0
2006-03-08 00:00:00-05:00,0.3680424779631764,0.36994992093609574,0.35300914522515525,0.3661341071128845,670800000,0.0,0.0
2006-03-09 00:00:00-05:00,0.37056061355919634,0.37674172210652235,0.3678134693662214,0.3680424094200134,536700000,0.0,0.0
2006-03-10 00:00:00-05:00,0.3676607037790807,0.3723153200376215,0.35835062525592487,0.3616325557231903,521580000,0.0,0.0
2006-03-13 00:00:00-05:00,0.36529535198573515,0.3677366522415607,0.3625482069350715,0.36598214507102966,372132000,0.0,0.0
2006-03-14 00:00:00-05:00,0.3662869800184907,0.37765743299737836,0.36491339425763103,0.37613093852996826,627792000,0.0,0.0
2006-03-15 00:00:00-05:00,0.37689385571740197,0.3826940180244694,0.375444265434132,0.3821592330932617,510600000,0.0,0.0
2006-03-16 00:00:00-05:00,0.38284590069877883,0.38330375351822615,0.36788947532868954,0.36918705701828003,568416000,0.0,0.0
2006-03-17 00:00:00-05:00,0.3674316867405538,0.37315491621039676,0.3619373700751982,0.37216320633888245,618588000,0.0,0.0
2006-03-20 00:00:00-05:00,0.37544421670783357,0.3755202207821404,0.36895819002050173,0.36933913826942444,293772000,0.0,0.0
2006-03-21 00:00:00-05:00,0.38757753372192383,0.3945214417708142,0.3774286547664542,0.38757753372192383,1235472000,0.0,0.0
2006-03-22 00:00:00-05:00,0.3777334900898879,0.37956492893132693,0.36796553426694223,0.37643593549728394,1158576000,0.0,0.0
2006-03-23 00:00:00-05:00,0.3777334485055471,0.3849831990025918,0.37345980967739956,0.38345667719841003,661992000,0.0,0.0
2006-03-24 00:00:00-05:00,0.38444838682518734,0.3971164209860693,0.38383852590687506,0.3964296281337738,687936000,0.0,0.0
2006-03-27 00:00:00-05:00,0.3967346618949259,0.407418323970095,0.3954370799539072,0.4071124792098999,651444000,0.0,0.0
2006-03-28 00:00:00-05:00,0.40528091990664045,0.4187877540738819,0.40444211900031807,0.41337037086486816,795204000,0.0,0.0
2006-03-29 00:00:00-05:00,0.41512503023864517,0.43633947445829907,0.41169109224663786,0.4355766773223877,987096000,0.0,0.0
2006-03-30 00:00:00-05:00,0.43603438674524936,0.4409179133222902,0.4281738755099513,0.4385526180267334,1063308000,0.0,0.0
2006-03-31 00:00:00-05:00,0.4382468607445473,0.444351938800733,0.434279038956472,0.4369502067565918,835560000,0.0,0.0
2006-04-03 00:00:00-04:00,0.4392394961608209,0.44793881002482433,0.4337451797406827,0.4418337047100067,968916000,0.0,0.0
2006-04-04 00:00:00-04:00,0.442444520842684,0.4632002100116506,0.4419866679354466,0.46251341700553894,1200612000,0.0,0.0
2006-04-05 00:00:00-04:00,0.46167460766052043,0.4685424830187617,0.4518306202317617,0.4662531912326813,1112976000,0.0,0.0
2006-04-06 00:00:00-04:00,0.4650315544156496,0.47067877909220157,0.4586215054789179,0.4671688377857208,789312000,0.0,0.0
2006-04-07 00:00:00-04:00,0.4651845006973523,0.4693052036483627,0.45679010420800115,0.4659472703933716,682674000,0.0,2.0
2006-04-10 00:00:00-04:00,0.4648795821170246,0.4676267539560577,0.4543488295087563,0.45785877108573914,634230000,0.0,0.0
2006-04-11 00:00:00-04:00,0.4593853266284207,0.4593853266284207,0.44397011751856275,0.4467172622680664,702072000,0.0,0.0
2006-04-12 00:00:00-04:00,0.4496172915455607,0.4671688544588724,0.4471750639597047,0.46472662687301636,598308000,0.0,0.0
2006-04-13 00:00:00-04:00,0.45480660510168364,0.4599950485781462,0.44992217784836436,0.4517536163330078,738360000,0.0,0.0
2006-04-17 00:00:00-04:00,0.450990895811073,0.4642688202507754,0.4493123657403936,0.45297524333000183,443868000,0.0,0.0
2006-04-18 00:00:00-04:00,0.4448857661791373,0.44503870218539837,0.4302342839133601,0.4422915577888489,1165488000,0.0,0.0
2006-04-19 00:00:00-04:00,0.43954450767029746,0.44992235385053103,0.4334394283313975,0.4450388252735138,517476000,0.0,0.0
2006-04-20 00:00:00-04:00,0.4410710500206589,0.4523645753797575,0.43374529288288843,0.44442805647850037,552684000,0.0,0.0
2006-04-21 00:00:00-04:00,0.4458015905282124,0.4476330295980584,0.42321448787559757,0.42840296030044556,770016000,0.0,0.0
2006-04-24 00:00:00-04:00,0.4311500232967861,0.4458015057797411,0.4235193515607889,0.4415287673473358,676848000,0.0,0.0
2006-04-25 00:00:00-04:00,0.43649219926057636,0.4422914581732928,0.42886062876975584,0.44122281670570374,719766000,0.0,0.0
2006-04-26 00:00:00-04:00,0.44290231220507437,0.4496172780175376,0.43343930145366744,0.43817082047462463,330528000,0.0,0.0
2006-04-27 00:00:00-04:00,0.43649233991934167,0.44931238473440943,0.42702932809703686,0.4451916813850403,462966000,0.0,0.0
2006-04-28 00:00:00-04:00,0.4454965295947266,0.45160163418694765,0.44168074370781624,0.4459543824195862,284736000,0.0,0.0
2006-05-01 00:00:00-04:00,0.4490065130169597,0.4802938534058626,0.4490065130169597,0.47159451246261597,902472000,0.0,0.0
2006-05-02 00:00:00-04:00,0.47510432645418477,0.480751549946547,0.46289510185643173,0.470983624458313,539700000,0.0,0.0
2006-05-03 00:00:00-04:00,0.4656423268748492,0.47922519474559944,0.4651845013135837,0.47403672337532043,378114000,0.0,0.0
2006-05-04 00:00:00-04:00,0.4647265128365963,0.47617296791513253,0.46228428585002357,0.470983624458313,511128000,0.0,0.0
2006-05-05 00:00:00-04:00,0.47342600883427854,0.47907323420404796,0.46686302308898125,0.47739377617836,338184000,0.0,0.0
2006-05-08 00:00:00-04:00,0.47617304272730326,0.4865509125563756,0.4708316903374851,0.47525733709335327,503622000,0.0,0.0
2006-05-09 00:00:00-04:00,0.4746466481519116,0.4770888758956357,0.46014807346252945,0.46075883507728577,561648000,0.0,0.0
2006-05-10 00:00:00-04:00,0.4552645544880269,0.4606059623769481,0.4459544513913719,0.45053306221961975,753264000,0.0,0.0
2006-05-11 00:00:00-04:00,0.4551118052880444,0.4593854734493426,0.43099820189994265,0.43450814485549927,1201110000,0.0,0.0
2006-05-12 00:00:00-04:00,0.42413024129786775,0.4262665973769051,0.3928428941606872,0.40184715390205383,1568172000,0.0,0.0
2006-05-15 00:00:00-04:00,0.40108432298713886,0.41115722385952563,0.39757438101276027,0.4076472818851471,553380000,0.0,0.0
2006-05-16 00:00:00-04:00,0.40993660902449836,0.410088617192166,0.39436941709599094,0.39696362614631653,497532000,0.0,0.0
2006-05-17 00:00:00-04:00,0.3955899830408223,0.39787927468153755,0.37391768923117447,0.38093850016593933,841074000,0.0,0.0
2006-05-18 00:00:00-04:00,0.38399059808138236,0.38765344842052063,0.3632349373887731,0.3636927902698517,686730000,0.0,0.0
2006-05-19 00:00:00-04:00,0.3670497681008321,0.3800227192939757,0.3633868910206067,0.3713234066963196,932808000,0.0,0.0
2006-05-22 00:00:00-04:00,0.36933914158453923,0.37010283926299326,0.3562141520660662,0.3662870526313782,734886000,0.0,0.0
2006-05-23 00:00:00-04:00,0.3739177565532992,0.38261707181238946,0.36079276593806653,0.3623192608356476,532314000,0.0,0.0
2006-05-24 00:00:00-04:00,0.3655241302035814,0.37788631839155856,0.35728267141159653,0.3670497238636017,579522000,0.0,0.0
2006-05-25 00:00:00-04:00,0.37391779300020395,0.37941208354648304,0.36308209338167413,0.3650664687156677,423666000,0.0,0.0
2006-05-26 00:00:00-04:00,0.3664399910554185,0.3688813185552848,0.36201341512359303,0.3658292293548584,294642000,0.0,0.0
2006-05-30 00:00:00-04:00,0.36643992721787305,0.36659193535368484,0.3504148856801825,0.35056689381599426,448788000,0.0,0.0
2006-05-31 00:00:00-04:00,0.35529839001906927,0.3586563232051453,0.3485834242336596,0.35071977972984314,598422000,0.0,0.0
2006-06-01 00:00:00-04:00,0.3546876033721016,0.36903414130210876,0.3491932873652867,0.36903414130210876,537126000,0.0,0.0
2006-06-02 00:00:00-04:00,0.3749863400235683,0.3768177788383923,0.36002991264020373,0.3636927902698517,673710000,0.0,0.0
2006-06-05 00:00:00-04:00,0.36170840783731195,0.3684233462609624,0.3473618428579326,0.34843048453330994,581052000,0.0,0.0
2006-06-06 00:00:00-04:00,0.3528561643906229,0.35316200910809165,0.32965830514471883,0.33912038803100586,824130000,0.0,0.0
2006-06-07 00:00:00-04:00,0.3427833658441768,0.3433941548714049,0.3304211716839996,0.3330163359642029,565380000,0.0,0.0
2006-06-08 00:00:00-04:00,0.32920041303507014,0.3334740790624345,0.31378616186333885,0.3269111216068268,730572000,0.0,0.0
2006-06-09 00:00:00-04:00,0.331184868320035,0.3368311663284157,0.3230954144125443,0.32584255933761597,433824000,0.0,0.0
2006-06-12 00:00:00-04:00,0.32019612773134726,0.3244688651397017,0.30600250150798525,0.3078339397907257,463230000,0.0,0.0
2006-06-13 00:00:00-04:00,0.3076812579432773,0.31393837477421166,0.300202589954057,0.30310267210006714,532548000,0.0,0.0
2006-06-14 00:00:00-04:00,0.3049339552553998,0.3128704722939649,0.3017289304372119,0.3119547665119171,480492000,0.0,0.0
2006-06-15 00:00:00-04:00,0.3234012580534147,0.3403420350642479,0.3208061212957282,0.3392733931541443,837336000,0.0,0.0
2006-06-16 00:00:00-04:00,0.33698414895661155,0.3378998549614062,0.3273690994536834,0.3305741250514984,503448000,0.0,0.0
2006-06-19 00:00:00-04:00,0.3342369365406312,0.3359154394468827,0.3198903692564983,0.32065409421920776,388044000,0.0,0.0
2006-06-20 00:00:00-04:00,0.311801805016099,0.32279040995538516,0.3105811551718798,0.3156175911426544,535818000,0.0,0.0
2006-06-21 00:00:00-04:00,0.31424412044917405,0.32416408644787037,0.31424412044917405,0.3191276490688324,441174000,0.0,0.0
2006-06-22 00:00:00-04:00,0.32263744496304525,0.32355315051055306,0.3076810210855967,0.3098174035549164,532338000,0.0,0.0
2006-06-23 00:00:00-04:00,0.3092075818542078,0.3163804009576876,0.30630752860783605,0.3099703788757324,335202000,0.0,0.0
2006-06-26 00:00:00-04:00,0.3095125126411339,0.3128704459052179,0.3055447183951858,0.3070702850818634,281736000,0.0,0.0
2006-06-27 00:00:00-04:00,0.3089016943577501,0.30920753905156645,0.2931824997102297,0.2973032295703888,608514000,0.0,0.0
2006-06-28 00:00:00-04:00,0.2995925209181732,0.31866964851076707,0.2918089140063035,0.3137861490249634,833376000,0.0,0.0
2006-06-29 00:00:00-04:00,0.3052388391363335,0.32797977328300476,0.30417112532740676,0.32797977328300476,687666000,0.0,0.0
2006-06-30 00:00:00-04:00,0.33118486803515385,0.33637331309997837,0.3224855530378157,0.32492685317993164,468240000,0.0,0.0
2006-07-03 00:00:00-04:00,0.33240556419744083,0.33271048114286683,0.3273690993018554,0.3296584188938141,174696000,0.0,0.0
2006-07-05 00:00:00-04:00,0.3244688919840708,0.3273689446842334,0.31485384702682495,0.31485384702682495,459708000,0.0,0.0
2006-07-06 00:00:00-04:00,0.31485390601448177,0.3179068952711464,0.30188185372746185,0.3050868511199951,470634000,0.0,0.0
2006-07-07 00:00:00-04:00,0.30722323312541466,0.3078340220084805,0.29226680609267264,0.2956238389015198,541230000,0.0,0.0
2006-07-10 00:00:00-04:00,0.29638751459370166,0.2985238973557737,0.2802095382814385,0.2828037738800049,449922000,0.0,0.0
2006-07-11 00:00:00-04:00,0.28188807121743314,0.293334557103247,0.2777673679555317,0.2922668159008026,600582000,0.0,0.0
2006-07-12 00:00:00-04:00,0.291198197399349,0.29455613117622514,0.277920298908829,0.27822524309158325,461034000,0.0,0.0
2006-07-13 00:00:00-04:00,0.27395250096109003,0.28082037658990083,0.26967883409734583,0.27105242013931274,540582000,0.0,0.0
2006-07-14 00:00:00-04:00,0.2760887927194963,0.277615287144956,0.2620481005418842,0.2696787714958191,572148000,0.0,0.0
2006-07-17 00:00:00-04:00,0.26845817751097895,0.27486820006569923,0.2670846187931532,0.2718152105808258,502806000,0.0,0.0
2006-07-18 00:00:00-04:00,0.28112537263796294,0.2895197445953793,0.27105247014957595,0.2866196632385254,979332000,0.0,0.0
2006-07-19 00:00:00-04:00,0.2853989530934721,0.3027975818274156,0.28326166942244035,0.2991347312927246,1055550000,0.0,0.0
2006-07-20 00:00:00-04:00,0.3044761018404057,0.30981748237540346,0.29272469897057335,0.2931825518608093,505602000,0.0,0.0
2006-07-21 00:00:00-04:00,0.28326174616002153,0.2844833243509423,0.2690681112100919,0.2712053954601288,633918000,0.0,0.0
2006-07-24 00:00:00-04:00,0.28127826941517314,0.30539186890326747,0.27975177441878163,0.29852399230003357,983178000,0.0,0.0
2006-07-25 00:00:00-04:00,0.3021867977731048,0.31225967010948463,0.29776112319909365,0.3090546727180481,574104000,0.0,0.0
2006-07-26 00:00:00-04:00,0.3090546727180481,0.31271755027155484,0.29989747883428125,0.3090546727180481,495318000,0.0,0.0
2006-07-27 00:00:00-04:00,0.3130224647245781,0.3258425087728274,0.30783402046044206,0.31348031759262085,694338000,0.0,0.0
2006-07-28 00:00:00-04:00,0.32156979380888107,0.3465991221500021,0.31973835491199654,0.34598833322525024,815298000,0.0,0.0
2006-07-31 00:00:00-04:00,0.34232553967334994,0.3458364101853113,0.33698415769141,0.3378998637199402,594762000,0.0,0.0
2006-08-01 00:00:00-04:00,0.33377903222433764,0.33438982111679605,0.31821184335964936,0.32431694865226746,600966000,0.0,0.0
2006-08-02 00:00:00-04:00,0.33148978992702605,0.3508727952942681,0.3307270200737012,0.34919336438179016,756774000,0.0,0.0
2006-08-03 00:00:00-04:00,0.3479726903123803,0.3806335925940299,0.3430891624137484,0.3711705803871155,890568000,0.0,0.0
2006-08-04 00:00:00-04:00,0.3809385270449875,0.3815493159707452,0.3566719957344452,0.3661341071128845,818232000,0.0,0.0
2006-08-07 00:00:00-04:00,0.35972400536214416,0.36643987114336063,0.3548404786640298,0.36186128854751587,436146000,0.0,0.0
2006-08-08 00:00:00-04:00,0.3647605153647726,0.37925996252351446,0.36384478235251666,0.3714763820171356,619806000,0.0,0.0
2006-08-09 00:00:00-04:00,0.37880206955963064,0.38917991199453916,0.3685762625314033,0.3713234066963196,584706000,0.0,0.0
2006-08-10 00:00:00-04:00,0.36720270937347116,0.3708655867785828,0.36094562356671067,0.36872920393943787,1072140000,0.0,0.0
2006-08-11 00:00:00-04:00,0.34186759678077816,0.3664399451034274,0.3406469468291729,0.357129842042923,1603272000,0.0,0.0
2006-08-14 00:00:00-04:00,0.3615556070614786,0.36521848570774634,0.3533141437526348,0.3552985191345215,809412000,0.0,0.0
2006-08-15 00:00:00-04:00,0.3644555548520962,0.39146922720683885,0.36094561355130816,0.38948485255241394,902172000,0.0,0.0
2006-08-16 00:00:00-04:00,0.3916220963239725,0.4190936187415078,0.3815492256935963,0.41741418838500977,1029246000,0.0,0.0
2006-08-17 00:00:00-04:00,0.4122258095224037,0.4230615060316796,0.40673149326217706,0.41085222363471985,814224000,0.0,0.0
2006-08-18 00:00:00-04:00,0.41131013682740186,0.4197035790900193,0.3969635697928703,0.4175672233104706,665898000,0.0,0.0
2006-08-21 00:00:00-04:00,0.41131002841162273,0.4120727979921053,0.4012371307591525,0.4021528363227844,500220000,0.0,0.0
2006-08-22 00:00:00-04:00,0.40093142505090185,0.41268372979810186,0.4006264808560342,0.40154218673706055,473928000,0.0,0.0
2006-08-23 00:00:00-04:00,0.40459422518436916,0.4087149557138344,0.3923849696129747,0.40123721957206726,485412000,0.0,0.0
2006-08-24 00:00:00-04:00,0.4023049106338531,0.40749428265197135,0.3958948887620571,0.4053579270839691,260802000,0.0,0.0
2006-08-25 00:00:00-04:00,0.4023049802601432,0.4113101672834065,0.39833718528628376,0.40413641929626465,238314000,0.0,0.0
2006-08-28 00:00:00-04:00,0.41085231538960665,0.4299294769044353,0.4100886176214804,0.4180251359939575,764562000,0.0,0.0
2006-08-29 00:00:00-04:00,0.42199287877455216,0.43893365371196436,0.4189407900398696,0.4369502067565918,727962000,0.0,0.0
2006-08-30 00:00:00-04:00,0.4393914522930119,0.45053299253970125,0.4383237112324747,0.4459543824195862,681564000,0.0,0.0
2006-08-31 00:00:00-04:00,0.4448858064602515,0.4468701813407187,0.43466092552128754,0.44427594542503357,511278000,0.0,0.0
2006-09-01 00:00:00-04:00,0.4377130617600137,0.44122303135031304,0.42397730889828594,0.4256558120250702,605742000,0.0,0.0
2006-09-05 00:00:00-04:00,0.4270293609986426,0.4366443817055028,0.4207722741301142,0.4349658787250519,549354000,0.0,0.0
2006-09-06 00:00:00-04:00,0.4273351488251932,0.42794500983007805,0.41207287707937224,0.41314151883125305,493572000,0.0,0.0
2006-09-07 00:00:00-04:00,0.40642560788237947,0.4306921348249366,0.4019999610979124,0.42138293385505676,742836000,0.0,0.0
2006-09-08 00:00:00-04:00,0.4280980233657526,0.4299294624666705,0.41344653784892293,0.4227566421031952,447978000,0.0,0.0
2006-09-11 00:00:00-04:00,0.4132936237447567,0.43420312541661576,0.4085630312239152,0.42931869626045227,598266000,0.0,0.0
2006-09-12 00:00:00-04:00,0.4273350770488239,0.4433601431204174,0.42626643547643506,0.4406129717826843,498432000,0.0,0.0
2006-09-13 00:00:00-04:00,0.4416808019743521,0.449922263071064,0.44030721602806344,0.4441230297088623,476286000,0.0,0.0
2006-09-14 00:00:00-04:00,0.44198668018973336,0.4502281419105494,0.43664437143089435,0.4424445331096649,428814000,0.0,0.0
2006-09-15 00:00:00-04:00,0.4439701694990471,0.4532802739736805,0.4418337861446445,0.45114389061927795,649764000,0.0,0.0
2006-09-18 00:00:00-04:00,0.4523644909417659,0.4690003228710069,0.4509909322027088,0.46823662519454956,793896000,0.0,0.0
2006-09-19 00:00:00-04:00,0.4651845228806055,0.46854245629572633,0.4522115426799267,0.4560273289680481,708054000,0.0,0.0
2006-09-20 00:00:00-04:00,0.46197947548749274,0.47327305244465706,0.46106376973239477,0.47266316413879395,511884000,0.0,0.0
2006-09-21 00:00:00-04:00,0.47220529734267513,0.47693588842415274,0.46442166265106805,0.4688473641872406,539106000,0.0,0.0
2006-09-22 00:00:00-04:00,0.4674737737246279,0.47037382672305794,0.44977020362219106,0.45495864748954773,653334000,0.0,0.0
2006-09-25 00:00:00-04:00,0.4618266494081002,0.4732731091713494,0.4493124210429462,0.47128963470458984,684486000,0.0,0.0
2006-09-26 00:00:00-04:00,0.4708319005301183,0.47205255082158837,0.45541668766483007,0.4613688588142395,516120000,0.0,0.0
2006-09-27 00:00:00-04:00,0.4599951207637787,0.47464663094014314,0.45556947349165294,0.4599951207637787,578142000,0.0,0.0
2006-09-28 00:00:00-04:00,0.44198664782786506,0.4531272616949523,0.44000230026414705,0.4512958228588104,647346000,0.0,0.0
2006-09-29 00:00:00-04:00,0.4543489185875663,0.45785886085270194,0.44915954533471414,0.4516017735004425,373890000,0.0,0.0
2006-10-02 00:00:00-04:00,0.44946447127890565,0.452364525002353,0.43649238955448394,0.4401552677154541,647442000,0.0,0.0
2006-10-03 00:00:00-04:00,0.4319137632846832,0.4352707963310812,0.42229874316501936,0.4319137632846832,907692000,0.0,0.0
2006-10-04 00:00:00-04:00,0.4325236788223853,0.47449468617811824,0.43130300147991507,0.4743417501449585,1460382000,0.0,0.0
2006-10-05 00:00:00-04:00,0.4725102517091722,0.4772417713169834,0.4596902067548267,0.4609108567237854,662682000,0.0,0.0
2006-10-06 00:00:00-04:00,0.46167452058659514,0.47693586255753556,0.4603009348578071,0.47205233573913574,593610000,0.0,0.0
2006-10-09 00:00:00-04:00,0.4709837524764016,0.5086810604351701,0.46961016657742227,0.5024240016937256,932304000,0.0,0.0
2006-10-10 00:00:00-04:00,0.49982888059645114,0.5018132282558342,0.48533030522642806,0.49097758531570435,624648000,0.0,0.0
2006-10-11 00:00:00-04:00,0.4883823340034255,0.502423954538161,0.48090457149625243,0.49372461438179016,481944000,0.0,0.0
2006-10-12 00:00:00-04:00,0.49647186520708186,0.5059339765294801,0.4885353480192388,0.495708167552948,414720000,0.0,0.0
2006-10-13 00:00:00-04:00,0.49402966645143936,0.5182961717549429,0.48594114064274535,0.5153961181640625,584190000,0.0,0.0
2006-10-16 00:00:00-04:00,0.5170755813154443,0.5254690522771639,0.5053232482811973,0.514480471611023,478968000,0.0,0.0
2006-10-17 00:00:00-04:00,0.5060868155992558,0.5095967566824472,0.4899088401551962,0.49479231238365173,526506000,0.0,0.0
2006-10-18 00:00:00-04:00,0.5021181795752302,0.507460460985979,0.4781575469400373,0.48166748881340027,822750000,0.0,0.0
2006-10-19 00:00:00-04:00,0.4798358316525009,0.49448733742686823,0.47602007382312617,0.49082446098327637,473040000,0.0,0.0
2006-10-20 00:00:00-04:00,0.49464032125418056,0.4949452653738755,0.47815745571586776,0.48517733812332153,359478000,0.0,0.0
2006-10-23 00:00:00-04:00,0.484109769972104,0.4958611760953541,0.4807518355009212,0.48197248578071594,280248000,0.0,0.0
2006-10-24 00:00:00-04:00,0.48288810720512687,0.5015083129652464,0.4815145212595573,0.49601396918296814,519288000,0.0,0.0
2006-10-25 00:00:00-04:00,0.5007449552662703,0.5082236524983403,0.49235147942078966,0.5005929470062256,389436000,0.0,0.0
2006-10-26 00:00:00-04:00,0.5018129680196859,0.518142946555038,0.5018129680196859,0.5164644718170166,366690000,0.0,0.0
2006-10-27 00:00:00-04:00,0.51646465008445,0.527911107263952,0.48838233673512343,0.4941824972629547,566988000,0.0,0.0
2006-10-30 00:00:00-05:00,0.4975395428528279,0.5089860009611816,0.4921981898883685,0.5001347064971924,479592000,0.0,0.0
2006-10-31 00:00:00-05:00,0.511123447007716,0.5321849584579468,0.5085283371190141,0.5321849584579468,996174000,0.0,0.0
2006-11-01 00:00:00-05:00,0.5251640412178322,0.530047569191419,0.4838038510631186,0.491129606962204,1176540000,0.0,0.0
2006-11-02 00:00:00-05:00,0.49341890661500803,0.5041025418686534,0.4810566865183286,0.48777255415916443,862944000,0.0,0.0
2006-11-03 00:00:00-05:00,0.4932669865153497,0.4981505154374873,0.485330412833467,0.4975396990776062,548070000,0.0,0.0
2006-11-06 00:00:00-05:00,0.49891301468261523,0.519516634567338,0.4926559028351483,0.5126487612724304,739602000,0.0,0.0
2006-11-07 00:00:00-05:00,0.5164645917383204,0.5259267005336158,0.5135644845115296,0.5204324126243591,553254000,0.0,0.0
2006-11-08 00:00:00-05:00,0.5167696224568543,0.5344740666706603,0.515548972611315,0.5280640721321106,648324000,0.0,0.0
2006-11-09 00:00:00-05:00,0.5388997861044497,0.5524825999105671,0.534016258684276,0.5385948419570923,1207758000,0.0,0.0
2006-11-10 00:00:00-05:00,0.5340162277504276,0.5366104633839173,0.5123439079464533,0.5256218314170837,1317192000,0.0,0.0
2006-11-13 00:00:00-05:00,0.5266904566356948,0.5509569567333044,0.526537520637005,0.5494304895401001,852282000,0.0,0.0
2006-11-14 00:00:00-05:00,0.5474461543698306,0.5559934874811123,0.5356947516563704,0.5549248456954956,628530000,0.0,0.0
2006-11-15 00:00:00-05:00,0.5532463618843771,0.5608770619884834,0.542715608215438,0.5457677245140076,491892000,0.0,0.0
2006-11-16 00:00:00-05:00,0.5480571538095801,0.5547720951711326,0.5433256327877698,0.5527886748313904,457182000,0.0,0.0
2006-11-17 00:00:00-05:00,0.5489726642400582,0.5558405392224888,0.5456147308171662,0.5543140172958374,361608000,0.0,0.0
2006-11-20 00:00:00-05:00,0.547445927909557,0.5625552578696312,0.5433252263663537,0.5595031976699829,608634000,0.0,0.0
2006-11-21 00:00:00-05:00,0.5611818283001468,0.5620975338548089,0.5469882011693598,0.5508039593696594,387384000,0.0,0.0
2006-11-22 00:00:00-05:00,0.5527884290799014,0.5608769532477741,0.5498883214963061,0.5602661371231079,240258000,0.0,0.0
2006-11-24 00:00:00-05:00,0.5575187942269944,0.5656082429944388,0.5524823332256048,0.5643866658210754,144336000,0.0,0.0
2006-11-27 00:00:00-05:00,0.5610299877315348,0.5685076970873795,0.5350840250036151,0.538899838924408,585294000,0.0,0.0
2006-11-28 00:00:00-05:00,0.5370683277510804,0.5538561937538093,0.5286739308110566,0.5489726662635803,480966000,0.0,0.0
2006-11-29 00:00:00-05:00,0.5540090153881523,0.5637769416482333,0.5518726055934915,0.5570610761642456,579792000,0.0,0.0
2006-11-30 00:00:00-05:00,0.5570609825564381,0.5691182525680422,0.5503460460779468,0.5645396709442139,583632000,0.0,0.0
2006-12-01 00:00:00-05:00,0.5582829351225742,0.5590457050865757,0.5375263679068222,0.5424098968505859,785010000,0.0,0.0
2006-12-04 00:00:00-05:00,0.5494302733364074,0.5714074733536654,0.5474458722242154,0.5643866658210754,621570000,0.0,0.0
2006-12-05 00:00:00-05:00,0.5584347939117461,0.5617927274481529,0.5523306163344385,0.5585877299308777,663354000,0.0,0.0
2006-12-06 00:00:00-05:00,0.5604190258415249,0.5604190258415249,0.5501932192007069,0.5578247904777527,478242000,0.0,0.0
2006-12-07 00:00:00-05:00,0.5578248815602292,0.5608769975079158,0.5395105484435685,0.5443940758705139,486894000,0.0,0.0
2006-12-08 00:00:00-05:00,0.5404263670864338,0.5500414158138169,0.5326427848019486,0.54256272315979,564858000,0.0,0.0
2006-12-11 00:00:00-05:00,0.5427153875533216,0.558434607002211,0.541493810144848,0.5518725514411926,515484000,0.0,0.0
2006-12-12 00:00:00-05:00,0.5477520101007158,0.5495834215827781,0.5388997876766156,0.5462254881858826,568116000,0.0,0.0
2006-12-13 00:00:00-05:00,0.550651262348196,0.5570612579581502,0.550651262348196,0.5526356101036072,491952000,0.0,0.0
2006-12-14 00:00:00-05:00,0.557061336938717,0.5694235588522506,0.5566035112336809,0.5624036192893982,715380000,0.0,0.0
2006-12-15 00:00:00-05:00,0.566066328333784,0.5723234415054321,0.5625554590165962,0.5723234415054321,746094000,0.0,0.0
2006-12-18 00:00:00-05:00,0.5729340373704002,0.5891111364833902,0.5726282200223718,0.5822432637214661,688356000,0.0,0.0
2006-12-19 00:00:00-05:00,0.5747658132358846,0.5936900389243506,0.5740021154589218,0.5906379222869873,545622000,0.0,0.0
2006-12-20 00:00:00-05:00,0.5875856206711665,0.5946055024493955,0.5834648637201912,0.5839227437973022,306594000,0.0,0.0
2006-12-21 00:00:00-05:00,0.5871278505974105,0.5888063806545837,0.5723234589244844,0.5788863897323608,367920000,0.0,0.0
2006-12-22 00:00:00-05:00,0.5779708451109589,0.579954319870569,0.5624036247858991,0.565150797367096,370170000,0.0,0.0
2006-12-26 00:00:00-05:00,0.5682027248383769,0.573239133450891,0.5627083815068846,0.564997673034668,228192000,0.0,0.0
2006-12-27 00:00:00-05:00,0.5674400417862616,0.5744599262444627,0.5674400417862616,0.5724765062332153,264954000,0.0,0.0
2006-12-28 00:00:00-05:00,0.5730862713050818,0.5736970875268412,0.5657605702206493,0.5683556795120239,213912000,0.0,0.0
2006-12-29 00:00:00-05:00,0.5683558365903876,0.5802601791915384,0.5642351320028555,0.5648449659347534,386094000,0.0,0.0
2007-01-03 00:00:00-05:00,0.5657606509779759,0.5726285274267852,0.530963333890567,0.5506513118743896,1154820000,0.0,0.0
2007-01-04 00:00:00-05:00,0.548667841047345,0.5506513156985222,0.5346262159589804,0.5480570793151855,797298000,0.0,0.0
2007-01-05 00:00:00-05:00,0.5350838573843395,0.5372211404256854,0.5100545362025622,0.5137174129486084,1243344000,0.0,0.0
2007-01-08 00:00:00-05:00,0.515549133079685,0.5274534201538602,0.5066968536364302,0.5175334811210632,657270000,0.0,0.0
2007-01-09 00:00:00-05:00,0.5182962946966115,0.5218062374912159,0.506849832364821,0.5074605941772461,764166000,0.0,0.0
2007-01-10 00:00:00-05:00,0.5021181668937954,0.5372212962504573,0.4944875216876673,0.5324897766113281,1108746000,0.0,0.0
2007-01-11 00:00:00-05:00,0.5324897065492382,0.5366104640094852,0.5218060186996428,0.530505359172821,924504000,0.0,0.0
2007-01-12 00:00:00-05:00,0.522569684235308,0.5398153717388758,0.5201274571299415,0.5376790165901184,698190000,0.0,0.0
2007-01-16 00:00:00-05:00,0.54179983933186,0.5421047834792175,0.5324897367738962,0.5385948419570923,711864000,0.0,0.0
2007-01-17 00:00:00-05:00,0.5311160565017057,0.5343211078879851,0.5253168243736394,0.5273002982139587,707934000,0.0,0.0
2007-01-18 00:00:00-05:00,0.5227217430724136,0.5227217430724136,0.47708879749929256,0.483651727437973,1501638000,0.0,0.0
2007-01-19 00:00:00-05:00,0.47846237777254647,0.4966238290193297,0.4751044444618394,0.4865509569644928,942606000,0.0,0.0
2007-01-22 00:00:00-05:00,0.49112954013314747,0.4990660566125092,0.4847194909484209,0.4865509569644928,730644000,0.0,0.0
2007-01-23 00:00:00-05:00,0.48426158560987437,0.4944874477226733,0.47525735574977973,0.4867038130760193,630354000,0.0,0.0
2007-01-24 00:00:00-05:00,0.49296100965867773,0.5083762188656724,0.49067171780458047,0.5018132328987122,685722000,0.0,0.0
2007-01-25 00:00:00-05:00,0.5063917479032659,0.5082232138866773,0.48182030249095525,0.4842616021633148,616284000,0.0,0.0
2007-01-26 00:00:00-05:00,0.4883823950241111,0.49311391445956054,0.47159452872892343,0.480293869972229,829584000,0.0,0.0
2007-01-29 00:00:00-05:00,0.478157636792522,0.4784625264466646,0.45648530949187127,0.46060606837272644,1258284000,0.0,0.0
2007-01-30 00:00:00-05:00,0.4636580605593867,0.4725102841694605,0.45953735688216785,0.4694582223892212,636174000,0.0,0.0
2007-01-31 00:00:00-05:00,0.46716891356185974,0.4722053775018625,0.4613687519415696,0.4677788019180298,467976000,0.0,0.0
2007-02-01 00:00:00-05:00,0.46335301671827045,0.4761730597961512,0.46243731105149616,0.47373083233833313,650898000,0.0,0.0
2007-02-02 00:00:00-05:00,0.47632610713058615,0.48838245548282544,0.47235741153511507,0.4860931634902954,586590000,0.0,0.0
2007-02-05 00:00:00-05:00,0.48838244517099855,0.4981504292019139,0.48761967534241923,0.4940296709537506,579906000,0.0,0.0
2007-02-06 00:00:00-05:00,0.5051710152509951,0.5179910567091358,0.497692380280295,0.5115810632705688,775386000,0.0,0.0
2007-02-07 00:00:00-05:00,0.5157019092531231,0.5327947204298764,0.5126489197869913,0.5315740704536438,761058000,0.0,0.0
2007-02-08 00:00:00-05:00,0.5234855943774566,0.5321848822280594,0.5189070103337652,0.524706244468689,726276000,0.0,0.0
2007-02-09 00:00:00-05:00,0.5273004138362489,0.5317269891581048,0.49631891680793766,0.49830326437950134,937956000,0.0,0.0
2007-02-12 00:00:00-05:00,0.5019660145613261,0.5201274623632566,0.4966237348200322,0.5092917680740356,789360000,0.0,0.0
2007-02-13 00:00:00-05:00,0.5175332460847678,0.5230275341300201,0.5123438475522539,0.518906831741333,849732000,0.0,0.0
2007-02-14 00:00:00-05:00,0.5234857067411132,0.5265377692725216,0.5108176659440575,0.5120392441749573,1081848000,0.0,0.0
2007-02-15 00:00:00-05:00,0.5117331285168045,0.5176852971349793,0.5068496015500917,0.515091061592102,488682000,0.0,0.0
2007-02-16 00:00:00-05:00,0.5129548863899649,0.513564720261297,0.49784554676787385,0.49937114119529724,915060000,0.0,0.0
2007-02-20 00:00:00-05:00,0.5001348315153813,0.5065448278259526,0.49662396126094344,0.503797709941864,625578000,0.0,0.0
2007-02-21 00:00:00-05:00,0.49967680999898095,0.5050182173697721,0.4912824135079469,0.49631887674331665,655332000,0.0,0.0
2007-02-22 00:00:00-05:00,0.5041024010777877,0.5121909792384632,0.4983031687905712,0.4995238184928894,655452000,0.0,0.0
2007-02-23 00:00:00-05:00,0.5042554337978689,0.5045603779579064,0.49815038294183084,0.49830326437950134,403050000,0.0,0.0
2007-02-26 00:00:00-05:00,0.499676883463138,0.5034917695441771,0.48990895427272224,0.49067172408103943,494070000,0.0,0.0
2007-02-27 00:00:00-05:00,0.48533022077062676,0.4967767325243409,0.47510441337600695,0.4758681654930115,714630000,0.0,0.0
2007-02-28 00:00:00-05:00,0.47449466283983754,0.4833459581309102,0.46869450129935847,0.4731210768222809,780048000,0.0,0.0
2007-03-01 00:00:00-05:00,0.46289535991602804,0.47602035190192,0.4567902529845862,0.4673210084438324,837228000,0.0,0.0
2007-03-02 00:00:00-05:00,0.46320018166489657,0.46884740681221443,0.4534330993199054,0.4543488323688507,682728000,0.0,0.0
2007-03-05 00:00:00-05:00,0.4464123347981952,0.4552645577725324,0.4374080763884293,0.43893367052078247,663558000,0.0,0.0
2007-03-06 00:00:00-05:00,0.44854854397685634,0.4699159152965734,0.44671710568895545,0.46487945318222046,805974000,0.0,0.0
2007-03-07 00:00:00-05:00,0.4625902118387921,0.4647265671332364,0.4497701697367927,0.4517536163330078,811656000,0.0,0.0
2007-03-08 00:00:00-05:00,0.46121670229773626,0.47556234056582425,0.46091083026977026,0.47037386894226074,770622000,0.0,0.0
2007-03-09 00:00:00-05:00,0.476936031601941,0.4822783137132965,0.4603010980061546,0.46564245223999023,555306000,0.0,0.0
2007-03-12 00:00:00-04:00,0.46030094921034487,0.4696101230341453,0.4596901330945469,0.4628951847553253,428010000,0.0,0.0
2007-03-13 00:00:00-04:00,0.458163700192618,0.46091081736042205,0.44305433744562783,0.44336020946502686,617070000,0.0,0.0
2007-03-14 00:00:00-04:00,0.44458074920322743,0.44717495700923265,0.4279448959834809,0.44122281670570374,971610000,0.0,0.0
2007-03-15 00:00:00-04:00,0.4401551646106455,0.4441229860416837,0.43008226567277574,0.43679723143577576,655752000,0.0,0.0
2007-03-16 00:00:00-04:00,0.43710219842664094,0.43786589602165255,0.42962443530418726,0.4326765239238739,525648000,0.0,0.0
2007-03-19 00:00:00-04:00,0.434965901561601,0.441833777754294,0.43343940665645875,0.434812992811203,461508000,0.0,0.0
2007-03-20 00:00:00-04:00,0.4334393209320989,0.4433602122634656,0.4309980211872677,0.4326765239238739,656490000,0.0,0.0
2007-03-21 00:00:00-04:00,0.4502280988413853,0.4645737098818992,0.44168079317015524,0.457400918006897,1268376000,0.0,0.0
2007-03-22 00:00:00-04:00,0.4578587291729643,0.47022089215493257,0.4557223737110618,0.4674737751483917,810954000,0.0,0.0
2007-03-23 00:00:00-04:00,0.4639638439897597,0.4722053043507652,0.45892738082997436,0.4622843861579895,524640000,0.0,0.0
2007-03-26 00:00:00-04:00,0.4625902636513967,0.46701591072471543,0.45480665604248216,0.4632001519203186,447336000,0.0,0.0
2007-03-27 00:00:00-04:00,0.4621323966193042,0.4630481023449112,0.4540429713502244,0.45450082421302795,469020000,0.0,0.0
2007-03-28 00:00:00-04:00,0.45068598454733116,0.4545008705526404,0.4450387590266954,0.4458015561103821,459504000,0.0,0.0
2007-03-29 00:00:00-04:00,0.4525173485438655,0.45312720950077146,0.43084505645586196,0.438017874956131,719016000,0.0,0.0
2007-03-30 00:00:00-04:00,0.4439701236486303,0.44717512135221865,0.43695023988416665,0.4392395317554474,581244000,0.0,0.0
2007-04-02 00:00:00-04:00,0.4381708599718186,0.44183371034141955,0.4316079016943017,0.43878164887428284,400830000,0.0,0.0
2007-04-03 00:00:00-04:00,0.43878165913216816,0.4436651595435273,0.4329814977617593,0.43710222840309143,473724000,0.0,0.0
2007-04-04 00:00:00-04:00,0.43649233719286235,0.4400023061848001,0.43496584249501186,0.4361864924430847,361692000,0.0,0.0
2007-04-05 00:00:00-04:00,0.4380179077340547,0.4720523926210566,0.4380179077340547,0.47159451246261597,1332900000,0.0,0.0
2007-04-09 00:00:00-04:00,0.4715945052725274,0.47693591275639186,0.4621323947495944,0.4630481004714966,640950000,0.0,0.0
2007-04-10 00:00:00-04:00,0.4624373270985651,0.46777873444621504,0.45740089117552324,0.4583166241645813,794220000,0.0,0.0
2007-04-11 00:00:00-04:00,0.45923246487564273,0.46381104929549505,0.44854877374313096,0.45007526874542236,810150000,0.0,0.0
2007-04-12 00:00:00-04:00,0.44763291443130454,0.4642687705269428,0.44473373476703504,0.4628951847553253,743640000,0.0,0.0
2007-04-13 00:00:00-04:00,0.4613688216940273,0.4676268644662722,0.4557225231252373,0.4667111039161682,638694000,0.0,0.0
2007-04-16 00:00:00-04:00,0.46548945345680565,0.4690002682021401,0.45831663454952715,0.4642688035964966,671838000,0.0,0.0
2007-04-17 00:00:00-04:00,0.47602041522859934,0.48685698966069146,0.4664053644908082,0.46869465708732605,1059108000,0.0,0.0
2007-04-18 00:00:00-04:00,0.4679316211252247,0.47861530923673967,0.4654894481362514,0.474494606256485,683802000,0.0,0.0
2007-04-19 00:00:00-04:00,0.47067901816274643,0.4838040122503552,0.46930543165140703,0.4810568392276764,568056000,0.0,0.0
2007-04-20 00:00:00-04:00,0.4880773988713708,0.4883823429959289,0.4802938188057307,0.4867038130760193,590052000,0.0,0.0
2007-04-23 00:00:00-04:00,0.4844143493922236,0.48533005473656926,0.47739354149161406,0.47876712679862976,595272000,0.0,0.0
2007-04-24 00:00:00-04:00,0.4868568275198016,0.5012024668717898,0.4836518298682647,0.496776819229126,1028088000,0.0,0.0
2007-04-25 00:00:00-04:00,0.49601370357458446,0.5080700440124446,0.49372441308485804,0.5053228735923767,509640000,0.0,0.0
2007-04-26 00:00:00-04:00,0.5053230233549324,0.5153959481598331,0.5007444410185254,0.5115810632705688,500070000,0.0,0.0
2007-04-27 00:00:00-04:00,0.5099018287152711,0.5155490544493373,0.496623902804806,0.5047133564949036,554058000,0.0,0.0
2007-04-30 00:00:00-04:00,0.5115812869649915,0.5179912832063983,0.5018133019739246,0.5019662380218506,563388000,0.0,0.0
2007-05-01 00:00:00-04:00,0.5111234085262508,0.5144804694103927,0.5031868899908023,0.5073076486587524,544554000,0.0,0.0
2007-05-02 00:00:00-04:00,0.5099018760501891,0.5120391600189008,0.4987612328758267,0.5013554692268372,659658000,0.0,0.0
2007-05-03 00:00:00-04:00,0.5060867586729139,0.5141752815465248,0.505170998571064,0.5108173489570618,500250000,0.0,0.0
2007-05-04 00:00:00-04:00,0.5135647110713186,0.5170755813154443,0.5086811824761961,0.514480471611023,405246000,0.0,0.0
2007-05-07 00:00:00-04:00,0.5219588621562247,0.5277580939573421,0.5036445333517623,0.5042552947998047,557100000,0.0,0.0
2007-05-08 00:00:00-04:00,0.5012024740920574,0.5092919275794087,0.49143541826756815,0.5080703496932983,737100000,0.0,0.0
2007-05-09 00:00:00-04:00,0.5044076518088693,0.513259932839439,0.4986084159962958,0.5103598237037659,417870000,0.0,0.0
2007-05-10 00:00:00-04:00,0.5124968000608486,0.5192117379937146,0.49647176090661943,0.5008974075317383,802584000,0.0,0.0
2007-05-11 00:00:00-04:00,0.527911267340073,0.5414940840751943,0.5198227408009185,0.5363056659698486,1530630000,0.0,0.0
2007-05-14 00:00:00-04:00,0.5341681742450288,0.5392045822236788,0.525926714866046,0.530963122844696,731568000,0.0,0.0
2007-05-15 00:00:00-04:00,0.532489713253944,0.5356947104871478,0.5250110770840472,0.5262326002120972,621360000,0.0,0.0
2007-05-16 00:00:00-04:00,0.5266905456746044,0.5329476594924927,0.5166176725862358,0.5329476594924927,523104000,0.0,0.0
2007-05-17 00:00:00-04:00,0.5314212930774543,0.5341684658973891,0.5210434727784173,0.5240955352783203,443664000,0.0,0.0
2007-05-18 00:00:00-04:00,0.5280639035346106,0.5359994895223871,0.5236373299558151,0.5344738960266113,604266000,0.0,0.0
2007-05-21 00:00:00-04:00,0.5329474854487212,0.5494304029967233,0.5303532503049861,0.5361524820327759,645768000,0.0,0.0
2007-05-22 00:00:00-04:00,0.5366105515109268,0.5439362527775603,0.527911209619206,0.5390527248382568,401736000,0.0,0.0
2007-05-23 00:00:00-04:00,0.539357702492296,0.5425627004066745,0.5231797223012956,0.524706244468689,448248000,0.0,0.0
2007-05-24 00:00:00-04:00,0.5271483712984185,0.5286739107143684,0.5036446393186073,0.5057809948921204,607800000,0.0,0.0
2007-05-25 00:00:00-04:00,0.5094437747430224,0.5163116481739817,0.507918181038322,0.5137174129486084,308976000,0.0,0.0
2007-05-29 00:00:00-04:00,0.5115813012930047,0.5208904784010187,0.5100547789845862,0.5192119479179382,316242000,0.0,0.0
2007-05-30 00:00:00-04:00,0.5131066590246789,0.5204324126243591,0.506696610979707,0.5204324126243591,331650000,0.0,0.0
2007-05-31 00:00:00-04:00,0.5242484176105147,0.5318791188884839,0.5218061893019225,0.5286740660667419,481572000,0.0,0.0
2007-06-01 00:00:00-04:00,0.5346261228596809,0.5425626399718,0.5314211253023001,0.5323368310928345,429084000,0.0,0.0
2007-06-04 00:00:00-04:00,0.5274531425761934,0.5382888364808668,0.5253167874817578,0.5352367758750916,322002000,0.0,0.0
2007-06-05 00:00:00-04:00,0.5367634358313474,0.5520247813868668,0.5358477299907451,0.5511090755462646,698586000,0.0,0.0
2007-06-06 00:00:00-04:00,0.5472940807795537,0.5640819450824801,0.5450047893421002,0.5552297234535217,950736000,0.0,0.0
2007-06-07 00:00:00-04:00,0.5526354770509871,0.5608769369803024,0.5491255359027737,0.5492775440216064,791862000,0.0,0.0
2007-06-08 00:00:00-04:00,0.5446989310790279,0.5585876146613016,0.5379839386882397,0.5578247904777527,533268000,0.0,0.0
2007-06-11 00:00:00-04:00,0.5578250179799372,0.5631664268734824,0.5547720279893336,0.5598084926605225,434634000,0.0,0.0
2007-06-12 00:00:00-04:00,0.556909312691274,0.5646928952626094,0.553704314524375,0.5540092587471008,526770000,0.0,0.0
2007-06-13 00:00:00-04:00,0.5601142083195744,0.5674399638579787,0.5529405155069594,0.567287027835846,587232000,0.0,0.0
2007-06-14 00:00:00-04:00,0.5646926356152426,0.5794961507401588,0.5639289381743077,0.5773597955703735,508548000,0.0,0.0
2007-06-15 00:00:00-04:00,0.5839228354830867,0.6081893371790549,0.5837698994743233,0.6036107540130615,1081998000,0.0,0.0
2007-06-18 00:00:00-04:00,0.6097150446879037,0.6118523285373215,0.5990322823696136,0.603915810585022,685662000,0.0,0.0
2007-06-19 00:00:00-04:00,0.600100070663023,0.6091052316541765,0.5959793663690536,0.6077316999435425,491952000,0.0,0.0
2007-06-20 00:00:00-04:00,0.6104785598559376,0.6135306753836838,0.6042205740937862,0.6083412766456604,822792000,0.0,0.0
2007-06-21 00:00:00-04:00,0.6200935715424503,0.6613008677261554,0.6153620531589634,0.6559585332870483,1297326000,0.0,0.0
2007-06-22 00:00:00-04:00,0.6562643156653968,0.6695422355622737,0.6463434547613152,0.6657264232635498,882618000,0.0,0.0
2007-06-25 00:00:00-04:00,0.6471071088776541,0.6629792080682695,0.6411549420513067,0.6481748223304749,819702000,0.0,0.0
2007-06-26 00:00:00-04:00,0.6464965509589914,0.648328017026254,0.616582823517777,0.6181093454360962,868482000,0.0,0.0
2007-06-27 00:00:00-04:00,0.6181092605498035,0.6355078856038058,0.6150571450096293,0.6347450613975525,613140000,0.0,0.0
2007-06-28 00:00:00-04:00,0.636576640439365,0.6477172816872876,0.6303185989576207,0.6408493518829346,597534000,0.0,0.0
2007-06-29 00:00:00-04:00,0.6451231601919832,0.6452760416574012,0.6301667025703526,0.6304716467857361,516570000,0.0,0.0
2007-07-02 00:00:00-04:00,0.6394757487386585,0.657027256355913,0.6374922746777724,0.656722366809845,563850000,0.0,0.0
2007-07-03 00:00:00-04:00,0.6562647087823331,0.6629796495053218,0.6509224264533752,0.6577903032302856,238770000,0.0,0.0
2007-07-05 00:00:00-04:00,0.6579429624281794,0.6669471916212459,0.6547379109494496,0.664810836315155,373290000,0.0,0.0
2007-07-06 00:00:00-04:00,0.6638952536160396,0.670610192756544,0.6626746036860386,0.6680159568786621,282720000,0.0,0.0
2007-07-09 00:00:00-04:00,0.6704582213901088,0.6906040223749622,0.6703052853638406,0.6873989701271057,536784000,0.0,0.0
2007-07-10 00:00:00-04:00,0.6838879255862258,0.6982344334906739,0.6765621723070712,0.6941137313842773,552654000,0.0,0.0
2007-07-11 00:00:00-04:00,0.693961094439221,0.6986926146072352,0.6814468654677146,0.6910619139671326,582612000,0.0,0.0
2007-07-12 00:00:00-04:00,0.6959454632313863,0.7051026317611103,0.6910619347530943,0.704339861869812,438732000,0.0,0.0
2007-07-13 00:00:00-04:00,0.7023554411298465,0.710749784316908,0.6993033248415341,0.7000661492347717,372630000,0.0,0.0
2007-07-16 00:00:00-04:00,0.7006766863439954,0.7156330829449005,0.7005237503633962,0.7127330303192139,541710000,0.0,0.0
2007-07-17 00:00:00-04:00,0.7156332631272849,0.7299798297532092,0.7090703320747247,0.7096810936927795,643812000,0.0,0.0
2007-07-18 00:00:00-04:00,0.6994552599961924,0.7015925435160116,0.6829723382394585,0.6967081427574158,550656000,0.0,0.0
2007-07-19 00:00:00-04:00,0.7066289506045756,0.7101388918768936,0.691061735836329,0.6959452629089355,407376000,0.0,0.0
2007-07-20 00:00:00-04:00,0.7005239043432717,0.7029661320220985,0.6849567428563226,0.68831467628479,505650000,0.0,0.0
2007-07-23 00:00:00-04:00,0.6858723414470258,0.7093760706005213,0.6843458197563397,0.6951824426651001,360474000,0.0,0.0
2007-07-24 00:00:00-04:00,0.6924354172192432,0.6982346507655539,0.6725945608908996,0.676868200302124,457560000,0.0,0.0
2007-07-25 00:00:00-04:00,0.6770200249584089,0.6866350697007485,0.6580958074359465,0.6736630201339722,437196000,0.0,0.0
2007-07-26 00:00:00-04:00,0.6664892045419331,0.6864829893704435,0.6574849767942648,0.6770199537277222,710268000,0.0,0.0
2007-07-27 00:00:00-04:00,0.675341784954071,0.7064761666084184,0.6750368407628051,0.675341784954071,615480000,0.0,0.0
2007-07-30 00:00:00-04:00,0.6777839336572251,0.6953345696189125,0.6776309976407654,0.6942668557167053,538158000,0.0,0.0
2007-07-31 00:00:00-04:00,0.7217385453186879,0.7315056029833855,0.6974720360393862,0.6983877420425415,711492000,0.0,0.0
2007-08-01 00:00:00-04:00,0.6883146765582504,0.7052554239669004,0.6608431219909824,0.6931982040405273,705828000,0.0,0.0
2007-08-02 00:00:00-04:00,0.7011344791371743,0.7017443126484315,0.6808357507141877,0.6901458501815796,468606000,0.0,0.0
2007-08-03 00:00:00-04:00,0.6878566539643121,0.6928931164180093,0.648938649127849,0.6492435932159424,623412000,0.0,0.0
2007-08-06 00:00:00-04:00,0.6547380089759827,0.6596215364004232,0.636423675868716,0.6547380089759827,524724000,0.0,0.0
2007-08-07 00:00:00-04:00,0.6547379629899339,0.6759524024181496,0.6460386772073907,0.6651158332824707,565764000,0.0,0.0
2007-08-08 00:00:00-04:00,0.6771729257123819,0.7165488081847836,0.6719835821779602,0.6957921981811523,660744000,0.0,0.0
2007-08-09 00:00:00-04:00,0.70052385072219,0.7234168201969958,0.684498810296536,0.7040337920188904,1251834000,0.0,0.0
2007-08-10 00:00:00-04:00,0.6463438746269919,0.6759526673148291,0.6316923597636949,0.6713740825653076,1141014000,0.0,0.0
2007-08-13 00:00:00-04:00,0.6767150554267075,0.6812936372233145,0.650159215509187,0.66404789686203,700410000,0.0,0.0
2007-08-14 00:00:00-04:00,0.6686268003823282,0.7005240069245591,0.666642452578253,0.6898403167724609,1092174000,0.0,0.0
2007-08-15 00:00:00-04:00,0.6861774574586594,0.6959453866366764,0.6597745421765575,0.6606902480125427,695142000,0.0,0.0
2007-08-16 00:00:00-04:00,0.654127122516637,0.6588586409027084,0.6181092247691776,0.6497014760971069,780030000,0.0,0.0
2007-08-17 00:00:00-04:00,0.6677109782745089,0.6886195468294549,0.6469544178522617,0.6880087852478027,728712000,0.0,0.0
2007-08-20 00:00:00-04:00,0.6884666590472488,0.6959452953639732,0.6768681384337555,0.685261607170105,519684000,0.0,0.0
2007-08-21 00:00:00-04:00,0.6893824842701264,0.7278426222339089,0.6791575477484477,0.7223483324050903,715338000,0.0,0.0
2007-08-22 00:00:00-04:00,0.7406626337212984,0.743104861619722,0.7257062324880471,0.7388312220573425,566154000,0.0,0.0
2007-08-23 00:00:00-04:00,0.7423420343602037,0.7510413761828675,0.7293691075727322,0.7325741052627563,667986000,0.0,0.0
2007-08-24 00:00:00-04:00,0.7304376419035654,0.7377633420336572,0.725095306707329,0.7363897562026978,361644000,0.0,0.0
2007-08-27 00:00:00-04:00,0.7363897098100449,0.7608082720571891,0.7330317767985048,0.7530246376991272,635946000,0.0,0.0
2007-08-28 00:00:00-04:00,0.7554668009165899,0.7585189162594872,0.7054072843320374,0.7070867419242859,560022000,0.0,0.0
2007-08-29 00:00:00-04:00,0.7218905505725742,0.7481414078083743,0.7203649561045237,0.7472257018089294,538560000,0.0,0.0
2007-08-30 00:00:00-04:00,0.7400527493261991,0.761419200659731,0.7397469318496515,0.7429519295692444,465660000,0.0,0.0
2007-08-31 00:00:00-04:00,0.7585189857632633,0.7837011911161812,0.7543982285023603,0.7808020114898682,720834000,0.0,0.0
2007-09-04 00:00:00-04:00,0.784312043076878,0.8082735997677574,0.7721027613133161,0.8049156665802002,683268000,0.0,0.0
2007-09-05 00:00:00-04:00,0.8014059442643987,0.8241459294789331,0.7982009462042648,0.7988107800483704,656274000,0.0,0.0
2007-09-06 00:00:00-04:00,0.8087313628334716,0.8160570618256228,0.7989633821102222,0.8023213148117065,425496000,0.0,0.0
2007-09-07 00:00:00-04:00,0.7800384823783261,0.7881279359466008,0.7580612693182995,0.7730185985565186,602304000,0.0,0.0
2007-09-10 00:00:00-04:00,0.789806581340909,0.80354233468363,0.7687450710496573,0.7751550674438477,872112000,0.0,0.0
2007-09-11 00:00:00-04:00,0.7845410497605,0.7975900074164349,0.7762995884564827,0.7916378378868103,405424000,0.0,1.5
2007-09-12 00:00:00-04:00,0.8001079738460453,0.8039998178270449,0.7527196536791063,0.7605032324790955,554452000,0.0,0.0
2007-09-13 00:00:00-04:00,0.7749259832144642,0.7758416889852565,0.7552380635278377,0.7607323527336121,452864000,0.0,0.0
2007-09-14 00:00:00-04:00,0.753177768363031,0.7540934742356521,0.7360080512820234,0.7382973432540894,487308000,0.0,0.0
2007-09-17 00:00:00-04:00,0.7394421045096967,0.7472256872246089,0.7286824364189006,0.7366949319839478,374828000,0.0,0.0
2007-09-18 00:00:00-04:00,0.7444782101148227,0.8126991188355492,0.7433335372543176,0.8012526631355286,844740000,0.0,0.0
2007-09-19 00:00:00-04:00,0.80857881985136,0.8241459855342764,0.7788179656086669,0.7866016030311584,521360000,0.0,0.0
2007-09-20 00:00:00-04:00,0.7870593578271106,0.7955297330480158,0.7733236053746652,0.7820228934288025,324172000,0.0,0.0
2007-09-21 00:00:00-04:00,0.7898066303881137,0.8012530922178763,0.7820229926790468,0.7895776629447937,457532000,0.0,0.0
2007-09-24 00:00:00-04:00,0.7943850086120399,0.8218565098619907,0.7886617518944562,0.8097232580184937,456360000,0.0,0.0
2007-09-25 00:00:00-04:00,0.8049158670308193,0.8234591164273861,0.802626574960341,0.8200252056121826,360748000,0.0,0.0
2007-09-26 00:00:00-04:00,0.8241457917695177,0.841315507135762,0.822085467407144,0.8394840955734253,518032000,0.0,0.0
2007-09-27 00:00:00-04:00,0.8474965616944102,0.8516173194465599,0.8330740187239237,0.842002272605896,378280000,0.0,0.0
2007-09-28 00:00:00-04:00,0.8470386568302781,0.8500147411790541,0.8278085649488007,0.8296400308609009,404292000,0.0,0.0
2007-10-01 00:00:00-04:00,0.836736845047367,0.868786981025693,0.8358211393522184,0.864666223526001,398200000,0.0,0.0
2007-10-02 00:00:00-04:00,0.8626057103938568,0.8642082633369801,0.8438335555342033,0.8564246296882629,284960000,0.0,0.0
2007-10-03 00:00:00-04:00,0.841315627325735,0.841315627325735,0.8065183660220514,0.8200252056121826,467196000,0.0,0.0
2007-10-04 00:00:00-04:00,0.8191095056732203,0.8284955868563176,0.7955297371362154,0.8236880898475647,378976000,0.0,0.0
2007-10-05 00:00:00-04:00,0.8367368155463153,0.8500147386913813,0.827808562526117,0.845436155796051,344840000,0.0,0.0
2007-10-08 00:00:00-04:00,0.8513885830242668,0.8605457515957592,0.8413156539308011,0.8591721653938293,252484000,0.0,0.0
2007-10-09 00:00:00-04:00,0.8591722045278017,0.8630639958898482,0.8314717301306022,0.844062864780426,403008000,0.0,0.0
2007-10-10 00:00:00-04:00,0.8497858884525104,0.8497858884525104,0.8246036790577261,0.844978392124176,389136000,0.0,0.0
2007-10-11 00:00:00-04:00,0.8371946866943236,0.8477254381569065,0.7982766779201663,0.8074338436126709,529104000,0.0,0.0
2007-10-12 00:00:00-04:00,0.8163622472165272,0.827121913433075,0.8037711147748295,0.827121913433075,409952000,0.0,0.0
2007-10-15 00:00:00-04:00,0.829868917033871,0.8438336326646237,0.8259771271442877,0.8330739140510559,355900000,0.0,0.0
2007-10-16 00:00:00-04:00,0.8321582508786073,0.8555090459886739,0.829182166473353,0.8406286239624023,276360000,0.0,0.0
2007-10-17 00:00:00-04:00,0.8733657748618824,0.907705156075091,0.8724500689457358,0.9051869511604309,717944000,0.0,0.0
2007-10-18 00:00:00-04:00,0.9022107753830853,0.9081629451117705,0.8795467696843324,0.9045000672340393,340620000,0.0,0.0
2007-10-19 00:00:00-04:00,0.9024396741390152,0.902897554334484,0.8557380774420766,0.8559670448303223,505768000,0.0,0.0
2007-10-22 00:00:00-04:00,0.8504726157450107,0.8983188808545547,0.8436047409860313,0.8964874148368835,537656000,0.0,0.0
2007-10-23 00:00:00-04:00,0.9081628786130587,0.9081628786130587,0.8763417078405416,0.9008371233940125,294292000,0.0,0.0
2007-10-24 00:00:00-04:00,0.8813781595066784,0.8813781595066784,0.8275797750509811,0.8703895807266235,565500000,0.0,0.0
2007-10-25 00:00:00-04:00,0.8436048800811298,0.8516174292449042,0.7689738965643765,0.7943850755691528,806192000,0.0,0.0
2007-10-26 00:00:00-04:00,0.8195671530170787,0.825061496495632,0.7760706128249726,0.7875170707702637,616580000,0.0,0.0
2007-10-29 00:00:00-04:00,0.7605036301606879,0.772636884756379,0.7453942901297493,0.7689740061759949,813896000,0.0,0.0
2007-10-30 00:00:00-04:00,0.7751548112509303,0.8133860278754727,0.7623347681186122,0.7971320748329163,525212000,0.0,0.0
2007-10-31 00:00:00-04:00,0.8019397692573069,0.8104101443266373,0.7769864697075874,0.8099523186683655,455188000,0.0,0.0
2007-11-01 00:00:00-04:00,0.7973611851884241,0.8262062757385912,0.786372550674489,0.8099523186683655,587236000,0.0,0.0
2007-11-02 00:00:00-04:00,0.8211697962042364,0.8470388557528888,0.8097233362442703,0.8410866856575012,491844000,0.0,0.0
2007-11-05 00:00:00-05:00,0.8339898422756037,0.8612324879356574,0.8287244652359166,0.8410866856575012,436636000,0.0,0.0
2007-11-06 00:00:00-05:00,0.8490992139506766,0.8745103380599415,0.8452073685374771,0.8676424622535706,554620000,0.0,0.0
2007-11-07 00:00:00-05:00,0.8671846322936817,0.8706185428892426,0.8195672729438265,0.8264351487159729,546768000,0.0,0.0
2007-11-08 00:00:00-05:00,0.8184222602341105,0.8333026778666031,0.7511170118260665,0.7746967673301697,996824000,0.0,0.0
2007-11-09 00:00:00-05:00,0.7909509378450281,0.7966741937969051,0.7474544000186157,0.7637083530426025,871056000,0.0,0.0
2007-11-12 00:00:00-05:00,0.7634797263820138,0.768974017039694,0.6874751448631287,0.6874751448631287,715732000,0.0,0.0
2007-11-13 00:00:00-05:00,0.6986924609345603,0.748827962474154,0.6874749159159671,0.7481411695480347,726696000,0.0,0.0
2007-11-14 00:00:00-05:00,0.767142176568473,0.7744678751603301,0.7325738435989781,0.7364656329154968,666720000,0.0,0.0
2007-11-15 00:00:00-05:00,0.731658449709473,0.7385263257661682,0.7096811808308163,0.7266219854354858,496436000,0.0,0.0
2007-11-16 00:00:00-05:00,0.7325740294177798,0.7449361932742905,0.7266218602776767,0.7428758144378662,423592000,0.0,0.0
2007-11-19 00:00:00-05:00,0.7323451352880272,0.7360080131698659,0.6888485900711239,0.6927403807640076,568412000,0.0,0.0
2007-11-20 00:00:00-05:00,0.705789483442752,0.7069341568944957,0.6664136336641481,0.6874751448631287,622628000,0.0,0.0
2007-11-21 00:00:00-05:00,0.6730524097358407,0.6964032067335165,0.6709920308469525,0.6801491975784302,648452000,0.0,0.0
2007-11-23 00:00:00-05:00,0.6849567400361221,0.6948006996115214,0.6762573989978062,0.6918246150016785,141976000,0.0,0.0
2007-11-26 00:00:00-05:00,0.6913669482490346,0.7055605827248758,0.6744261956876028,0.6757997274398804,385896000,0.0,0.0
2007-11-27 00:00:00-05:00,0.6854144978197177,0.706933880914653,0.680149122075522,0.7048735022544861,458856000,0.0,0.0
2007-11-28 00:00:00-05:00,0.7270798743594691,0.7621060481252403,0.7236459089995759,0.7520331740379333,574548000,0.0,0.0
2007-11-29 00:00:00-05:00,0.7508884201072307,0.7806492680943541,0.747683422502778,0.7582141757011414,489084000,0.0,0.0
2007-11-30 00:00:00-05:00,0.7829387569694477,0.7829387569694477,0.7197542218749986,0.722043514251709,652656000,0.0,0.0
2007-12-03 00:00:00-05:00,0.7325741052627563,0.7460809436204564,0.7213565587666484,0.7325741052627563,490688000,0.0,0.0
2007-12-04 00:00:00-05:00,0.7357790115595585,0.7382972159202094,0.7176935917251163,0.7318872213363647,371712000,0.0,0.0
2007-12-05 00:00:00-05:00,0.7598168371713327,0.7840833463676902,0.7504307551542638,0.7698897123336792,666704000,0.0,0.0
2007-12-06 00:00:00-05:00,0.7680581477507623,0.7879749812640178,0.7611902722433975,0.7854567766189575,371152000,0.0,0.0
2007-12-07 00:00:00-05:00,0.7886617893714298,0.7895774952070713,0.7676002822465559,0.7756128311157227,320292000,0.0,0.0
2007-12-10 00:00:00-05:00,0.7781310179137891,0.7932403548879778,0.7758417260868218,0.7840831875801086,336360000,0.0,0.0
2007-12-11 00:00:00-05:00,0.8007949021170013,0.8154464112558474,0.7831673631766547,0.7849987745285034,582436000,0.0,0.0
2007-12-12 00:00:00-05:00,0.8181935154475234,0.8262060627934397,0.7962163066650544,0.8120124340057373,617504000,0.0,0.0
2007-12-13 00:00:00-05:00,0.802168590225558,0.8074339667599078,0.7664556276617611,0.7898064255714417,500364000,0.0,0.0
2007-12-14 00:00:00-05:00,0.7861434788937174,0.811554653544809,0.7808781028210144,0.8028553128242493,354016000,0.0,0.0
2007-12-17 00:00:00-05:00,0.7943849634624424,0.8019396313349044,0.7600455342706957,0.7618770003318787,507408000,0.0,0.0
2007-12-18 00:00:00-05:00,0.773552256208205,0.7898062626451383,0.7657686767042986,0.7813358902931213,396896000,0.0,0.0
2007-12-19 00:00:00-05:00,0.7785889047646505,0.7959875337144783,0.775383907095714,0.788661777973175,253536000,0.0,0.0
2007-12-20 00:00:00-05:00,0.8012527584731639,0.806976014294663,0.7845409257045638,0.8051445484161377,279940000,0.0,0.0
2007-12-21 00:00:00-05:00,0.814759625489889,0.8218564127667289,0.7975899119466131,0.8049156665802002,433408000,0.0,0.0
2007-12-24 00:00:00-05:00,0.8108678600722428,0.8230011108515181,0.8049156910739543,0.819109320640564,104008000,0.0,0.0
2007-12-26 00:00:00-05:00,0.8207118345051306,0.8300979137420654,0.8126992865708804,0.8300979137420654,215340000,0.0,0.0
2007-12-27 00:00:00-05:00,0.8287243458388586,0.8333029837442119,0.8023975190144428,0.8044578433036804,241368000,0.0,0.0
2007-12-28 00:00:00-05:00,0.803084397703256,0.8126994461966859,0.7895775581622785,0.7964454889297485,262064000,0.0,0.0
2007-12-31 00:00:00-05:00,0.790035500033074,0.8044580466077216,0.7785890388294673,0.7788179516792297,276236000,0.0,0.0
2008-01-02 00:00:00-05:00,0.7811070605978541,0.7840831452704221,0.7453940991080563,0.7556959390640259,483964000,0.0,0.0
2008-01-03 00:00:00-05:00,0.7600456052921011,0.7751549424488963,0.7469966471787842,0.7497438192367554,475308000,0.0,0.0
2008-01-04 00:00:00-05:00,0.7273085894476026,0.730971466641942,0.6822094992751317,0.6867880821228027,736092000,0.0,0.0
2008-01-07 00:00:00-05:00,0.691366795696411,0.6970900526286787,0.6032289773418328,0.6158201098442078,1006800000,0.0,0.0
2008-01-08 00:00:00-05:00,0.6192538918567287,0.6705340624721361,0.6048313506937719,0.6288689374923706,1106956000,0.0,0.0
2008-01-09 00:00:00-05:00,0.6373393068462333,0.6616058608640502,0.6279532286040771,0.6613768935203552,741036000,0.0,0.0
2008-01-10 00:00:00-05:00,0.6432918669486138,0.65794338430016,0.634821489181589,0.6476415395736694,554432000,0.0,0.0
2008-01-11 00:00:00-05:00,0.6323028225831974,0.6455806891001309,0.6146752320310024,0.6192538142204285,572612000,0.0,0.0
2008-01-14 00:00:00-05:00,0.6284111670534589,0.6613770123682555,0.6183382941321695,0.6604613065719604,539188000,0.0,0.0
2008-01-15 00:00:00-05:00,0.6352788959669302,0.6428335619127488,0.6011683882640494,0.6119281053543091,725692000,0.0,0.0
2008-01-16 00:00:00-05:00,0.573468221176215,0.5805650100275909,0.5302005312642905,0.5427916646003723,1464472000,0.0,0.0
2008-01-17 00:00:00-05:00,0.5512616836292829,0.5659131321058225,0.5320315995115211,0.5334051847457886,1133900000,0.0,0.0
2008-01-18 00:00:00-05:00,0.5350079222818838,0.5716366417502488,0.5155489713509877,0.56866055727005,920428000,0.0,0.0
2008-01-22 00:00:00-05:00,0.5144043082194656,0.5535512327807297,0.511199310896115,0.5402733087539673,709092000,0.0,0.0
2008-01-23 00:00:00-05:00,0.5182958655531632,0.5663710221220047,0.5132594590458889,0.5501170754432678,929880000,0.0,0.0
2008-01-24 00:00:00-05:00,0.5608771540108597,0.5924694202009787,0.5556117763125065,0.5922404527664185,597092000,0.0,0.0
2008-01-25 00:00:00-05:00,0.6149044220444367,0.6286401735873324,0.5684317359518462,0.5711788535118103,688012000,0.0,0.0
2008-01-28 00:00:00-05:00,0.5691182786355519,0.5748414786369798,0.5521774821866436,0.5643107295036316,577608000,0.0,0.0
2008-01-29 00:00:00-05:00,0.574383862872936,0.5839989100656128,0.5595034391915339,0.5817095637321472,414484000,0.0,0.0
2008-01-30 00:00:00-05:00,0.5723235977031556,0.5853725578282091,0.5601903435449241,0.5766732692718506,530476000,0.0,0.0
2008-01-31 00:00:00-05:00,0.564082236321134,0.5734683742675156,0.5455389278970425,0.5629376173019409,588708000,0.0,0.0
2008-02-01 00:00:00-05:00,0.561792701769839,0.6181093414526605,0.5569852057136663,0.6149043440818787,593104000,0.0,0.0
2008-02-04 00:00:00-05:00,0.6281821150661344,0.6316160792676699,0.5924691602752123,0.5956741571426392,565128000,0.0,0.0
2008-02-05 00:00:00-05:00,0.583769779219721,0.5839987465375658,0.5581296969395216,0.5583586096763611,494928000,0.0,0.0
2008-02-06 00:00:00-05:00,0.5643110179590803,0.5798782368991268,0.5462255940976702,0.5565274357795715,557380000,0.0,0.0
2008-02-07 00:00:00-05:00,0.5405022254143839,0.577817680446609,0.5288268011446061,0.5620215535163879,664128000,0.0,0.0
2008-02-08 00:00:00-05:00,0.556756430131998,0.5764443558788146,0.5494307271296957,0.572094738483429,393932000,0.0,0.0
2008-02-11 00:00:00-05:00,0.5769019967519085,0.5862881299937819,0.570034122335935,0.5739259123802185,503732000,0.0,0.0
2008-02-12 00:00:00-05:00,0.5826253162915315,0.6034578545853452,0.5794202642162355,0.5952163934707642,609688000,0.0,0.0
2008-02-13 00:00:00-05:00,0.5997950710255063,0.620398754335302,0.5933850750311902,0.6185672879219055,742312000,0.0,0.0
2008-02-14 00:00:00-05:00,0.6004818676755863,0.600939747926913,0.5162358858465848,0.5176094174385071,2184296000,0.0,0.0
2008-02-15 00:00:00-05:00,0.51554908311106,0.5295137482522991,0.5015843633887928,0.5098258256912231,817364000,0.0,0.0
2008-02-19 00:00:00-05:00,0.5192116798292903,0.5201274399146096,0.4979212675941895,0.5022709369659424,558608000,0.0,0.0
2008-02-20 00:00:00-05:00,0.48761950683060257,0.5059338360550737,0.48555912841854765,0.4986080825328827,759016000,0.0,0.0
2008-02-21 00:00:00-05:00,0.5036446768518996,0.506162881405707,0.48441458246330676,0.4873906672000885,644272000,0.0,0.0
2008-02-22 00:00:00-05:00,0.4912824398302743,0.5118861194364249,0.48761961682395477,0.510970413684845,723052000,0.0,0.0
2008-02-25 00:00:00-05:00,0.5105126190179294,0.5164647892715815,0.49723469236270135,0.5107415318489075,671784000,0.0,0.0
2008-02-26 00:00:00-05:00,0.5077653072034234,0.5228746415169402,0.49998172727858525,0.515091061592102,565420000,0.0,0.0
2008-02-27 00:00:00-05:00,0.5125729604071456,0.5272244175478555,0.5093679081048764,0.5231037139892578,537816000,0.0,0.0
2008-02-28 00:00:00-05:00,0.518525033274831,0.5194407389409774,0.5034156441688538,0.5034156441688538,503608000,0.0,0.0
2008-02-29 00:00:00-05:00,0.49517445699043405,0.5018133669338634,0.4876197863959462,0.48968011140823364,540576000,0.0,0.0
2008-03-03 00:00:00-05:00,0.4889930428377401,0.49242700689280455,0.47754658695587016,0.48395663499832153,449028000,0.0,0.0
2008-03-04 00:00:00-05:00,0.48075169129569656,0.4816674516360311,0.4603769788910902,0.47914919257164,778888000,0.0,0.0
2008-03-05 00:00:00-05:00,0.4837276693791626,0.4960898854399656,0.47869126152199026,0.48464342951774597,644656000,0.0,0.0
2008-03-06 00:00:00-05:00,0.4786913565073814,0.48189635388536023,0.45350909390064476,0.45419588685035706,1075284000,0.0,0.0
2008-03-07 00:00:00-05:00,0.4459544167551875,0.46518450978494685,0.43496581165997383,0.4475569427013397,767500000,0.0,0.0
2008-03-10 00:00:00-04:00,0.44206261331903374,0.44755692934796554,0.4212300495457024,0.4219168424606323,776100000,0.0,0.0
2008-03-11 00:00:00-04:00,0.43496582204781326,0.44023119829111196,0.41756719462400255,0.4358815550804138,857940000,0.0,0.0
2008-03-12 00:00:00-04:00,0.44000238796846014,0.44389417921443164,0.42031443702347876,0.4239773154258728,743320000,0.0,0.0
2008-03-13 00:00:00-04:00,0.4173381668455331,0.4574008168083651,0.4148199629386918,0.45099079608917236,1220528000,0.0,0.0
2008-03-14 00:00:00-04:00,0.45328018491129135,0.4537380377847684,0.41619361093048113,0.41939863562583923,1154972000,0.0,0.0
2008-03-17 00:00:00-04:00,0.40108437505862116,0.42306161865983677,0.3962768504623694,0.4088679850101471,800952000,0.0,0.0
2008-03-18 00:00:00-04:00,0.4184829534712161,0.434965877244604,0.4065786408608346,0.43427908420562744,1075256000,0.0,0.0
2008-03-19 00:00:00-04:00,0.4242061960048276,0.4301583384599407,0.4042893350124359,0.4042893350124359,880476000,0.0,0.0
2008-03-20 00:00:00-04:00,0.40909688897271923,0.4248930213812136,0.4017711594584466,0.4239773154258728,633460000,0.0,0.0
2008-03-24 00:00:00-04:00,0.43336324533798526,0.46106368018086463,0.4317607469325593,0.4585454761981964,887440000,0.0,0.0
2008-03-25 00:00:00-04:00,0.4606058380453756,0.4738837048883038,0.4562561684843274,0.46518442034721375,735388000,0.0,0.0
2008-03-26 00:00:00-04:00,0.45900346222331906,0.46220845977394026,0.44526768436069963,0.4503041207790375,721652000,0.0,0.0
2008-03-27 00:00:00-04:00,0.4434361758412499,0.4560272785546309,0.43656827434344503,0.44389402866363525,601308000,0.0,0.0
2008-03-28 00:00:00-04:00,0.45190662090663464,0.46220846115705405,0.4473280373688973,0.45053306221961975,561788000,0.0,0.0
2008-03-31 00:00:00-04:00,0.455340470975973,0.46381087072392846,0.4473279513261273,0.4530511796474457,569992000,0.0,0.0
2008-04-01 00:00:00-04:00,0.46655803070181107,0.48189627676846175,0.4599190696376904,0.4807516038417816,676872000,0.0,0.0
2008-04-02 00:00:00-04:00,0.4821253803711396,0.4821253803711396,0.4624374567192378,0.4661003351211548,616536000,0.0,0.0
2008-04-03 00:00:00-04:00,0.46220844143256695,0.4628952343920211,0.44389408077266235,0.457400918006897,841984000,0.0,0.0
2008-04-04 00:00:00-04:00,0.44824377052204034,0.4505330897211647,0.42878478929883723,0.4299294352531433,1535528000,0.0,0.0
2008-04-07 00:00:00-04:00,0.4404601142988404,0.4468701360146726,0.4367972369496484,0.44023117423057556,729496000,0.0,0.0
2008-04-08 00:00:00-04:00,0.4349658228737823,0.4519065974587166,0.4349658228737823,0.43771296739578247,639476000,0.0,0.0
2008-04-09 00:00:00-04:00,0.4427493585403774,0.45099081805073965,0.4386286287851963,0.44641223549842834,675232000,0.0,0.0
2008-04-10 00:00:00-04:00,0.45121986426205113,0.46953425446918134,0.4416048435164487,0.45511168241500854,1092184000,0.0,0.0
2008-04-11 00:00:00-04:00,0.44641231881507043,0.44915946340107255,0.421458995582976,0.4242061674594879,1106280000,0.0,0.0
2008-04-14 00:00:00-04:00,0.4226037091937227,0.4235194423962226,0.4074943706123594,0.4100126028060913,780004000,0.0,0.0
2008-04-15 00:00:00-04:00,0.4120728438528069,0.41642251399040464,0.4031446180969859,0.41482001543045044,439916000,0.0,0.0
2008-04-16 00:00:00-04:00,0.4306161394841504,0.43679722090466655,0.42306147228551666,0.43130290508270264,646836000,0.0,0.0
2008-04-17 00:00:00-04:00,0.411386124693347,0.4269533137986267,0.41115718460586104,0.4253508150577545,596968000,0.0,0.0
2008-04-18 00:00:00-04:00,0.43839978678424063,0.4422916046564675,0.4294715597267444,0.43542370200157166,573540000,0.0,0.0
2008-04-21 00:00:00-04:00,0.43198979421816996,0.4578588259630755,0.43198979421816996,0.45488274097442627,679892000,0.0,0.0
2008-04-22 00:00:00-04:00,0.4466411482517411,0.4514486708478699,0.4367971903061708,0.44641223549842834,587668000,0.0,0.0
2008-04-23 00:00:00-04:00,0.45259343763406484,0.4729681518199622,0.44664126780660895,0.46793168783187866,1020496000,0.0,0.0
2008-04-24 00:00:00-04:00,0.4706787828365706,0.47296807435054067,0.4498462191432399,0.45671409368515015,655764000,0.0,0.0
2008-04-25 00:00:00-04:00,0.46106377630505857,0.4624373622477961,0.446641233068354,0.46129274368286133,552208000,0.0,0.0
2008-04-28 00:00:00-04:00,0.4592322880668738,0.46610016205245586,0.45121974112652274,0.4530511796474457,535700000,0.0,0.0
2008-04-29 00:00:00-04:00,0.4480147893932398,0.468160587865857,0.4480147893932398,0.46243733167648315,573408000,0.0,0.0
2008-04-30 00:00:00-04:00,0.467931546734492,0.47548621314811473,0.4647265499725933,0.4704498052597046,1068320000,0.0,0.0
2008-05-01 00:00:00-04:00,0.4761731604672912,0.4933428773185883,0.4738838685258533,0.49219825863838196,1014624000,0.0,0.0
2008-05-02 00:00:00-04:00,0.5057050443064426,0.5155490040779114,0.4981503762357568,0.5155490040779114,1131016000,0.0,0.0
2008-05-05 00:00:00-04:00,0.5121150789885286,0.514404370867015,0.5015843254312862,0.5027289986610413,943392000,0.0,0.0
2008-05-06 00:00:00-04:00,0.5013551697927208,0.5169223251942646,0.49357153751095156,0.5157777070999146,729036000,0.0,0.0
2008-05-07 00:00:00-04:00,0.5171513891400277,0.524019262732812,0.49952379779564127,0.5038734674453735,715632000,0.0,0.0
2008-05-08 00:00:00-04:00,0.5077653740418316,0.509367872791356,0.4809806663153205,0.5024999976158142,1360000000,0.0,0.0
2008-05-09 00:00:00-04:00,0.5038733732650889,0.5363813240271917,0.5029576678734093,0.5157777070999146,2030352000,0.0,0.0
2008-05-12 00:00:00-04:00,0.5224168815290924,0.5224168815290924,0.49608999956121036,0.5011264085769653,1006652000,0.0,0.0
2008-05-13 00:00:00-04:00,0.503644501245347,0.503644501245347,0.48716158453968456,0.49082446098327637,854108000,0.0,0.0
2008-05-14 00:00:00-04:00,0.4970057730983208,0.518296194372469,0.4908246900937006,0.5052472352981567,751148000,0.0,0.0
2008-05-15 00:00:00-04:00,0.5041024775166386,0.5466833675100965,0.501813185877056,0.5443940758705139,1165464000,0.0,0.0
2008-05-16 00:00:00-04:00,0.5535515308177437,0.5599615834966907,0.540960392949808,0.5588169097900391,1091556000,0.0,0.0
2008-05-19 00:00:00-04:00,0.5590453551575856,0.5794200606991913,0.5432492314513295,0.5471410751342773,1158532000,0.0,0.0
2008-05-20 00:00:00-04:00,0.5322608664886241,0.5384419489424189,0.5267665770386979,0.5329476594924927,771404000,0.0,0.0
2008-05-21 00:00:00-04:00,0.534321327865453,0.554924957414477,0.5274533967680811,0.5285980701446533,1066660000,0.0,0.0
2008-05-22 00:00:00-04:00,0.5361528165626999,0.5457678668951321,0.527682439770789,0.541418194770813,693108000,0.0,0.0
2008-05-23 00:00:00-04:00,0.5405020485775751,0.5448517171601311,0.5212719635710084,0.5290555953979492,802672000,0.0,0.0
2008-05-27 00:00:00-04:00,0.5299717525620322,0.5354660438561962,0.5198988215115175,0.5347792506217957,832856000,0.0,0.0
2008-05-28 00:00:00-04:00,0.5494305320693907,0.5508040633702249,0.533634403590133,0.5398154854774475,751736000,0.0,0.0
2008-05-29 00:00:00-04:00,0.5400443353156518,0.5409600409364775,0.528597878602802,0.5384418368339539,693460000,0.0,0.0
2008-05-30 00:00:00-04:00,0.5537802476086633,0.5672870869099254,0.5521777486517037,0.5654556751251221,830244000,0.0,0.0
2008-06-02 00:00:00-04:00,0.5654557376516389,0.5720947016224662,0.5592746539681571,0.5677450299263,734660000,0.0,0.0
2008-06-03 00:00:00-04:00,0.5695763503609689,0.5704921107884622,0.5418759346643922,0.5485148429870605,840696000,0.0,0.0
2008-06-04 00:00:00-04:00,0.5363815446278405,0.5560694642605994,0.533405459945143,0.5549248456954956,831724000,0.0,0.0
2008-06-05 00:00:00-04:00,0.5741547546989126,0.5803358900377178,0.5624793859987398,0.5688893795013428,827860000,0.0,0.0
2008-06-06 00:00:00-04:00,0.5620215025120394,0.5627082953232877,0.5475989626378386,0.5508039593696594,784876000,0.0,0.0
2008-06-09 00:00:00-04:00,0.5475990985873356,0.5551537668056172,0.5313451435685282,0.542333722114563,637916000,0.0,0.0
2008-06-10 00:00:00-04:00,0.5276823391716937,0.5283691322488663,0.5068497431865249,0.5102837085723877,1225208000,0.0,0.0
2008-06-11 00:00:00-04:00,0.5102837014401838,0.5226458674944484,0.48578822757947565,0.48647502064704895,999428000,0.0,0.0
2008-06-12 00:00:00-04:00,0.49746369012979036,0.5070786845899066,0.48533038147010954,0.489451140165329,825992000,0.0,0.0
2008-06-13 00:00:00-04:00,0.49013775202022436,0.495860953094565,0.47342591973677234,0.4878484606742859,705748000,0.0,0.0
2008-06-16 00:00:00-04:00,0.4825831022979262,0.48716168515277647,0.47731772655674715,0.48120951652526855,630496000,0.0,0.0
2008-06-17 00:00:00-04:00,0.488077527289058,0.4883064401215077,0.46838960459164963,0.4695342779159546,687912000,0.0,0.0
2008-06-18 00:00:00-04:00,0.46472667427875974,0.48075171695567637,0.4482437514072366,0.4557984471321106,1065272000,0.0,0.0
2008-06-19 00:00:00-04:00,0.45831664475952,0.464726639518427,0.443665134600273,0.4546537399291992,784928000,0.0,0.0
2008-06-20 00:00:00-04:00,0.44458074697677946,0.4574007875964115,0.44435180695873183,0.45236432552337646,741008000,0.0,0.0
2008-06-23 00:00:00-04:00,0.4557984853357051,0.4562563382781763,0.43908662096614287,0.4429784119129181,776616000,0.0,0.0
2008-06-24 00:00:00-04:00,0.4404601708388434,0.46816064000082475,0.4404601708388434,0.45762985944747925,1078928000,0.0,0.0
2008-06-25 00:00:00-04:00,0.4647265593651284,0.4681605235230002,0.45282225034968887,0.4601479768753052,900976000,0.0,0.0
2008-06-26 00:00:00-04:00,0.4464123980244741,0.4498463361889067,0.43656840920448303,0.43656840920448303,845532000,0.0,0.0
2008-06-27 00:00:00-04:00,0.4383998261856631,0.4438941433452823,0.42832695232879764,0.4413759112358093,584140000,0.0,0.0
2008-06-30 00:00:00-04:00,0.4363394246802003,0.4402312151690594,0.42557973170031155,0.42855581641197205,653940000,0.0,0.0
2008-07-01 00:00:00-04:00,0.42351935217212144,0.42970043398752866,0.41573574441636085,0.4292425811290741,881464000,0.0,0.0
2008-07-02 00:00:00-04:00,0.4271823239876204,0.42992946903571494,0.4120729579968144,0.4127597510814667,763196000,0.0,0.0
2008-07-03 00:00:00-04:00,0.29715032438847194,0.3005842617462372,0.2838724278136779,0.2859327793121338,2987520000,0.0,0.0
2008-07-07 00:00:00-04:00,0.29028252960451867,0.29211396882439633,0.26922101951169936,0.2770046293735504,2202692000,0.0,0.0
2008-07-08 00:00:00-04:00,0.27883594374107135,0.28570381727254757,0.27013660451926386,0.2754019796848297,1805288000,0.0,0.0
2008-07-09 00:00:00-04:00,0.2760887350142559,0.28020946403181196,0.27059444785118103,0.27059444785118103,1413168000,0.0,0.0
2008-07-10 00:00:00-04:00,0.2719680942709924,0.27517311889847634,0.26487127936560734,0.26990774273872375,1056992000,0.0,0.0
2008-07-11 00:00:00-04:00,0.26441345223461227,0.2737995596628691,0.25914807556243186,0.2671606242656708,807760000,0.0,0.0
2008-07-14 00:00:00-04:00,0.2692208281492931,0.27128117875058405,0.25319576683387846,0.2550272047519684,882316000,0.0,0.0
2008-07-15 00:00:00-04:00,0.25273803846482534,0.2630398784088585,0.2449544575983671,0.2577745020389557,1122484000,0.0,0.0
2008-07-16 00:00:00-04:00,0.2586903273910596,0.26601605876202017,0.25159350892169396,0.25914818048477173,1034392000,0.0,0.0
2008-07-17 00:00:00-04:00,0.2632687645738595,0.2632687645738595,0.24999086859433273,0.2600637674331665,862080000,0.0,0.0
2008-07-18 00:00:00-04:00,0.25823233607377766,0.2662448564417198,0.25090658133353866,0.2646423578262329,899720000,0.0,0.0
2008-07-21 00:00:00-04:00,0.2687631202103144,0.27265491082526494,0.26395559649798594,0.26624488830566406,571636000,0.0,0.0
2008-07-22 00:00:00-04:00,0.2637266478246498,0.26487129369126505,0.25548521395932583,0.26052165031433105,555924000,0.0,0.0
2008-07-23 00:00:00-04:00,0.2623529855819621,0.2710522961918492,0.2612083401672532,0.2683051526546478,594876000,0.0,0.0
2008-07-24 00:00:00-04:00,0.265558042578947,0.26807627398360473,0.2518222944600989,0.25250908732414246,705628000,0.0,0.0
2008-07-25 00:00:00-04:00,0.2550273115522962,0.2655580635235089,0.2497619355666898,0.2646423578262329,1039600000,0.0,0.0
2008-07-28 00:00:00-04:00,0.2612084189411375,0.2726548765401895,0.2600637731812323,0.26395556330680847,734808000,0.0,0.0
2008-07-29 00:00:00-04:00,0.264413301842779,0.27334155128452614,0.26143721869552994,0.2667025923728943,764636000,0.0,0.0
2008-07-30 00:00:00-04:00,0.2719680817237291,0.2724259618568944,0.2568587468824672,0.26281091570854187,588492000,0.0,0.0
2008-07-31 00:00:00-04:00,0.2621241223265199,0.26761843830002685,0.2591480379188504,0.26189520955085754,487236000,0.0,0.0
2008-08-01 00:00:00-04:00,0.25502731301206305,0.25594304600508844,0.2449544411223393,0.24815943837165833,881060000,0.0,0.0
2008-08-04 00:00:00-04:00,0.2481594734218007,0.24953305946009063,0.24152051062408164,0.24220730364322662,522052000,0.0,0.0
2008-08-05 00:00:00-04:00,0.24678592225413362,0.2561720311641693,0.24403877707989644,0.2561720311641693,685844000,0.0,0.0
2008-08-06 00:00:00-04:00,0.2568588064281894,0.26532920878827576,0.2486173441877593,0.2630399167537689,814864000,0.0,0.0
2008-08-07 00:00:00-04:00,0.2607506184814402,0.2724260184943252,0.2559430944077786,0.2589191794395447,819232000,0.0,0.0
2008-08-08 00:00:00-04:00,0.26097942727104567,0.2632687183382082,0.2509065302012293,0.25182226300239563,853764000,0.0,0.0
2008-08-11 00:00:00-04:00,0.25365374058482393,0.2632687590974004,0.25273800764188414,0.25708767771720886,1196436000,0.0,0.0
2008-08-12 00:00:00-04:00,0.25914808282743734,0.2598348758544557,0.24976197513604864,0.25342485308647156,1410868000,0.0,0.0
2008-08-13 00:00:00-04:00,0.27357063617349314,0.28478815479716446,0.266931673744975,0.28066742420196533,2095260000,0.0,0.0
2008-08-14 00:00:00-04:00,0.2786070699865774,0.3088257425463679,0.2786070699865774,0.2976081967353821,1635304000,0.0,0.0
2008-08-15 00:00:00-04:00,0.30287342064433914,0.30630738378836464,0.29463196367967054,0.2966923415660858,777652000,0.0,0.0
2008-08-18 00:00:00-04:00,0.29875279328788334,0.30539175455958284,0.29554779632258393,0.30264461040496826,893968000,0.0,0.0
2008-08-19 00:00:00-04:00,0.2964635668964533,0.3090546993371761,0.2964635668964533,0.30722326040267944,1014140000,0.0,0.0
2008-08-20 00:00:00-04:00,0.3118019241171962,0.3232483862823796,0.3095126316841595,0.3223326802253723,1143692000,0.0,0.0
2008-08-21 00:00:00-04:00,0.3166092536435011,0.31912748468109636,0.305391711273897,0.3118017315864563,1021560000,0.0,0.0
2008-08-22 00:00:00-04:00,0.3140910211719727,0.31775389770257045,0.30493385713597976,0.311572790145874,459264000,0.0,0.0
2008-08-25 00:00:00-04:00,0.3097414909971083,0.3170672194126115,0.306078613144101,0.30699431896209717,471600000,0.0,0.0
2008-08-26 00:00:00-04:00,0.3085968345209453,0.30882574732235657,0.29646355545930375,0.2996685802936554,613112000,0.0,0.0
2008-08-27 00:00:00-04:00,0.2928007372557235,0.30562078342343135,0.29005356501227647,0.301957905292511,454620000,0.0,0.0
2008-08-28 00:00:00-04:00,0.30241569671191776,0.3056207212470619,0.29783711362500426,0.3008131980895996,365192000,0.0,0.0
2008-08-29 00:00:00-04:00,0.29669244912547965,0.2976081547688581,0.288450989173049,0.2893667221069336,516004000,0.0,0.0
2008-09-02 00:00:00-04:00,0.2941742650682929,0.2966924969290847,0.27814922269364456,0.2820410132408142,693928000,0.0,0.0
2008-09-03 00:00:00-04:00,0.27814932228506173,0.279293968578806,0.26441353946961016,0.26693177223205566,714856000,0.0,0.0
2008-09-04 00:00:00-04:00,0.26395568121751317,0.2667028268103518,0.26166638867506103,0.2632688879966736,716128000,0.0,0.0
2008-09-05 00:00:00-04:00,0.2609795144863004,0.26784738998292407,0.26075060167738645,0.2671606242656708,791100000,0.0,0.0
2008-09-08 00:00:00-04:00,0.2696788714808186,0.2696788714808186,0.25182238691250336,0.2561720311641693,1314840000,0.0,0.0
2008-09-09 00:00:00-04:00,0.2552563282846177,0.2708235208472574,0.2465570123857441,0.24747271835803986,1098296000,0.0,0.0
2008-09-10 00:00:00-04:00,0.2504487598211987,0.2554852236579053,0.24609911627914607,0.24770161509513855,644284000,0.0,0.0
2008-09-11 00:00:00-04:00,0.23350796460114065,0.2408337196500833,0.2280136619596881,0.23579725623130798,1066976000,0.0,0.0
2008-09-12 00:00:00-04:00,0.23373696198133473,0.23533946105720518,0.22000119518773195,0.23327910900115967,1209200000,0.0,0.0
2008-09-15 00:00:00-04:00,0.22503758560988646,0.22847153682593938,0.210157175824507,0.21290433406829834,863984000,0.0,0.0
2008-09-16 00:00:00-04:00,0.2053496895739567,0.22114582059081925,0.20145788502559364,0.21954330801963806,1240840000,0.0,0.0
2008-09-17 00:00:00-04:00,0.21450682890472894,0.23396582176358116,0.21244646367070885,0.22892938554286957,1392580000,0.0,0.0
2008-09-18 00:00:00-04:00,0.23167647755548526,0.26143728983575415,0.23121862478297414,0.24930404126644135,1611060000,0.0,0.0
2008-09-19 00:00:00-04:00,0.2612083852291107,0.2632687364148244,0.24953298906872243,0.2612083852291107,1107344000,0.0,0.0
2008-09-22 00:00:00-04:00,0.2591480861719013,0.26670275498557616,0.2543405622112412,0.25571414828300476,700072000,0.0,0.0
2008-09-23 00:00:00-04:00,0.2536537862910976,0.26303989372711634,0.24747267650661578,0.248388409614563,821468000,0.0,0.0
2008-09-24 00:00:00-04:00,0.2451833407330355,0.26258196647038784,0.24380978225303807,0.257545530796051,866036000,0.0,0.0
2008-09-25 00:00:00-04:00,0.2575456553668658,0.2687632051437174,0.25319598318340597,0.26258209347724915,588328000,0.0,0.0
2008-09-26 00:00:00-04:00,0.2561719053027868,0.26944982625072733,0.25136441043250024,0.2676183879375458,646852000,0.0,0.0
2008-09-29 00:00:00-04:00,0.260521630549044,0.2637266278162056,0.22892937427869528,0.23121866583824158,975240000,0.0,0.0
2008-09-30 00:00:00-04:00,0.23488155119061876,0.2474726551938048,0.23236331947377795,0.24518336355686188,659044000,0.0,0.0
2008-10-01 00:00:00-04:00,0.2415204600976046,0.24587013011522346,0.2339657930484822,0.23831546306610107,557208000,0.0,0.0
2008-10-02 00:00:00-04:00,0.23991798039527718,0.23991798039527718,0.21244645425593958,0.21359111368656158,787728000,0.0,0.0
2008-10-03 00:00:00-04:00,0.21702506959220472,0.22320616554865363,0.20534967066733073,0.20672324299812317,915828000,0.0,0.0
2008-10-06 00:00:00-04:00,0.1968792530004706,0.19733710582601333,0.1673473636858747,0.1797095537185669,1677440000,0.0,0.0
2008-10-07 00:00:00-04:00,0.1861195969270338,0.1865774498061536,0.16437129861849364,0.1657448709011078,1059984000,0.0,0.0
2008-10-08 00:00:00-04:00,0.1597927214060024,0.17902278868490434,0.15819020897679958,0.1691788285970688,1219456000,0.0,0.0
2008-10-09 00:00:00-04:00,0.17535989090117682,0.17787812248155607,0.15658769230834707,0.15841911733150482,909636000,0.0,0.0
2008-10-10 00:00:00-04:00,0.14468333706887482,0.16780518728151667,0.14376761793204482,0.15590086579322815,1200252000,0.0,0.0
2008-10-13 00:00:00-04:00,0.16917882289508032,0.18451708545346338,0.16711845763855068,0.1842881590127945,916536000,0.0,0.0
2008-10-14 00:00:00-04:00,0.19115605850841288,0.19230070450314388,0.17513100093692227,0.18016745150089264,1209012000,0.0,0.0
2008-10-15 00:00:00-04:00,0.17902275714116606,0.1799384764186104,0.16070841252803802,0.16070841252803802,854064000,0.0,0.0
2008-10-16 00:00:00-04:00,0.16551597455885517,0.1771913751972588,0.15796130516285953,0.17627565562725067,1019820000,0.0,0.0
2008-10-17 00:00:00-04:00,0.17123917323732515,0.18520386229016841,0.16803416241134056,0.1751309633255005,839416000,0.0,0.0
2008-10-20 00:00:00-04:00,0.1810831528736431,0.18245672520057973,0.17421526394844944,0.1785649210214615,595764000,0.0,0.0
2008-10-21 00:00:00-04:00,0.1751310248033949,0.17696246410265168,0.16391348979727866,0.16482920944690704,659116000,0.0,0.0
2008-10-22 00:00:00-04:00,0.1625398947196808,0.16940778489825595,0.15429844560875142,0.15864810347557068,600996000,0.0,0.0
2008-10-23 00:00:00-04:00,0.15819022282128134,0.16208202736544347,0.14330981134040513,0.14971983432769775,832192000,0.0,0.0
2008-10-24 00:00:00-04:00,0.13735761708831065,0.15910589850089574,0.13667082422703064,0.15132230520248413,798336000,0.0,0.0
2008-10-27 00:00:00-04:00,0.15040664209435634,0.1689499198200367,0.145599117560879,0.1595638245344162,698936000,0.0,0.0
2008-10-28 00:00:00-04:00,0.16803420290136656,0.1838303207715855,0.16505811777898585,0.18360139429569244,849920000,0.0,0.0
2008-10-29 00:00:00-04:00,0.18245672842762597,0.20145786947487923,0.18154100897838715,0.18955354392528534,977284000,0.0,0.0
2008-10-30 00:00:00-04:00,0.2003132205177841,0.20145786640055102,0.18543281039655893,0.19756606221199036,657176000,0.0,0.0
2008-10-31 00:00:00-04:00,0.19138498463920733,0.20443395621281615,0.19092711808761695,0.200542151927948,608672000,0.0,0.0
2008-11-03 00:00:00-05:00,0.2048918126712661,0.20855469056646847,0.19001140192383206,0.19321641325950623,723924000,0.0,0.0
2008-11-04 00:00:00-05:00,0.19985533705895153,0.20557856559753418,0.19458996134535425,0.20557856559753418,619560000,0.0,0.0
2008-11-05 00:00:00-05:00,0.1980239250779449,0.20374715438558577,0.194818913936615,0.194818913936615,787620000,0.0,0.0
2008-11-06 00:00:00-05:00,0.1833724389233409,0.1902403139894113,0.17398633208350753,0.17444419860839844,797936000,0.0,0.0
2008-11-07 00:00:00-05:00,0.19871071141852098,0.207638965827749,0.18543281349822793,0.19962643086910248,1132068000,0.0,0.0
2008-11-10 00:00:00-05:00,0.20718114319979036,0.20832580298961326,0.18245676737383562,0.18680642545223236,576396000,0.0,0.0
2008-11-11 00:00:00-05:00,0.18405923761971849,0.18543280994665515,0.17673349580063105,0.1785649210214615,576484000,0.0,0.0
2008-11-12 00:00:00-05:00,0.17307063274078777,0.1771913637161942,0.16597383041226016,0.16803419589996338,646092000,0.0,0.0
2008-11-13 00:00:00-05:00,0.16025061827775616,0.18199892339269017,0.15704560618510624,0.18176999688148499,797228000,0.0,0.0
2008-11-14 00:00:00-05:00,0.17444419633404729,0.1753599020813808,0.16345557726824425,0.16414237022399902,741024000,0.0,0.0
2008-11-17 00:00:00-05:00,0.16253983743767378,0.1668894937715947,0.1591059003811972,0.16070841252803802,388224000,0.0,0.0
2008-11-18 00:00:00-05:00,0.16391346050796646,0.1648291799939671,0.1501776955084692,0.15544307231903076,564488000,0.0,0.0
2008-11-19 00:00:00-05:00,0.15406944909665374,0.15796125256190705,0.14193619953623562,0.14262299239635468,500220000,0.0,0.0
2008-11-20 00:00:00-05:00,0.14147834912570148,0.14857516400091728,0.13346582852681654,0.13506832718849182,847036000,0.0,0.0
2008-11-21 00:00:00-05:00,0.1394180584321696,0.14605700969696045,0.13163444722285317,0.14605700969696045,599064000,0.0,0.0
2008-11-24 00:00:00-05:00,0.15498526517396907,0.15750349813726255,0.14651487373752814,0.15567205846309662,600308000,0.0,0.0
2008-11-25 00:00:00-05:00,0.1625398357616798,0.16299770221830723,0.15544303531385587,0.1600216180086136,528256000,0.0,0.0
2008-11-26 00:00:00-05:00,0.15727446897684866,0.17467310874882067,0.15635876330302434,0.17421524226665497,600792000,0.0,0.0
2008-11-28 00:00:00-05:00,0.17146813730199356,0.17398635577338079,0.16872097871436112,0.17101027071475983,175248000,0.0,0.0
2008-12-01 00:00:00-05:00,0.1641423573334019,0.16574485591064111,0.15612982351144525,0.1563587635755539,547112000,0.0,0.0
2008-12-02 00:00:00-05:00,0.15933487720165965,0.1671184866999884,0.1572745115868382,0.16505812108516693,479988000,0.0,0.0
2008-12-03 00:00:00-05:00,0.15864802719960172,0.17375735922473012,0.15727444163713467,0.17352843284606934,584632000,0.0,0.0
2008-12-04 00:00:00-05:00,0.1700945222030233,0.1785649093483772,0.15819019764218234,0.1620820015668869,466292000,0.0,0.0
2008-12-05 00:00:00-05:00,0.15704551999791788,0.16917878217612087,0.15429837608058058,0.16849198937416077,438484000,0.0,0.0
2008-12-08 00:00:00-05:00,0.17169702059658554,0.1751309577336565,0.15910590411540557,0.16299770772457123,707992000,0.0,0.0
2008-12-09 00:00:00-05:00,0.1609373809091341,0.18520390033181947,0.15910594187659952,0.17879387736320496,829760000,0.0,0.0
2008-12-10 00:00:00-05:00,0.1822278112148066,0.20031323372967516,0.17925172626521937,0.1957346498966217,961124000,0.0,0.0
2008-12-11 00:00:00-05:00,0.19458994424507714,0.20145781788783773,0.18520383935043613,0.18749313056468964,582700000,0.0,0.0
2008-12-12 00:00:00-05:00,0.18199885871843327,0.19802391348709503,0.17833598125973676,0.19687926769256592,679268000,0.0,0.0
2008-12-15 00:00:00-05:00,0.19802391795543178,0.1991685637757894,0.1842881544658858,0.19046925008296967,476996000,0.0,0.0
2008-12-16 00:00:00-05:00,0.19230066680364422,0.20374713815219236,0.1904692417582695,0.20328928530216217,521940000,0.0,0.0
2008-12-17 00:00:00-05:00,0.19962636743875772,0.216338211399935,0.19687922360516083,0.21336212754249573,674180000,0.0,0.0
2008-12-18 00:00:00-05:00,0.21198853205255305,0.21267532475720644,0.19115596101231308,0.19367419183254242,550808000,0.0,0.0
2008-12-19 00:00:00-05:00,0.19619245636091012,0.20374712335450781,0.19436101780329465,0.19504781067371368,593120000,0.0,0.0
2008-12-22 00:00:00-05:00,0.198023953310553,0.19848180626233913,0.17650459167146565,0.18360139429569244,522464000,0.0,0.0
2008-12-23 00:00:00-05:00,0.18474603704485526,0.18863784164706326,0.1783360139619578,0.18108317255973816,377452000,0.0,0.0
2008-12-24 00:00:00-05:00,0.17742036289241622,0.18177003576200307,0.17307070366809132,0.1767335832118988,146616000,0.0,0.0
2008-12-26 00:00:00-05:00,0.17673346997990466,0.1790227614054191,0.1671184378055921,0.17192594707012177,226156000,0.0,0.0
2008-12-29 00:00:00-05:00,0.17421526226121242,0.17742027342319489,0.16299773001690135,0.17742027342319489,460168000,0.0,0.0
2008-12-30 00:00:00-05:00,0.17970960326973945,0.1863485529421801,0.17558887212263644,0.18360139429569244,409860000,0.0,0.0
2008-12-31 00:00:00-05:00,0.1813121037905442,0.1893246396771026,0.17810709216497222,0.18474604189395905,441580000,0.0,0.0
2009-01-02 00:00:00-05:00,0.18474602041736107,0.20077107668231908,0.18405924106366997,0.1993975043296814,497124000,0.0,0.0
2009-01-05 00:00:00-05:00,0.1971082187729258,0.2076389723157811,0.19573464637676172,0.20306038856506348,705736000,0.0,0.0
2009-01-06 00:00:00-05:00,0.20901256946816835,0.21588045955295906,0.20443398517514624,0.20992828905582428,657904000,0.0,0.0
2009-01-07 00:00:00-05:00,0.20512069757933296,0.20512069757933296,0.1902402771906991,0.1973370909690857,870096000,0.0,0.0
2009-01-08 00:00:00-05:00,0.19481884866268911,0.19481884866268911,0.1803962965363436,0.19230061769485474,1014496000,0.0,0.0
2009-01-09 00:00:00-05:00,0.1923006904910337,0.1923006904910337,0.1810831578309911,0.18154101073741913,761352000,0.0,0.0
2009-01-12 00:00:00-05:00,0.1815409831740242,0.18245670249310206,0.17169702437313106,0.17421524226665497,645532000,0.0,0.0
2009-01-13 00:00:00-05:00,0.16826308883207083,0.18176992504345357,0.16505807800608624,0.1751309633255005,1824424000,0.0,0.0
2009-01-14 00:00:00-05:00,0.1689498852322984,0.17101025051837856,0.16482916830539313,0.16734738647937775,974908000,0.0,0.0
2009-01-15 00:00:00-05:00,0.16826310115883333,0.1760466955506549,0.16482916366055217,0.17329955101013184,998204000,0.0,0.0
2009-01-16 00:00:00-05:00,0.17810709046239911,0.18451711365226792,0.1723838603447509,0.1829146146774292,831324000,0.0,0.0
2009-01-20 00:00:00-05:00,0.1824567519256529,0.18314354501234578,0.16368453491178114,0.16505812108516693,705788000,0.0,0.0
2009-01-21 00:00:00-05:00,0.16826308535148352,0.17421524039361586,0.162081990248103,0.17307059466838837,648472000,0.0,0.0
2009-01-22 00:00:00-05:00,0.16757622823527205,0.17444411359979864,0.16368442607386538,0.16986551880836487,547656000,0.0,0.0
2009-01-23 00:00:00-05:00,0.16505810889058595,0.18176995905495585,0.1648291824270206,0.17650458216667175,633616000,0.0,0.0
2009-01-26 00:00:00-05:00,0.17742020910590992,0.18772203183674827,0.17444413911277895,0.18245665729045868,581748000,0.0,0.0
2009-01-27 00:00:00-05:00,0.18543281820008492,0.19458999929283505,0.18474602518342054,0.19321641325950623,725300000,0.0,0.0
2009-01-28 00:00:00-05:00,0.2000842708948655,0.20443392747461758,0.1936742492357304,0.20122891664505005,723752000,0.0,0.0
2009-01-29 00:00:00-05:00,0.1945899940734712,0.19687928587394055,0.18863782447604652,0.18955354392528534,413128000,0.0,0.0
2009-01-30 00:00:00-05:00,0.18817992865252778,0.1932163640067092,0.17970954273562872,0.1819988340139389,506760000,0.0,0.0
2009-02-02 00:00:00-05:00,0.17925163681212225,0.19390311414057976,0.1783359177734375,0.19184274971485138,577992000,0.0,0.0
2009-02-03 00:00:00-05:00,0.1923007101163812,0.19573466184606747,0.18703533292882016,0.19413214921951294,396948000,0.0,0.0
2009-02-04 00:00:00-05:00,0.19458999435878746,0.20947040472891199,0.19458999435878746,0.19962643086910248,779232000,0.0,0.0
2009-02-05 00:00:00-05:00,0.19436104829207113,0.21656719993949256,0.19230068300286424,0.21427790820598602,919192000,0.0,0.0
2009-02-06 00:00:00-05:00,0.21496470476603954,0.22732688306201349,0.21130182701519148,0.22595331072807312,1157880000,0.0,0.0
2009-02-09 00:00:00-05:00,0.22503755621216764,0.2282425669219444,0.21679610984792258,0.2229771912097931,716128000,0.0,0.0
2009-02-10 00:00:00-05:00,0.222748231871996,0.22572431572943527,0.20924139814684922,0.21336212754249573,1129664000,0.0,0.0
2009-02-11 00:00:00-05:00,0.1964213984626536,0.20351821320648356,0.17993849106294876,0.1865774393081665,1983400000,0.0,0.0
2009-02-12 00:00:00-05:00,0.1824567156952118,0.19161389590332728,0.17993849761947595,0.19046925008296967,1024020000,0.0,0.0
2009-02-13 00:00:00-05:00,0.18611962106250432,0.1925296440729438,0.1847460349565126,0.19024033844470978,764304000,0.0,0.0
2009-02-17 00:00:00-05:00,0.18314347407923642,0.18749313010469715,0.17856487801671048,0.17925167083740234,779576000,0.0,0.0
2009-02-18 00:00:00-05:00,0.17925170899563198,0.19001138815384513,0.1790227825550859,0.1840592324733734,646252000,0.0,0.0
2009-02-19 00:00:00-05:00,0.18772200438183617,0.18932451597015004,0.16986551880836487,0.16986551880836487,743988000,0.0,0.0
2009-02-20 00:00:00-05:00,0.1675762942599075,0.1769624002238885,0.16597379568546142,0.17421524226665497,770056000,0.0,0.0
2009-02-23 00:00:00-05:00,0.1771913127560507,0.1781070320033646,0.16505806343095947,0.16620270907878876,679548000,0.0,0.0
2009-02-24 00:00:00-05:00,0.16711848038951563,0.18131209903157236,0.16688954027242472,0.18108317255973816,659524000,0.0,0.0
2009-02-25 00:00:00-05:00,0.1806252943517332,0.18863782951256117,0.174444211783537,0.1831435263156891,702360000,0.0,0.0
2009-02-26 00:00:00-05:00,0.18955354248905992,0.19550569839613033,0.18680638416215833,0.18909567594528198,1117556000,0.0,0.0
2009-02-27 00:00:00-05:00,0.18428816732610365,0.1939032010752282,0.18291459497487314,0.18955354392528534,755444000,0.0,0.0
2009-03-02 00:00:00-05:00,0.18497490187687163,0.18886669124985853,0.17284164006483582,0.17352843284606934,700064000,0.0,0.0
2009-03-03 00:00:00-05:00,0.17673351358481415,0.18726426765660326,0.17101026996369675,0.18039637804031372,1041372000,0.0,0.0
2009-03-04 00:00:00-05:00,0.18520380760456567,0.19916849253402064,0.1836012958421243,0.19367419183254242,1108668000,0.0,0.0
2009-03-05 00:00:00-05:00,0.19092711482988303,0.19871070962155452,0.1881799701482368,0.18909567594528198,955252000,0.0,0.0
2009-03-06 00:00:00-05:00,0.18909568080853634,0.19893965483249762,0.18657746251138663,0.19207176566123962,974756000,0.0,0.0
2009-03-09 00:00:00-04:00,0.19069819000300972,0.20512074746274786,0.1895535441017097,0.1900113970041275,682768000,0.0,0.0
2009-03-10 00:00:00-04:00,0.19687925479856633,0.21084394349345062,0.19504781618916248,0.20718106627464294,1254800000,0.0,0.0
2009-03-11 00:00:00-04:00,0.2071810911383801,0.27128131370762865,0.20374715356758213,0.21290433406829834,864916000,0.0,0.0
2009-03-12 00:00:00-04:00,0.2122174901861146,0.2277846892092619,0.2094703462466044,0.22549539804458618,1604604000,0.0,0.0
2009-03-13 00:00:00-04:00,0.2222904447448297,0.22755582123325654,0.21862756702492137,0.22435081005096436,1195156000,0.0,0.0
2009-03-16 00:00:00-04:00,0.22664007054002583,0.22686899695462767,0.2138200275792833,0.21565145254135132,699344000,0.0,0.0
2009-03-17 00:00:00-04:00,0.2163383069509353,0.22686906146980304,0.21359116190399594,0.22641120851039886,1005384000,0.0,0.0
2009-03-18 00:00:00-04:00,0.22297720878063754,0.2401469230351686,0.22274828235016808,0.23350796103477478,1359560000,0.0,0.0
2009-03-19 00:00:00-04:00,0.235110486166163,0.235110486166163,0.22915834372274405,0.2307608425617218,822648000,0.0,0.0
2009-03-20 00:00:00-04:00,0.2341947592526785,0.23442369933356494,0.21221753488167155,0.218169704079628,1093672000,0.0,0.0
2009-03-23 00:00:00-04:00,0.22503760282001153,0.23442372412613746,0.22000116612243995,0.23396584391593933,816048000,0.0,0.0
2009-03-24 00:00:00-04:00,0.22824259910138892,0.23030297803950514,0.2227482962021776,0.223892942070961,1114868000,0.0,0.0
2009-03-25 00:00:00-04:00,0.2307608526711239,0.2380865814634632,0.2188565126817456,0.22755584120750427,1243852000,0.0,0.0
2009-03-26 00:00:00-04:00,0.23121868280056548,0.24220728855061924,0.22870046462937754,0.24174943566322327,1333664000,0.0,0.0
2009-03-27 00:00:00-04:00,0.23923121526796837,0.24518338495981007,0.23579727751279309,0.23946015536785126,731892000,0.0,0.0
2009-03-30 00:00:00-04:00,0.23030296282470894,0.23327904734503496,0.22091684275931303,0.2241218537092209,780052000,0.0,0.0
2009-03-31 00:00:00-04:00,0.22755580804127187,0.23121867190357956,0.22412185696661885,0.22572436928749084,805272000,0.0,0.0
2009-04-01 00:00:00-04:00,0.22297719227019902,0.23350794374458242,0.21450680580798862,0.23144759237766266,887920000,0.0,0.0
2009-04-02 00:00:00-04:00,0.24014695187630347,0.24655697457080358,0.23671301407109038,0.24220730364322662,1002860000,0.0,0.0
2009-04-03 00:00:00-04:00,0.24243633788536267,0.25983497377060105,0.23831560546090913,0.25914818048477173,1003208000,0.0,0.0
2009-04-06 00:00:00-04:00,0.2547984486944352,0.26212417757945466,0.2513645107210967,0.259834885597229,887288000,0.0,0.0
2009-04-07 00:00:00-04:00,0.2547984344337307,0.25754557920054505,0.24930411760959031,0.2509066164493561,607804000,0.0,0.0
2009-04-08 00:00:00-04:00,0.25365371873065384,0.2618951780545166,0.2515933402544361,0.2612083852291107,731652000,0.0,0.0
2009-04-09 00:00:00-04:00,0.2678473436697746,0.2765466565860795,0.2657869922932448,0.2756309509277344,904412000,0.0,0.0
2009-04-13 00:00:00-04:00,0.2721969060194685,0.2724258459886783,0.260750453368892,0.2667025923728943,767628000,0.0,0.0
2009-04-14 00:00:00-04:00,0.26303977828888725,0.2747151724351172,0.26189513287417837,0.2683051526546478,711960000,0.0,0.0
2009-04-15 00:00:00-04:00,0.2589190937147389,0.26189517776116156,0.24976190153709074,0.26075053215026855,1045368000,0.0,0.0
2009-04-16 00:00:00-04:00,0.2655581857826697,0.2705946513079271,0.2554853093131956,0.2673896253108978,1038772000,0.0,0.0
2009-04-17 00:00:00-04:00,0.26738947988481987,0.2717391498100061,0.2609794586675229,0.26922091841697693,695764000,0.0,0.0
2009-04-20 00:00:00-04:00,0.25891904783651243,0.2612083386526558,0.2515932953924541,0.25296688079833984,590660000,0.0,0.0
2009-04-21 00:00:00-04:00,0.24953303121081472,0.2628109280125694,0.24587015371705181,0.25228017568588257,932184000,0.0,0.0
2009-04-22 00:00:00-04:00,0.2499909246155561,0.2703656396316722,0.2458701935894473,0.259834885597229,916404000,0.0,0.0
2009-04-23 00:00:00-04:00,0.2623531112425122,0.26464240316844323,0.24770162654224617,0.25571414828300476,753952000,0.0,0.0
2009-04-24 00:00:00-04:00,0.2582323602900267,0.2634977367694042,0.25205125073699086,0.26166629791259766,759508000,0.0,0.0
2009-04-27 00:00:00-04:00,0.2582323447906201,0.26555807248763724,0.25067767701630206,0.25228017568588257,787024000,0.0,0.0
2009-04-28 00:00:00-04:00,0.2490750918689959,0.25823225513356957,0.24678577376235328,0.25296688079833984,634392000,0.0,0.0
2009-04-29 00:00:00-04:00,0.2541115951340501,0.25525624085260634,0.24609907510415624,0.24907515943050385,859668000,0.0,0.0
2009-04-30 00:00:00-04:00,0.25388266246942987,0.27013664306259016,0.2518223110322157,0.26281091570854187,1110276000,0.0,0.0
2009-05-01 00:00:00-04:00,0.2621241604024044,0.2733417067545298,0.26189524759349037,0.2671606242656708,840548000,0.0,0.0
2009-05-04 00:00:00-04:00,0.2717392576296172,0.2836435718762258,0.26807637911196086,0.2815832197666168,927704000,0.0,0.0
2009-05-05 00:00:00-04:00,0.2754020305143526,0.27723346925219944,0.2644134253777801,0.27013665437698364,837076000,0.0,0.0
2009-05-06 00:00:00-04:00,0.27311273104281303,0.27563096264608367,0.2593769818406265,0.2646423578262329,935088000,0.0,0.0
2009-05-07 00:00:00-04:00,0.27059447350493526,0.27059447350493526,0.2422072204059576,0.24564115703105927,1289196000,0.0,0.0
2009-05-08 00:00:00-04:00,0.24037581247362655,0.24037581247362655,0.20855464601666437,0.21175965666770935,2930564000,0.0,0.0
2009-05-11 00:00:00-04:00,0.20832578425378048,0.22114583083613534,0.2064943451290849,0.21588045358657837,1038596000,0.0,0.0
2009-05-12 00:00:00-04:00,0.2206878998555949,0.2206878998555949,0.20145783559165342,0.20557856559753418,1201384000,0.0,0.0
2009-05-13 00:00:00-04:00,0.20420495249861634,0.2053495979766318,0.19069811948373325,0.19230061769485474,1305608000,0.0,0.0
2009-05-14 00:00:00-04:00,0.19207172642890177,0.19916854060572206,0.1906981543333166,0.19504781067371368,1017864000,0.0,0.0
2009-05-15 00:00:00-04:00,0.1964214063921926,0.20695215889709784,0.19413211474247488,0.20008428394794464,780308000,0.0,0.0
2009-05-18 00:00:00-04:00,0.20512073801668135,0.21359112548338297,0.20466287149009335,0.2122175395488739,938320000,0.0,0.0
2009-05-19 00:00:00-04:00,0.21359111748628476,0.21885648000549385,0.210157166423838,0.21633826196193695,859768000,0.0,0.0
2009-05-20 00:00:00-04:00,0.2202300321118732,0.23465257251019667,0.21931431287868164,0.22274824976921082,1309436000,0.0,0.0
2009-05-21 00:00:00-04:00,0.2200011628522707,0.22435082010565835,0.21519363904074681,0.2213747352361679,965600000,0.0,0.0
2009-05-22 00:00:00-04:00,0.22137468147784456,0.22801362897395325,0.21725395168156952,0.22480861842632294,718260000,0.0,0.0
2009-05-26 00:00:00-04:00,0.2227482594115026,0.23877331257291434,0.22045896805205134,0.2369418740272522,865540000,0.0,0.0
2009-05-27 00:00:00-04:00,0.23579722861079044,0.24449654124451906,0.23350793724878322,0.23739972710609436,814152000,0.0,0.0
2009-05-28 00:00:00-04:00,0.241062611090018,0.2426651096311143,0.23030294683922126,0.24060475826263428,995288000,0.0,0.0
2009-05-29 00:00:00-04:00,0.24083364968434526,0.24129150241926395,0.23053181305091922,0.23877327144145966,834232000,0.0,0.0
2009-06-01 00:00:00-04:00,0.2415204512913527,0.2518222894667194,0.2406047456844559,0.25044870376586914,1022764000,0.0,0.0
2009-06-02 00:00:00-04:00,0.25044876134904936,0.2559430781251986,0.24380982594636094,0.248388409614563,907984000,0.0,0.0
2009-06-03 00:00:00-04:00,0.24518334111748452,0.24609907406275844,0.2346525896351264,0.24060475826263428,735688000,0.0,0.0
2009-06-04 00:00:00-04:00,0.24129152223073522,0.24976189403895246,0.24106258219922802,0.24930404126644135,673180000,0.0,0.0
2009-06-05 00:00:00-04:00,0.25388271161277876,0.25388271161277876,0.24495448393596272,0.24793054163455963,559992000,0.0,0.0
2009-06-08 00:00:00-04:00,0.24609915921455192,0.24999095052965659,0.2403759013752009,0.24655701220035553,473948000,0.0,0.0
2009-06-09 00:00:00-04:00,0.24999086859433273,0.26281091173811866,0.2481594299608623,0.2600637674331665,725032000,0.0,0.0
2009-06-10 00:00:00-04:00,0.26143725287589537,0.26990765077714035,0.25571402580235114,0.2683051526546478,833320000,0.0,0.0
2009-06-11 00:00:00-04:00,0.26899199966550225,0.2792938388132797,0.2632687708559079,0.2648712694644928,835156000,0.0,0.0
2009-06-12 00:00:00-04:00,0.26097947864219845,0.2644134159188778,0.2550273097797512,0.2634977102279663,595000000,0.0,0.0
2009-06-15 00:00:00-04:00,0.2586903273910596,0.26212426652968385,0.2545695949666061,0.25914818048477173,445164000,0.0,0.0
2009-06-16 00:00:00-04:00,0.25914817168291515,0.2623531978110872,0.24838850153877795,0.25205135345458984,594912000,0.0,0.0
2009-06-17 00:00:00-04:00,0.25594294526279965,0.2607504665349867,0.24609899002815308,0.2582322359085083,799016000,0.0,0.0
2009-06-18 00:00:00-04:00,0.2573164910590076,0.2621240121029423,0.25044861944795577,0.25319576263427734,566376000,0.0,0.0
2009-06-19 00:00:00-04:00,0.2557142091649264,0.26235317370507694,0.25250921062176324,0.2559431493282318,747564000,0.0,0.0
2009-06-22 00:00:00-04:00,0.25685875469590225,0.25685875469590225,0.240604773608309,0.2415204793214798,574864000,0.0,0.0
2009-06-23 00:00:00-04:00,0.24380976611992194,0.2442676189162912,0.23098969678804993,0.2403758019208908,589764000,0.0,0.0
2009-06-24 00:00:00-04:00,0.24335194574713168,0.25411163919981555,0.24335194574713168,0.248388409614563,515096000,0.0,0.0
2009-06-25 00:00:00-04:00,0.2460991072951435,0.2618952366517362,0.24358087546871982,0.2614373564720154,870444000,0.0,0.0
2009-06-26 00:00:00-04:00,0.2602926864168173,0.2657870024483325,0.2580033948929796,0.2648712694644928,513956000,0.0,0.0
2009-06-29 00:00:00-04:00,0.2655580623797456,0.26967879258075506,0.262124125093989,0.2648712694644928,510056000,0.0,0.0
2009-06-30 00:00:00-04:00,0.2639555527559658,0.26761842995745283,0.2536537413286035,0.25846123695373535,589844000,0.0,0.0
2009-07-01 00:00:00-04:00,0.2600638542380496,0.26303993959949223,0.2552563296318333,0.2596059739589691,696420000,0.0,0.0
2009-07-02 00:00:00-04:00,0.25113551105882587,0.25434050815778564,0.24609907535024345,0.249533012509346,552312000,0.0,0.0
2009-07-06 00:00:00-04:00,0.24930408704546442,0.24953302711901124,0.2373997490311948,0.2415204793214798,752456000,0.0,0.0
2009-07-07 00:00:00-04:00,0.2424362563368118,0.24380984244643578,0.2303030033368441,0.23098976910114288,1072996000,0.0,0.0
2009-07-08 00:00:00-04:00,0.23236329803173666,0.23305009091754542,0.22229041302964353,0.23144759237766266,1205860000,0.0,0.0
2009-07-09 00:00:00-04:00,0.23533943458610973,0.24037587138256555,0.23465264154784019,0.2364840805530548,714564000,0.0,0.0
2009-07-10 00:00:00-04:00,0.23648402147749376,0.239002252891904,0.231447585939179,0.23739972710609436,520008000,0.0,0.0
2009-07-13 00:00:00-04:00,0.2422072866081275,0.2422072866081275,0.22778474338250695,0.2401469349861145,556012000,0.0,0.0
2009-07-14 00:00:00-04:00,0.24197836618134538,0.24609909658594445,0.2392311943846067,0.24518336355686188,452568000,0.0,0.0
2009-07-15 00:00:00-04:00,0.254111589904518,0.2602926711994159,0.2518222985145183,0.2552562355995178,1022808000,0.0,0.0
2009-07-16 00:00:00-04:00,0.25800340150417356,0.2694498867071797,0.25662984292897884,0.2685341536998749,952076000,0.0,0.0
2009-07-17 00:00:00-04:00,0.26853419606891066,0.27723351091307913,0.2657870511945713,0.2763178050518036,850356000,0.0,0.0
2009-07-20 00:00:00-04:00,0.2786069534528797,0.2827276822865817,0.2749440773139228,0.27975159883499146,782756000,0.0,0.0
2009-07-21 00:00:00-04:00,0.2790649769635933,0.28020962304634406,0.26761851613608517,0.2740285396575928,941296000,0.0,0.0
2009-07-22 00:00:00-04:00,0.26853411681607625,0.28341453734897065,0.2667026783435274,0.28089630603790283,600908000,0.0,0.0
2009-07-23 00:00:00-04:00,0.28135421459460114,0.29852392979839665,0.2783781298981963,0.2976081967353821,1046120000,0.0,0.0
2009-07-24 00:00:00-04:00,0.28845088460141716,0.2976080468774951,0.28661944668810235,0.2966923415660858,650592000,0.0,0.0
2009-07-27 00:00:00-04:00,0.2939453784121766,0.30241575324839753,0.2911982062140397,0.298066109418869,677484000,0.0,0.0
2009-07-28 00:00:00-04:00,0.2960057599626415,0.3017289904653364,0.29348752762524943,0.29852399230003357,563180000,0.0,0.0
2009-07-29 00:00:00-04:00,0.29508995495331447,0.2969213935575691,0.28959563914055075,0.2925717234611511,373972000,0.0,0.0
2009-07-30 00:00:00-04:00,0.29760825319382855,0.3015000716915542,0.29234287577677204,0.2948611080646515,468444000,0.0,0.0
2009-07-31 00:00:00-04:00,0.29486105020485076,0.3001264265886965,0.28799317508431543,0.2960056960582733,541560000,0.0,0.0
2009-08-03 00:00:00-04:00,0.3031024937302595,0.3074521640959289,0.2973792647942536,0.30401819944381714,471900000,0.0,0.0
2009-08-04 00:00:00-04:00,0.29875276983944815,0.3113438985333176,0.2982949170646991,0.3060785233974457,695380000,0.0,0.0
2009-08-05 00:00:00-04:00,0.304247116263617,0.3090546391186225,0.3005842391083265,0.3067653477191925,610768000,0.0,0.0
2009-08-06 00:00:00-04:00,0.3079099820046019,0.31340427024335676,0.29852387669868174,0.30035531520843506,957588000,0.0,0.0
2009-08-07 00:00:00-04:00,0.3166092890192381,0.32576645412019506,0.30951247514979463,0.313862144947052,1401872000,0.0,0.0
2009-08-10 00:00:00-04:00,0.3161515393824224,0.32073012342689117,0.3017289668937295,0.30356040596961975,693312000,0.0,0.0
2009-08-11 00:00:00-04:00,0.3015000733451419,0.3060786576823868,0.2948611096818276,0.29646360874176025,481884000,0.0,0.0
2009-08-12 00:00:00-04:00,0.2966924795307956,0.3106571694117211,0.29646353945123594,0.30745217204093933,634940000,0.0,0.0
2009-08-13 00:00:00-04:00,0.3097414776172379,0.31775399869537785,0.3042471610750644,0.31660935282707214,564028000,0.0,0.0
2009-08-14 00:00:00-04:00,0.31615151497440885,0.31660936788540517,0.3031025296226898,0.30722326040267944,427148000,0.0,0.0
2009-08-17 00:00:00-04:00,0.29783713291879904,0.2987528386792977,0.29119817063839987,0.29440319538116455,465032000,0.0,0.0
2009-08-18 00:00:00-04:00,0.29440309578205043,0.3085967213015211,0.2941741557741233,0.3051627576351166,636200000,0.0,0.0
2009-08-19 00:00:00-04:00,0.30058428816308735,0.3035603729261388,0.29760820340003596,0.3017289340496063,552996000,0.0,0.0
2009-08-20 00:00:00-04:00,0.3003554228735939,0.31500690891307515,0.29966862977493597,0.3136333227157593,819840000,0.0,0.0
2009-08-21 00:00:00-04:00,0.3161514738223773,0.3193564710726826,0.3097414520312587,0.31889861822128296,607324000,0.0,0.0
2009-08-24 00:00:00-04:00,0.31706719391120225,0.3205011313882665,0.30813894009652965,0.3099703788757324,461456000,0.0,0.0
2009-08-25 00:00:00-04:00,0.31157285412107166,0.3159225243055862,0.3063075055516439,0.3127175271511078,444088000,0.0,0.0
2009-08-26 00:00:00-04:00,0.3120306798439148,0.317067114761593,0.3108860343039651,0.3163803219795227,434308000,0.0,0.0
2009-08-27 00:00:00-04:00,0.31775397583736537,0.3221036189078262,0.3143200384794726,0.320730060338974,551072000,0.0,0.0
2009-08-28 00:00:00-04:00,0.32942934299940757,0.3440808240655044,0.32897149018589017,0.3372129499912262,883992000,0.0,0.0
2009-08-31 00:00:00-04:00,0.33332112375963896,0.33492364949900383,0.32805574832152334,0.3324054181575775,431796000,0.0,0.0
2009-09-01 00:00:00-04:00,0.3321764876068578,0.34156259310355547,0.31935644506851546,0.3211878836154938,736856000,0.0,0.0
2009-09-02 00:00:00-04:00,0.321645744003454,0.32897149836386785,0.31981430541335054,0.3257664740085602,404656000,0.0,0.0
2009-09-03 00:00:00-04:00,0.3257665171445192,0.3340079782460142,0.32485081137346866,0.3335501253604889,534020000,0.0,0.0
2009-09-04 00:00:00-04:00,0.3321765302792172,0.3482015991560247,0.3321765302792172,0.34591230750083923,513048000,0.0,0.0
2009-09-08 00:00:00-04:00,0.34843058444651864,0.355527400970459,0.34568343934678897,0.355527400970459,549712000,0.0,0.0
2009-09-09 00:00:00-04:00,0.3548405632737287,0.36605810968261104,0.349804126675491,0.36537131667137146,571684000,0.0,0.0
2009-09-10 00:00:00-04:00,0.3665159801913481,0.377504614317772,0.36239524921656735,0.37704673409461975,607952000,0.0,0.0
2009-09-11 00:00:00-04:00,0.3761310833387133,0.3775046696283974,0.3708657056156133,0.3736128509044647,712732000,0.0,0.0
2009-09-14 00:00:00-04:00,0.3681184335332854,0.3710945179421839,0.3642266161498372,0.367431640625,490516000,0.0,0.0
2009-09-15 00:00:00-04:00,0.3708655314856222,0.37956484355788633,0.36743159466424186,0.3749862611293793,546136000,0.0,0.0
2009-09-16 00:00:00-04:00,0.37407047821255135,0.3747572709430239,0.3594190273181371,0.36491331458091736,707064000,0.0,0.0
2009-09-17 00:00:00-04:00,0.36399773327835555,0.36399773327835555,0.3427072878249258,0.3488883972167969,923096000,0.0,0.0
2009-09-18 00:00:00-04:00,0.3523223018733309,0.35484050612160134,0.34568334022132996,0.34843048453330994,604740000,0.0,0.0
2009-09-21 00:00:00-04:00,0.34430978191862577,0.3527801828852769,0.34133372459575834,0.34682801365852356,588776000,0.0,0.0
2009-09-22 00:00:00-04:00,0.3493462769299987,0.3514066286918732,0.3447676932009338,0.3475148379802704,361388000,0.0,0.0
2009-09-23 00:00:00-04:00,0.34957521048893797,0.352551295547559,0.34156268848754257,0.34202054142951965,478936000,0.0,0.0
2009-09-24 00:00:00-04:00,0.34774373070928133,0.34774373070928133,0.336297245655479,0.33744189143180847,552876000,0.0,0.0
2009-09-25 00:00:00-04:00,0.3356104750367682,0.33721300106254215,0.32942939289188666,0.3319476246833801,377556000,0.0,0.0
2009-09-28 00:00:00-04:00,0.33309225309416174,0.3479726483962401,0.33309225309416174,0.3395022749900818,467708000,0.0,0.0
2009-09-29 00:00:00-04:00,0.3415627060663456,0.3456834373372427,0.3326344504309828,0.3333212435245514,470928000,0.0,0.0
2009-09-30 00:00:00-04:00,0.3401889593789459,0.3482015053029288,0.33263429349499196,0.34408077597618103,875956000,0.0,0.0
2009-10-01 00:00:00-04:00,0.34293627243407876,0.34293627243407876,0.31935653223055555,0.3195854723453522,999960000,0.0,0.0
2009-10-02 00:00:00-04:00,0.3163803831886499,0.3239350506719964,0.3145489445123072,0.3170671761035919,612476000,0.0,0.0
2009-10-05 00:00:00-04:00,0.32050117184175003,0.3216458178119147,0.3099704180000299,0.31546473503112793,754276000,0.0,0.0
2009-10-06 00:00:00-04:00,0.31935647447961363,0.3262243491953991,0.31706718290768515,0.320730060338974,761272000,0.0,0.0
2009-10-07 00:00:00-04:00,0.318440853242955,0.32187479151180204,0.3147779748399787,0.3182119131088257,459608000,0.0,0.0
2009-10-08 00:00:00-04:00,0.3200433267489324,0.32095903263128267,0.3088257795923183,0.3202722668647766,1241524000,0.0,0.0
2009-10-09 00:00:00-04:00,0.3184408047017832,0.32485082728462933,0.31798295179383235,0.32439297437667847,618540000,0.0,0.0
2009-10-12 00:00:00-04:00,0.3188986216233296,0.32691114212507927,0.31866968154993347,0.320730060338974,499008000,0.0,0.0
2009-10-13 00:00:00-04:00,0.32256155738514214,0.32622440818829557,0.3166093873055622,0.3195854723453522,602124000,0.0,0.0
2009-10-14 00:00:00-04:00,0.3319476962977615,0.3319476962977615,0.3175251226973295,0.3191276490688324,1101948000,0.0,0.0
2009-10-15 00:00:00-04:00,0.31866963247212365,0.3216457165153903,0.30768102916110285,0.30974140763282776,1092196000,0.0,0.0
2009-10-16 00:00:00-04:00,0.3058496073702677,0.30676534028214286,0.29715029480523364,0.30264461040496826,1018832000,0.0,0.0
2009-10-19 00:00:00-04:00,0.3051629199831696,0.31615155498066677,0.30264471500877704,0.3136333227157593,695588000,0.0,0.0
2009-10-20 00:00:00-04:00,0.3188985802944774,0.3211878715697166,0.311343913628087,0.313862144947052,660180000,0.0,0.0
2009-10-21 00:00:00-04:00,0.3127175464374645,0.31752504246567675,0.30470499847609317,0.30630752444267273,503956000,0.0,0.0
2009-10-22 00:00:00-04:00,0.3047050595603727,0.30997043680059244,0.299439682320153,0.30836793780326843,379328000,0.0,0.0
2009-10-23 00:00:00-04:00,0.31248862823504747,0.31248862823504747,0.2992107304499952,0.3010421693325043,429528000,0.0,0.0
2009-10-26 00:00:00-04:00,0.3033315748227207,0.3079101601001093,0.2955479634768477,0.29715046286582947,481652000,0.0,0.0
2009-10-27 00:00:00-04:00,0.2957766141598071,0.30012625499982215,0.2841012222137751,0.28707727789878845,591836000,0.0,0.0
2009-10-28 00:00:00-04:00,0.280667386374991,0.28707740784911057,0.2737995120721142,0.2751730978488922,773632000,0.0,0.0
2009-10-29 00:00:00-04:00,0.2795228185361265,0.28868001411510236,0.27700461363110807,0.28730642795562744,637100000,0.0,0.0
2009-10-30 00:00:00-04:00,0.2859328209713234,0.2870774669240152,0.2724260096457653,0.2737995684146881,604144000,0.0,0.0
2009-11-02 00:00:00-05:00,0.273341720066889,0.2822699750216327,0.26853419606891066,0.2763178050518036,593136000,0.0,0.0
2009-11-03 00:00:00-05:00,0.26738943128810655,0.2763176822757669,0.2646422876344035,0.27494409680366516,876472000,0.0,0.0
2009-11-04 00:00:00-05:00,0.27700459361396157,0.27998067855075404,0.273112775540188,0.2742574214935303,916840000,0.0,0.0
2009-11-05 00:00:00-05:00,0.2774623691358129,0.2836434501014739,0.27654663625428616,0.28089630603790283,955156000,0.0,0.0
2009-11-06 00:00:00-05:00,0.29852384771117496,0.3074520993453247,0.29486097104734393,0.301270991563797,1641112000,0.0,0.0
2009-11-09 00:00:00-05:00,0.3053917331910026,0.3124885467768154,0.3051627931564266,0.3081388771533966,818124000,0.0,0.0
2009-11-10 00:00:00-05:00,0.3092835392677622,0.3092835392677622,0.2966924370845216,0.30058422684669495,781472000,0.0,0.0
2009-11-11 00:00:00-05:00,0.3056207352455764,0.3163804005345524,0.30516285508350627,0.3090546727180481,871512000,0.0,0.0
2009-11-12 00:00:00-05:00,0.311801753963591,0.3170671291443066,0.3072231715960998,0.3081388771533966,505864000,0.0,0.0
2009-11-13 00:00:00-05:00,0.3079100275106898,0.31203075794401214,0.3065364416027459,0.3104282319545746,388524000,0.0,0.0
2009-11-16 00:00:00-05:00,0.313175441619106,0.3184408185152227,0.311572915435996,0.3147779405117035,402820000,0.0,0.0
2009-11-17 00:00:00-05:00,0.3150068506020644,0.3150068506020644,0.30836788826466455,0.31432005763053894,350124000,0.0,0.0
2009-11-18 00:00:00-05:00,0.311343994553538,0.31248864048867736,0.30424717883946917,0.30951255559921265,455516000,0.0,0.0
2009-11-19 00:00:00-05:00,0.3028736944625651,0.3028736944625651,0.2916561714491716,0.29715046286582947,833840000,0.0,0.0
2009-11-20 00:00:00-05:00,0.29028252385644665,0.29669254735383155,0.2895957307512777,0.29531896114349365,426748000,0.0,0.0
2009-11-23 00:00:00-05:00,0.29966857565928234,0.3051628648753297,0.2962346380766252,0.2976081967353821,390924000,0.0,0.0
2009-11-24 00:00:00-05:00,0.2962346074566178,0.29829495887704177,0.2909692315826921,0.29577675461769104,418504000,0.0,0.0
2009-11-25 00:00:00-05:00,0.299210786819458,0.30333151825879606,0.2971504074545311,0.299210786819458,441760000,0.0,0.0
2009-11-27 00:00:00-05:00,0.2884510241443956,0.29623463221880936,0.2868485254289458,0.2928006947040558,279932000,0.0,0.0
2009-11-30 00:00:00-05:00,0.293945349392391,0.29921072586497793,0.2907403245744853,0.29898178577423096,509836000,0.0,0.0
2009-12-01 00:00:00-05:00,0.30058426499599,0.30836787279871497,0.29898176633647583,0.30493393540382385,461936000,0.0,0.0
2009-12-02 00:00:00-05:00,0.30562077135094595,0.3147779390260114,0.3037893323578304,0.31409114599227905,602292000,0.0,0.0
2009-12-03 00:00:00-05:00,0.31775399869537785,0.3234772280369064,0.3161514999378519,0.31660935282707214,660036000,0.0,0.0
2009-12-04 00:00:00-05:00,0.32256153745514016,0.32782691415551335,0.31752507356490656,0.3264533281326294,824564000,0.0,0.0
2009-12-07 00:00:00-05:00,0.36285317552150836,0.3765889289881884,0.3456834563976421,0.3683474659919739,2732184000,0.0,0.0
2009-12-08 00:00:00-05:00,0.36239527091242724,0.3639977972083745,0.34843057824255297,0.3504909574985504,1075512000,0.0,0.0
2009-12-09 00:00:00-05:00,0.3541537891228442,0.36193737029025097,0.3507198241483873,0.3591902256011963,671588000,0.0,0.0
2009-12-10 00:00:00-05:00,0.36170850830197865,0.3639978004128982,0.35163560663962384,0.3527802526950836,417012000,0.0,0.0
2009-12-11 00:00:00-05:00,0.3557563011433412,0.35621415406012036,0.3472858993756248,0.3482016324996948,416744000,0.0,0.0
2009-12-14 00:00:00-05:00,0.3532380852023492,0.35987704831384726,0.34934629429727126,0.3587324023246765,405488000,0.0,0.0
2009-12-15 00:00:00-05:00,0.35621417009183165,0.3642266920128673,0.3552984642170614,0.35827454924583435,446152000,0.0,0.0
2009-12-16 00:00:00-05:00,0.371094463668563,0.39124023138568403,0.369034085245043,0.38711950182914734,1683400000,0.0,0.0
2009-12-17 00:00:00-05:00,0.38826423375388014,0.4001685722957068,0.3795649199312027,0.38528814911842346,1016132000,0.0,0.0
2009-12-18 00:00:00-05:00,0.38849320507089347,0.38986676381194946,0.3804806562740977,0.38505926728248596,812828000,0.0,0.0
2009-12-21 00:00:00-05:00,0.38734854964528953,0.40039750746323083,0.38689069674282883,0.3987950086593628,427792000,0.0,0.0
2009-12-22 00:00:00-05:00,0.3987949377409284,0.4134464190477489,0.39833708491988845,0.4093256890773773,793044000,0.0,0.0
2009-12-23 00:00:00-05:00,0.4132175181229329,0.4161936026772815,0.40795214195608676,0.4150489568710327,442196000,0.0,0.0
2009-12-24 00:00:00-05:00,0.4161935722956673,0.41688036518738325,0.4125307223573599,0.414133220911026,136812000,0.0,0.0
2009-12-28 00:00:00-05:00,0.413446385215334,0.4171092620649316,0.40337348752419255,0.4074942171573639,465760000,0.0,0.0
2009-12-29 00:00:00-05:00,0.4061206987617406,0.4136753659507164,0.40520496581399734,0.41253072023391724,475848000,0.0,0.0
2009-12-30 00:00:00-05:00,0.416422621151517,0.42992946058238984,0.4134465360368831,0.4274112284183502,704008000,0.0,0.0
2009-12-31 00:00:00-05:00,0.42832678383109013,0.433821071538821,0.4271821382844377,0.42763999104499817,700340000,0.0,0.0
2010-01-04 00:00:00-05:00,0.42374828437892176,0.4262665161516094,0.41459111762807177,0.4232904314994812,800204000,0.0,0.0
2010-01-05 00:00:00-05:00,0.4216880025757202,0.43405019610991463,0.4216880025757202,0.42947161197662354,728648000,0.0,0.0
2010-01-06 00:00:00-05:00,0.4292427046819701,0.4331344960348065,0.4251219731887543,0.4322187900543213,649168000,0.0,0.0
2010-01-07 00:00:00-05:00,0.4299294544445461,0.43176089351129093,0.42054334628404977,0.42374834418296814,547792000,0.0,0.0
2010-01-08 00:00:00-05:00,0.4203143204284472,0.4276400752010737,0.41779611610455125,0.4246639907360077,478168000,0.0,0.0
2010-01-11 00:00:00-05:00,0.42695330196025616,0.428784740737833,0.41275967190191726,0.4187118411064148,556612000,0.0,0.0
2010-01-12 00:00:00-05:00,0.41253073463384016,0.41413323323519496,0.3958188738366151,0.404518187046051,627432000,0.0,0.0
2010-01-13 00:00:00-05:00,0.40726545777962003,0.41138618896458407,0.39146932611901036,0.4100126028060913,508868000,0.0,0.0
2010-01-14 00:00:00-05:00,0.4049761564223278,0.40795221421329225,0.396734694241391,0.40360257029533386,608524000,0.0,0.0
2010-01-15 00:00:00-05:00,0.4006264357717614,0.4040603733749438,0.38643280517953243,0.3916981816291809,818192000,0.0,0.0
2010-01-19 00:00:00-05:00,0.3887220806291689,0.4015421247268149,0.38757743480939727,0.3990239202976227,545328000,0.0,0.0
2010-01-20 00:00:00-05:00,0.3939873342184971,0.39902379609015803,0.3887219596284428,0.397421270608902,719728000,0.0,0.0
2010-01-21 00:00:00-05:00,0.39719246726229485,0.40428928200619296,0.3866617151824153,0.39032459259033203,608632000,0.0,0.0
2010-01-22 00:00:00-05:00,0.3857459891707469,0.39284280404316285,0.3745284712529368,0.3768177628517151,1067916000,0.0,0.0
2010-01-25 00:00:00-05:00,0.38299885528007316,0.390553523222632,0.380251710743827,0.38322779536247253,643676000,0.0,0.0
2010-01-26 00:00:00-05:00,0.38139636743484767,0.38391459925090893,0.37086561457378614,0.37109455466270447,714636000,0.0,0.0
2010-01-27 00:00:00-05:00,0.37086568644266726,0.38254108742983906,0.36674495507716454,0.3811675012111664,812504000,0.0,0.0
2010-01-28 00:00:00-05:00,0.3841435988529657,0.38551718511584016,0.3630820883716433,0.3683474659919739,687764000,0.0,0.0
2010-01-29 00:00:00-05:00,0.3724681126310392,0.37658884319032443,0.3468280235023796,0.3523223400115967,774700000,0.0,0.0
2010-02-01 00:00:00-05:00,0.3536958539942316,0.38002273277240006,0.35071976967230767,0.3793359398841858,949832000,0.0,0.0
2010-02-02 00:00:00-05:00,0.37796241908187034,0.3880353187687852,0.376817773250892,0.38322779536247253,849812000,0.0,0.0
2010-02-03 00:00:00-05:00,0.37979389103578376,0.3880353526547333,0.3779624520881826,0.38643282651901245,562296000,0.0,0.0
2010-02-04 00:00:00-05:00,0.38299879109595314,0.38299879109595314,0.35987693826881856,0.3639976680278778,783480000,0.0,0.0
2010-02-05 00:00:00-05:00,0.3635398270139726,0.3722391396116287,0.35712977847832533,0.3713234066963196,604856000,0.0,0.0
2010-02-08 00:00:00-05:00,0.37017884866305995,0.37956495634681253,0.3633109729794884,0.3706367015838623,445160000,0.0,0.0
2010-02-09 00:00:00-05:00,0.3765888359883732,0.37842027478975415,0.36399773175332995,0.3676605820655823,930144000,0.0,0.0
2010-02-10 00:00:00-05:00,0.3699498833711837,0.37819131664812966,0.3674316517282093,0.3747573792934418,535828000,0.0,0.0
2010-02-11 00:00:00-05:00,0.38070949030506007,0.3960477633188928,0.37796234629783027,0.391927033662796,695980000,0.0,0.0
2010-02-12 00:00:00-05:00,0.3891800159113148,0.405205059657838,0.3848303448058079,0.3971925377845764,780212000,0.0,0.0
2010-02-16 00:00:00-05:00,0.40245783560009585,0.40612071293791335,0.3976503125055239,0.404518187046051,457024000,0.0,0.0
2010-02-17 00:00:00-05:00,0.40955456884440283,0.4097834815759725,0.3967345279994306,0.4084099233150482,876560000,0.0,0.0
2010-02-18 00:00:00-05:00,0.3859749981884028,0.38803537736962646,0.37109460013845674,0.38162535429000854,1515508000,0.0,0.0
2010-02-19 00:00:00-05:00,0.38002279383161786,0.38414352453248485,0.3777335020300819,0.37956494092941284,510548000,0.0,0.0
2010-02-22 00:00:00-05:00,0.3811673217605455,0.3868905767835407,0.3777333851210499,0.38025161623954773,458084000,0.0,0.0
2010-02-23 00:00:00-05:00,0.38139636743484767,0.38299886618574575,0.36720273689415345,0.37109455466270447,489764000,0.0,0.0
2010-02-24 00:00:00-05:00,0.37429950394094774,0.382540964013063,0.3731548582248488,0.37887808680534363,445868000,0.0,0.0
2010-02-25 00:00:00-05:00,0.37017870956885013,0.3763598171939303,0.360792605411915,0.37544408440589905,576972000,0.0,0.0
2010-02-26 00:00:00-05:00,0.37361284789581845,0.37636002045306405,0.36857641035839567,0.37086570262908936,393396000,0.0,0.0
2010-03-01 00:00:00-05:00,0.37109454638651324,0.38757744099623703,0.3681184617494984,0.3857460021972656,555868000,0.0,0.0
2010-03-02 00:00:00-05:00,0.3891799681679229,0.3939874643278034,0.3827699459975727,0.38551709055900574,538648000,0.0,0.0
2010-03-03 00:00:00-05:00,0.38780637370242044,0.3898667252554987,0.37750456135601107,0.38070955872535706,399300000,0.0,0.0
2010-03-04 00:00:00-05:00,0.3823120589853653,0.3852881435780262,0.37658882988044395,0.3813963532447815,557396000,0.0,0.0
2010-03-05 00:00:00-05:00,0.3786492558723192,0.39581894532461737,0.3786492558723192,0.3930718004703522,632832000,0.0,0.0
2010-03-08 00:00:00-05:00,0.39330055071808184,0.3944451961290044,0.3857458582573938,0.38734838366508484,439312000,0.0,0.0
2010-03-09 00:00:00-05:00,0.3912403160161847,0.40566285893859977,0.3910113759338808,0.40177106857299805,830832000,0.0,0.0
2010-03-10 00:00:00-05:00,0.40062636385021216,0.4070363850168434,0.4003974238015625,0.4026867151260376,418520000,0.0,0.0
2010-03-11 00:00:00-05:00,0.3994817327185663,0.40085531847941575,0.39192706561490703,0.3935295641422272,540660000,0.0,0.0
2010-03-12 00:00:00-05:00,0.397879297547789,0.3990239434339298,0.39284283381636104,0.3949032127857208,520352000,0.0,0.0
2010-03-15 00:00:00-04:00,0.3944452954339432,0.39833708535277107,0.38917991975999666,0.39284276962280273,358904000,0.0,0.0
2010-03-16 00:00:00-04:00,0.3926138812901022,0.40886786214498316,0.3923849412198332,0.40657857060432434,664988000,0.0,0.0
2010-03-17 00:00:00-04:00,0.408867844011581,0.4198564483774974,0.408867844011581,0.4143621325492859,651168000,0.0,0.0
2010-03-18 00:00:00-04:00,0.4150489634041108,0.4150489634041108,0.39604783726319204,0.3997107148170471,740964000,0.0,0.0
2010-03-19 00:00:00-04:00,0.40566287865734213,0.4068075245434829,0.38986674905429286,0.3949032127857208,584612000,0.0,0.0
2010-03-22 00:00:00-04:00,0.389866671999909,0.40291565435528365,0.389866671999909,0.4013131558895111,435336000,0.0,0.0
2010-03-23 00:00:00-04:00,0.404289284251105,0.4116150118171082,0.4015421125346591,0.409554660320282,493612000,0.0,0.0
2010-03-24 00:00:00-04:00,0.40612075921868196,0.40726540510587816,0.39513212595298525,0.39581891894340515,436252000,0.0,0.0
2010-03-25 00:00:00-04:00,0.40154221040231786,0.4040604426593245,0.3960479202113222,0.39696362614631653,495184000,0.0,0.0
2010-03-26 00:00:00-04:00,0.4003975643383175,0.4045182956268217,0.39375862808332157,0.39696362614631653,344676000,0.0,0.0
2010-03-29 00:00:00-04:00,0.3994818078773986,0.40291574563507976,0.393987491090802,0.4020000398159027,394456000,0.0,0.0
2010-03-30 00:00:00-04:00,0.4065786553768118,0.40863900727678926,0.396734694241391,0.40360257029533386,324104000,0.0,0.0
2010-03-31 00:00:00-04:00,0.40200003337960655,0.4038314722791495,0.39627677658459315,0.39833715558052063,389840000,0.0,0.0
2010-04-01 00:00:00-04:00,0.4001685575150373,0.40474714069569884,0.3900956581432769,0.394216388463974,339664000,0.0,0.0
2010-04-05 00:00:00-04:00,0.3967346304213127,0.40085536084890644,0.3962767502589618,0.4001685678958893,413636000,0.0,0.0
2010-04-06 00:00:00-04:00,0.3951320884864012,0.3960478214836344,0.3834566906278612,0.39032459259033203,809260000,0.0,0.0
2010-04-07 00:00:00-04:00,0.3878063340048781,0.39948173105186785,0.38460130967310335,0.39284276962280273,817468000,0.0,0.0
2010-04-08 00:00:00-04:00,0.39032464451660687,0.3933007293951448,0.3843724747595309,0.38643282651901245,1037600000,0.0,0.0
2010-04-09 00:00:00-04:00,0.3855171548612685,0.39032467911352864,0.38345677562865094,0.3889510929584503,817572000,0.0,0.0
2010-04-12 00:00:00-04:00,0.38940883923587377,0.39765029932759144,0.38872204634647956,0.39604780077934265,546460000,0.0,0.0
2010-04-13 00:00:00-04:00,0.39765037225146815,0.4056628937526105,0.396047873409342,0.4042893350124359,648696000,0.0,0.0
2010-04-14 00:00:00-04:00,0.412988566226709,0.41504891756664175,0.4029156677113,0.4093256890773773,900720000,0.0,0.0
2010-04-15 00:00:00-04:00,0.41069925056679574,0.4148199802937137,0.40657852083987783,0.4123017489910126,957596000,0.0,0.0
2010-04-16 00:00:00-04:00,0.39558993728571806,0.3971924357907672,0.38185416173963804,0.39055347442626953,1917736000,0.0,0.0
2010-04-19 00:00:00-04:00,0.38757744606022415,0.3898667377662224,0.37567313464713553,0.38872209191322327,1094492000,0.0,0.0
2010-04-20 00:00:00-04:00,0.39146920708826544,0.39558993702027384,0.3850591857818642,0.39009562134742737,678188000,0.0,0.0
2010-04-21 00:00:00-04:00,0.39215607331064856,0.3926139262130664,0.37544421040305487,0.380022794008255,895908000,0.0,0.0
2010-04-22 00:00:00-04:00,0.3738417450895749,0.38277000029385055,0.368576368013799,0.38162535429000854,656932000,0.0,0.0
2010-04-23 00:00:00-04:00,0.38048067307313527,0.38139640623144916,0.36972100631916516,0.3763599693775177,752916000,0.0,0.0
2010-04-26 00:00:00-04:00,0.3768177964008193,0.38460137761345514,0.37613100340193706,0.380022794008255,491092000,0.0,0.0
2010-04-27 00:00:00-04:00,0.37727563351888815,0.3811674239623825,0.36811846669160275,0.3692631125450134,606704000,0.0,0.0
2010-04-28 00:00:00-04:00,0.36903420373212154,0.3752153136967684,0.36239524084541136,0.36994993686676025,672164000,0.0,0.0
2010-04-29 00:00:00-04:00,0.37109462657595116,0.38162538147773417,0.36560030899177576,0.3811675012111664,987128000,0.0,0.0
2010-04-30 00:00:00-04:00,0.37658882309745745,0.3772756160357795,0.35941913609194776,0.35964804887771606,1068048000,0.0,0.0
2010-05-03 00:00:00-04:00,0.3614794819156518,0.36353986069812466,0.35026193687465457,0.3557562530040741,1078972000,0.0,0.0
2010-05-04 00:00:00-04:00,0.3502619982902548,0.35094879133816936,0.3326344283193375,0.3376708924770355,1311376000,0.0,0.0
2010-05-05 00:00:00-04:00,0.3308029788309758,0.3404179985330704,0.32782689415662253,0.3319476246833801,1330840000,0.0,0.0
2010-05-06 00:00:00-04:00,0.3296584104748957,0.33652628720382693,0.29852399776368455,0.3250797986984253,1002888000,0.0,0.0
2010-05-07 00:00:00-04:00,0.3280558472351289,0.3280558472351289,0.3081389851252723,0.3195854723453522,1153712000,0.0,0.0
2010-05-10 00:00:00-04:00,0.3388155609825858,0.3429362922534829,0.32965839250970985,0.3333212435245514,979156000,0.0,0.0
2010-05-11 00:00:00-04:00,0.33011627189599907,0.33629735565178837,0.3271401864460214,0.3296584188938141,829124000,0.0,0.0
2010-05-12 00:00:00-04:00,0.3319476608245203,0.3378998035307627,0.32988728169156073,0.33606839179992676,901236000,0.0,0.0
2010-05-13 00:00:00-04:00,0.33469492320437644,0.35003320651340597,0.33217669025469393,0.33538171648979187,1252000000,0.0,0.0
2010-05-14 00:00:00-04:00,0.31271740283971844,0.3136331081511277,0.28845088460141716,0.2966923415660858,2493068000,0.0,0.0
2010-05-17 00:00:00-04:00,0.2971504045666059,0.30104222312125023,0.2879932358084134,0.29737934470176697,856060000,0.0,0.0
2010-05-18 00:00:00-04:00,0.299897597893317,0.30172903739714996,0.28593290237842567,0.2875354290008545,674112000,0.0,0.0
2010-05-19 00:00:00-04:00,0.2861618477215331,0.29257187245552296,0.2841014952990637,0.2921140193939209,826520000,0.0,0.0
2010-05-20 00:00:00-04:00,0.2836434590222631,0.29211385881288876,0.2749441464719347,0.28524598479270935,1129136000,0.0,0.0
2010-05-21 00:00:00-04:00,0.27700453447196133,0.2994395958255634,0.27700453447196133,0.2914270758628845,1069600000,0.0,0.0
2010-05-24 00:00:00-04:00,0.2905114149906663,0.2939453526468277,0.28204101360639305,0.28295671939849854,664564000,0.0,0.0
2010-05-25 00:00:00-04:00,0.2740285340268358,0.2918850180089352,0.2712813616522707,0.29051145911216736,966652000,0.0,0.0
2010-05-26 00:00:00-04:00,0.302186860184275,0.3079100904870896,0.2909693124164494,0.29188501834869385,995028000,0.0,0.0
2010-05-27 00:00:00-04:00,0.2992107131721942,0.3090546727180481,0.29852392021959806,0.3090546727180481,713560000,0.0,0.0
2010-05-28 00:00:00-04:00,0.30859680571165726,0.30859680571165726,0.2962346150026861,0.3008131980895996,545116000,0.0,0.0
2010-06-01 00:00:00-04:00,0.2966925071481303,0.3001264449181165,0.28776425257185917,0.2879931926727295,527492000,0.0,0.0
2010-06-02 00:00:00-04:00,0.2884510492342953,0.2916560742344822,0.2866196102756903,0.291198194026947,649088000,0.0,0.0
2010-06-03 00:00:00-04:00,0.2852460221267289,0.2914271040957914,0.2843302890965473,0.29074031114578247,586360000,0.0,0.0
2010-06-04 00:00:00-04:00,0.28227000689675524,0.28730644428353197,0.2754021029995852,0.2770046293735504,671456000,0.0,0.0
2010-06-07 00:00:00-04:00,0.27814931681313226,0.2799807563051979,0.2621242417254475,0.2632688879966736,577248000,0.0,0.0
2010-06-08 00:00:00-04:00,0.26212423354177145,0.26212423354177145,0.24930418478808122,0.2559431493282318,967636000,0.0,0.0
2010-06-09 00:00:00-04:00,0.2573165759696279,0.2641844771374803,0.24884620364566698,0.2497619092464447,697152000,0.0,0.0
2010-06-10 00:00:00-04:00,0.2547984486944352,0.2609795315883418,0.2541116556416649,0.259834885597229,611768000,0.0,0.0
2010-06-11 00:00:00-04:00,0.2570877209052841,0.2669316811299055,0.25640092790533175,0.2657870352268219,442104000,0.0,0.0
2010-06-14 00:00:00-04:00,0.26967878614575247,0.2701366389814933,0.25937697453430175,0.2600637674331665,375080000,0.0,0.0
2010-06-15 00:00:00-04:00,0.26303990161699753,0.27425742102435746,0.26258202140403414,0.2728838622570038,528632000,0.0,0.0
2010-06-16 00:00:00-04:00,0.2710524183066559,0.27357065026973143,0.2657870415687325,0.269449919462204,366480000,0.0,0.0
2010-06-17 00:00:00-04:00,0.2788358934455015,0.2804383915223582,0.2692208504033642,0.27975159883499146,859068000,0.0,0.0
2010-06-18 00:00:00-04:00,0.28135427962531967,0.285017158142976,0.2792939275157107,0.2815832197666168,932832000,0.0,0.0
2010-06-21 00:00:00-04:00,0.2875352241899299,0.28822198963548024,0.2724258931588126,0.27494409680366516,579836000,0.0,0.0
2010-06-22 00:00:00-04:00,0.2783781070284194,0.28181204432896606,0.2632687719898112,0.2646423578262329,818164000,0.0,0.0
2010-06-23 00:00:00-04:00,0.26716053518187594,0.27036553176206696,0.2596058419060638,0.2676183879375458,614060000,0.0,0.0
2010-06-24 00:00:00-04:00,0.26601599001679205,0.2673895762334815,0.25342488309569555,0.25434058904647827,725028000,0.0,0.0
2010-06-25 00:00:00-04:00,0.25617202935021405,0.25640096948416086,0.24953309295194154,0.2536538243293762,507220000,0.0,0.0
2010-06-28 00:00:00-04:00,0.25548523366799974,0.25777452557783115,0.2495330637862332,0.254111647605896,372008000,0.0,0.0
2010-06-29 00:00:00-04:00,0.24861735377366284,0.24884629390214624,0.23831553922117643,0.2399180382490158,660808000,0.0,0.0
2010-06-30 00:00:00-04:00,0.2403758218996035,0.24289405342469295,0.23373688757419586,0.23373688757419586,623072000,0.0,0.0
2010-07-01 00:00:00-04:00,0.23442367153734583,0.23923116705134204,0.22732684371221004,0.23762866854667664,737008000,0.0,0.0
2010-07-02 00:00:00-04:00,0.238544395910551,0.23900224871685322,0.22664005920366173,0.234652578830719,737096000,0.0,0.0
2010-07-06 00:00:00-04:00,0.2337369004522759,0.24129156815327296,0.23007402299406268,0.2321344017982483,712020000,0.0,0.0
2010-07-07 00:00:00-04:00,0.23305009494439405,0.24472549233336116,0.23259224210944587,0.24335190653800964,608412000,0.0,0.0
2010-07-08 00:00:00-04:00,0.24495442052567873,0.2451833332868063,0.23305008365086427,0.23602616786956787,783272000,0.0,0.0
2010-07-09 00:00:00-04:00,0.2371708140793996,0.23854439981127262,0.23396578980186442,0.2369418740272522,571516000,0.0,0.0
2010-07-12 00:00:00-04:00,0.23694191193129527,0.24426766728585875,0.23671299913303395,0.2412915825843811,565396000,0.0,0.0
2010-07-13 00:00:00-04:00,0.24518335725905227,0.2515933791359456,0.2438097986864733,0.24999088048934937,723316000,0.0,0.0
2010-07-14 00:00:00-04:00,0.2609794598726643,0.26281089841327854,0.24884621024291403,0.25250908732414246,1355664000,0.0,0.0
2010-07-15 00:00:00-04:00,0.25273795608832106,0.25296689609998335,0.24243614679253242,0.24541223049163818,953088000,0.0,0.0
2010-07-16 00:00:00-04:00,0.2454122616109639,0.24609905444253827,0.22915828285588966,0.2300739884376526,1288604000,0.0,0.0
2010-07-19 00:00:00-04:00,0.23327907286663804,0.24037586118636012,0.23167654674848048,0.23946015536785126,798440000,0.0,0.0
2010-07-20 00:00:00-04:00,0.23327898297405367,0.2467857886901095,0.23121860474059544,0.24541223049163818,1160988000,0.0,0.0
2010-07-21 00:00:00-04:00,0.2477015655256326,0.24793047828752993,0.23511043574408713,0.23739972710609436,624940000,0.0,0.0
2010-07-22 00:00:00-04:00,0.23991799663277294,0.24380981439882604,0.23854443797167482,0.2412915825843811,462612000,0.0,0.0
2010-07-23 00:00:00-04:00,0.2410626659262946,0.2412916060373184,0.23488158312429225,0.23717087507247925,817604000,0.0,0.0
2010-07-26 00:00:00-04:00,0.236484043318024,0.2424362123251588,0.23282116588432436,0.2415204793214798,683548000,0.0,0.0
2010-07-27 00:00:00-04:00,0.24220730011388922,0.24266515302314365,0.23648407052193043,0.23946015536785126,683472000,0.0,0.0
2010-07-28 00:00:00-04:00,0.23556835293083211,0.23968908348921014,0.23121868228401254,0.2319054752588272,1320808000,0.0,0.0
2010-07-29 00:00:00-04:00,0.21519366493620587,0.21977224919700045,0.20763899544779188,0.20901256799697876,2664476000,0.0,0.0
2010-07-30 00:00:00-04:00,0.20740998362573967,0.21404893080137324,0.20420497323282158,0.21038606762886047,984288000,0.0,0.0
2010-08-02 00:00:00-04:00,0.2140489597240296,0.2149646790522043,0.2092414366624259,0.21015715599060059,917020000,0.0,0.0
2010-08-03 00:00:00-04:00,0.2085546480985403,0.20878357450906027,0.20306034601979586,0.20466284453868866,955444000,0.0,0.0
2010-08-04 00:00:00-04:00,0.2064942543132523,0.21404892032352052,0.20557853515363628,0.21336212754249573,855496000,0.0,0.0
2010-08-05 00:00:00-04:00,0.21404902928055275,0.21656724801740326,0.21015722428245823,0.21610939502716064,800504000,0.0,0.0
2010-08-06 00:00:00-04:00,0.2151936490191913,0.22091687892186004,0.21336220999223474,0.21862758696079254,739904000,0.0,0.0
2010-08-09 00:00:00-04:00,0.2209168820882413,0.22114582220383458,0.2154225785738787,0.22068795561790466,466456000,0.0,0.0
2010-08-10 00:00:00-04:00,0.21702501686057482,0.21748286964450714,0.21061499601401046,0.21153071522712708,772560000,0.0,0.0
2010-08-11 00:00:00-04:00,0.20718107546318065,0.20718107546318065,0.20260249238186295,0.20328928530216217,796148000,0.0,0.0
2010-08-12 00:00:00-04:00,0.19962639675414862,0.2096992953438917,0.19802389822343,0.20512071251869202,1343584000,0.0,0.0
2010-08-13 00:00:00-04:00,0.21175970622546345,0.21794080256586987,0.21130183965658736,0.21496471762657166,1797392000,0.0,0.0
2010-08-16 00:00:00-04:00,0.21198859428659686,0.21633825085409253,0.2067232183924831,0.20947037637233734,814008000,0.0,0.0
2010-08-17 00:00:00-04:00,0.2115307602268742,0.21610934362122486,0.20947039497036543,0.2122175395488739,481224000,0.0,0.0
2010-08-18 00:00:00-04:00,0.21153070286851483,0.21519356586172775,0.21015711730646522,0.21336212754249573,352920000,0.0,0.0
2010-08-19 00:00:00-04:00,0.21565141316052605,0.2268689555253295,0.21450676765129112,0.22618216276168823,1615100000,0.0,0.0
2010-08-20 00:00:00-04:00,0.2245797710881019,0.23373695315305487,0.22435084460666094,0.2282426357269287,1305308000,0.0,0.0
2010-08-23 00:00:00-04:00,0.22892934822259797,0.23465257647006194,0.22412182557852625,0.22480861842632294,748620000,0.0,0.0
2010-08-24 00:00:00-04:00,0.21748296165643746,0.2248087048154682,0.2170251086787983,0.2225194126367569,641332000,0.0,0.0
2010-08-25 00:00:00-04:00,0.22000114207425417,0.2289293821942417,0.21885648260964882,0.22709794342517853,757532000,0.0,0.0
2010-08-26 00:00:00-04:00,0.23007403943175214,0.23259227127550292,0.22435081005096436,0.22435081005096436,657596000,0.0,0.0
2010-08-27 00:00:00-04:00,0.2257243345488815,0.23350792758668698,0.2200011063806793,0.23167648911476135,1060416000,0.0,0.0
2010-08-30 00:00:00-04:00,0.22892941771207692,0.23076085676528335,0.22068795561790466,0.22068795561790466,602804000,0.0,0.0
2010-08-31 00:00:00-04:00,0.21748290389871075,0.22435079225617222,0.2129043207572392,0.21359111368656158,931488000,0.0,0.0
2010-09-01 00:00:00-04:00,0.21679608162911412,0.21954322551120184,0.21404892410177498,0.21519356966018677,851440000,0.0,0.0
2010-09-02 00:00:00-04:00,0.21588039939624595,0.21977218950273486,0.21382003430947086,0.21908541023731232,596292000,0.0,0.0
2010-09-03 00:00:00-04:00,0.2243507692084587,0.22732683975752893,0.22160361141864077,0.22664006054401398,566484000,0.0,0.0
2010-09-07 00:00:00-04:00,0.22595330081088638,0.23396582165999677,0.22549544793475337,0.2287004590034485,899820000,0.0,0.0
2010-09-08 00:00:00-04:00,0.22915837943880218,0.23785769529405001,0.22664014709184344,0.23625516891479492,1224156000,0.0,0.0
2010-09-09 00:00:00-04:00,0.23923125098461132,0.23946019111867442,0.23007408227033427,0.2330501675605774,697748000,0.0,0.0
2010-09-10 00:00:00-04:00,0.23465269256072546,0.23533948574830205,0.22847160845357295,0.2305319607257843,609292000,0.0,0.0
2010-09-13 00:00:00-04:00,0.2346525948393168,0.2465569323583503,0.2346525948393168,0.24358084797859192,1015792000,0.0,0.0
2010-09-14 00:00:00-04:00,0.24152049538264242,0.2444965800841201,0.23923120365696884,0.2412915825843811,698536000,0.0,0.0
2010-09-15 00:00:00-04:00,0.23900229104833734,0.2419783757521763,0.23579726625554537,0.24174943566322327,555572000,0.0,0.0
2010-09-16 00:00:00-04:00,0.23854438073459977,0.24403866864169593,0.23854438073459977,0.24197831749916077,365280000,0.0,0.0
2010-09-17 00:00:00-04:00,0.24426765104200862,0.2444965638250472,0.24083371368185583,0.2415204793214798,416884000,0.0,0.0
2010-09-20 00:00:00-04:00,0.24152048602154963,0.24609909658594445,0.2392311943846067,0.24518336355686188,443168000,0.0,0.0
2010-09-21 00:00:00-04:00,0.2438097827288004,0.2625819669827816,0.2438097827288004,0.25846123695373535,1779624000,0.0,0.0
2010-09-22 00:00:00-04:00,0.25754550806546567,0.2630398233720546,0.2559430096683163,0.26075053215026855,999996000,0.0,0.0
2010-09-23 00:00:00-04:00,0.2637266255231184,0.27425737752167034,0.2614373339834773,0.2660159170627594,1240872000,0.0,0.0
2010-09-24 00:00:00-04:00,0.2719681101211027,0.28158315727340416,0.2699077584687583,0.28066742420196533,1086976000,0.0,0.0
2010-09-27 00:00:00-04:00,0.2827277647827788,0.2829566775516957,0.2710523675623143,0.27471524477005005,999504000,0.0,0.0
2010-09-28 00:00:00-04:00,0.2749442456075873,0.27792033088084245,0.2692210151938333,0.2740285396575928,723192000,0.0,0.0
2010-09-29 00:00:00-04:00,0.2715102436271502,0.27998064448364296,0.26899201192000227,0.2719680964946747,974904000,0.0,0.0
2010-09-30 00:00:00-04:00,0.27540214936769053,0.2786071753647198,0.2651003327232428,0.2673896253108978,787632000,0.0,0.0
2010-10-01 00:00:00-04:00,0.27128134550835725,0.2717392257372129,0.25777453372943115,0.259834885597229,999120000,0.0,0.0
2010-10-04 00:00:00-04:00,0.2573166787624359,0.2616663503299981,0.25205130122829006,0.2573166787624359,749500000,0.0,0.0
2010-10-05 00:00:00-04:00,0.26281105981551317,0.26326891290922527,0.2584613871989424,0.25914818048477173,753588000,0.0,0.0
2010-10-06 00:00:00-04:00,0.25914808684262364,0.2602927328085517,0.2442676892855588,0.24678589403629303,1057604000,0.0,0.0
2010-10-07 00:00:00-04:00,0.24793046398160068,0.24815940402079353,0.2376286534469968,0.2449544072151184,761488000,0.0,0.0
2010-10-08 00:00:00-04:00,0.24403879611313767,0.2506777603667268,0.24060485755489017,0.24861738085746765,706932000,0.0,0.0
2010-10-11 00:00:00-04:00,0.24976201057929523,0.25182238995273465,0.24632807224741218,0.24747271835803986,442680000,0.0,0.0
2010-10-12 00:00:00-04:00,0.24541230085295862,0.2534248214913699,0.24335192202877623,0.25228017568588257,605208000,0.0,0.0
2010-10-13 00:00:00-04:00,0.25640097574850235,0.2632688524485164,0.25365383052659995,0.2596059739589691,968732000,0.0,0.0
2010-10-14 00:00:00-04:00,0.259834850098191,0.26029270297398094,0.25434053371718357,0.2554852068424225,599172000,0.0,0.0
2010-10-15 00:00:00-04:00,0.25960588266788676,0.2625819669827816,0.255485179929347,0.25846123695373535,639940000,0.0,0.0
2010-10-18 00:00:00-04:00,0.25869018163543694,0.26120841316777216,0.2541115986970144,0.2600637674331665,448156000,0.0,0.0
2010-10-19 00:00:00-04:00,0.2543405069246891,0.2602926755544789,0.25228015555541927,0.25846123695373535,866136000,0.0,0.0
2010-10-20 00:00:00-04:00,0.25869017701276825,0.26555805129767646,0.25411159415616275,0.25846123695373535,763532000,0.0,0.0
2010-10-21 00:00:00-04:00,0.2586901086002783,0.25914796130675505,0.24999079801522284,0.25388258695602417,1014428000,0.0,0.0
2010-10-22 00:00:00-04:00,0.25548519905522604,0.272197033191002,0.2527380273032015,0.27013665437698364,1322676000,0.0,0.0
2010-10-25 00:00:00-04:00,0.27219712740076485,0.27471535994819973,0.26967889485332996,0.2726549804210663,673136000,0.0,0.0
2010-10-26 00:00:00-04:00,0.26945004097484315,0.275860066533862,0.26716074808165957,0.27173933386802673,675248000,0.0,0.0
2010-10-27 00:00:00-04:00,0.26922092944779885,0.2765466565860795,0.2685341365587867,0.2756309509277344,496796000,0.0,0.0
2010-10-28 00:00:00-04:00,0.2792938898866689,0.2802095957474525,0.27334171992003753,0.2758599519729614,704448000,0.0,0.0
2010-10-29 00:00:00-04:00,0.2754020106180175,0.2781491821715735,0.2724259535858428,0.2751730978488922,554664000,0.0,0.0
2010-11-01 00:00:00-04:00,0.27700453670575864,0.28135417951865777,0.273341659491365,0.2756309509277344,473920000,0.0,0.0
2010-11-02 00:00:00-04:00,0.2767756645280281,0.2859328325193962,0.2751731655876414,0.28135424852371216,581036000,0.0,0.0
2010-11-03 00:00:00-04:00,0.28318560262770814,0.28524598118198435,0.27585987589034894,0.2834145426750183,671748000,0.0,0.0
2010-11-04 00:00:00-04:00,0.2861618072378112,0.289137892652974,0.28341466196632115,0.28387251496315,700016000,0.0,0.0
2010-11-05 00:00:00-04:00,0.28593272657326996,0.2911981016754396,0.2845591682578148,0.28867989778518677,735116000,0.0,0.0
2010-11-08 00:00:00-05:00,0.288450959767905,0.29234274929128756,0.28616166860232667,0.28982454538345337,605156000,0.0,0.0
2010-11-09 00:00:00-05:00,0.2898247203336153,0.2921140128811051,0.28661969439281765,0.28822219371795654,633964000,0.0,0.0
2010-11-10 00:00:00-05:00,0.29028249085393804,0.2916560769081116,0.2861617599819296,0.2916560769081116,521016000,0.0,0.0
2010-11-11 00:00:00-05:00,0.28478808099847236,0.2934873928250348,0.2808962915022612,0.28867989778518677,1089980000,0.0,0.0
2010-11-12 00:00:00-05:00,0.29966861498992403,0.313175454295415,0.29829502886037795,0.30356040596961975,2142560000,0.0,0.0
2010-11-15 00:00:00-05:00,0.30493392530775426,0.30928356828106707,0.29921069650575965,0.2998974621295929,733548000,0.0,0.0
2010-11-16 00:00:00-05:00,0.2948610127329963,0.2989817427397443,0.29051136995896065,0.29096922278404236,739356000,0.0,0.0
2010-11-17 00:00:00-05:00,0.29074029151797515,0.2992106918454025,0.28799314719390745,0.29577675461769104,551764000,0.0,0.0
2010-11-18 00:00:00-05:00,0.2996685592735558,0.3079100199374979,0.2996685592735558,0.30493393540382385,993120000,0.0,0.0
2010-11-19 00:00:00-05:00,0.3042471867194701,0.3159225864764892,0.3037893337916583,0.3147779405117035,716484000,0.0,0.0
2010-11-22 00:00:00-05:00,0.31271753084156645,0.3168382337200947,0.30997035920187105,0.315006822347641,462668000,0.0,0.0
2010-11-23 00:00:00-05:00,0.31134402150962576,0.3145490194892992,0.3053918512153589,0.307681143283844,457832000,0.0,0.0
2010-11-24 00:00:00-05:00,0.3108861792295891,0.31638046946641674,0.3106572390986734,0.31523582339286804,397784000,0.0,0.0
2010-11-26 00:00:00-05:00,0.3150069962745251,0.3168384086581686,0.31134411692619324,0.31134411692619324,143104000,0.0,0.0
2010-11-29 00:00:00-05:00,0.3099704165433986,0.3159225864764892,0.3085968577599632,0.3147779405117035,468192000,0.0,0.0
2010-11-30 00:00:00-05:00,0.30997029189767555,0.31317531568457396,0.3058495626233785,0.311572790145874,720936000,0.0,0.0
2010-12-01 00:00:00-05:00,0.31775395380800503,0.32736897228540957,0.31729610098346317,0.325308620929718,626536000,0.0,0.0
2010-12-02 00:00:00-05:00,0.32530874458890263,0.3312609154420567,0.3250798044443518,0.32920053601264954,529316000,0.0,0.0
2010-12-03 00:00:00-05:00,0.3275979052249737,0.3385865092277527,0.32691111235783016,0.3385865092277527,606044000,0.0,0.0
2010-12-06 00:00:00-05:00,0.3397311738991618,0.3404179668046944,0.3308029479987597,0.3321765065193176,438424000,0.0,0.0
2010-12-07 00:00:00-05:00,0.3399602218504223,0.35094882995464205,0.33927342872693683,0.34293630719184875,1026812000,0.0,0.0
2010-12-08 00:00:00-05:00,0.34247837001806103,0.34957515777483045,0.3399601382811533,0.34591230750083923,613252000,0.0,0.0
2010-12-09 00:00:00-05:00,0.33767089450834387,0.34247841858215317,0.3328633704345346,0.3401890993118286,942408000,0.0,0.0
2010-12-10 00:00:00-05:00,0.34018904444164416,0.34545442060404363,0.3392733387136219,0.34224942326545715,451900000,0.0,0.0
2010-12-13 00:00:00-05:00,0.343623025294595,0.3443097909776279,0.3326343922989284,0.3335501253604889,609108000,0.0,0.0
2010-12-14 00:00:00-05:00,0.33996014782613465,0.3461412300105784,0.3335501255535408,0.33400797843933105,755160000,0.0,0.0
2010-12-15 00:00:00-05:00,0.3346946994618579,0.3388154291291314,0.3262243000883776,0.3266821801662445,624176000,0.0,0.0
2010-12-16 00:00:00-05:00,0.33011623759512243,0.33194767670408265,0.3262244192546391,0.3271401524543762,631872000,0.0,0.0
2010-12-17 00:00:00-05:00,0.32736894965191643,0.3308029138248303,0.32347715997661997,0.3289714753627777,593156000,0.0,0.0
2010-12-20 00:00:00-05:00,0.3301162677517196,0.33171876688450763,0.327369095192064,0.32759803533554077,344088000,0.0,0.0
2010-12-21 00:00:00-05:00,0.3308029908972784,0.3404180109500885,0.33057405080224284,0.3404180109500885,466952000,0.0,0.0
2010-12-22 00:00:00-05:00,0.3397311066294188,0.3445386287257082,0.3365261100922271,0.34408077597618103,477988000,0.0,0.0
2010-12-23 00:00:00-05:00,0.34408098051040303,0.34408098051040303,0.34018916159972945,0.34156274795532227,273784000,0.0,0.0
2010-12-27 00:00:00-05:00,0.3406468968109001,0.345912272543823,0.3344657881341391,0.34339404106140137,255500000,0.0,0.0
2010-12-28 00:00:00-05:00,0.3433941275459642,0.3456834195463629,0.33996018954536616,0.34202054142951965,194260000,0.0,0.0
2010-12-29 00:00:00-05:00,0.34179162860378776,0.3445387735461635,0.3388155435451668,0.34202054142951965,177660000,0.0,0.0
2010-12-30 00:00:00-05:00,0.34156263075184184,0.3452255082495342,0.34041798494512654,0.3431651294231415,174488000,0.0,0.0
2010-12-31 00:00:00-05:00,0.3433941428449344,0.3530091915073913,0.342936289882559,0.35255131125450134,391252000,0.0,0.0
2011-01-03 00:00:00-05:00,0.3552984690929105,0.3656002831327592,0.3548405888587287,0.3621663451194763,817448000,0.0,0.0
2011-01-04 00:00:00-05:00,0.3628531964853263,0.36445569569092007,0.35300923380736815,0.3610217571258545,651384000,0.0,0.0
2011-01-05 00:00:00-05:00,0.36766058638563204,0.38917997208683075,0.3639977360303408,0.38872209191322327,1428216000,0.0,0.0
2011-01-06 00:00:00-05:00,0.3987949628133748,0.44274940949727537,0.39765031704355747,0.44252046942710876,3493312000,0.0,0.0
2011-01-07 00:00:00-05:00,0.437484111264256,0.45625632705857594,0.4276401504358837,0.45488274097442627,2579984000,0.0,0.0
2011-01-10 00:00:00-05:00,0.4466411342533255,0.47319692314063405,0.4432071974467168,0.47228121757507324,1750348000,0.0,0.0
2011-01-11 00:00:00-05:00,0.4786912197922437,0.48326980176199524,0.4548825498847338,0.4649554193019867,2711088000,0.0,0.0
2011-01-12 00:00:00-05:00,0.4651845318314463,0.5350079559585796,0.46358203309985524,0.534550130367279,3431896000,0.0,0.0
2011-01-13 00:00:00-05:00,0.5288266976201302,0.5457674942169412,0.5123437810430714,0.535465657711029,2695192000,0.0,0.0
2011-01-14 00:00:00-05:00,0.5263083860895935,0.5489723780924909,0.523103390351242,0.5400441288948059,1595352000,0.0,0.0
2011-01-18 00:00:00-05:00,0.5327186196587175,0.536381496987556,0.5144042875955397,0.5274532437324524,1813348000,0.0,0.0
2011-01-19 00:00:00-05:00,0.5276824012452501,0.5402734817854913,0.5118862677741701,0.5130308866500854,1197896000,0.0,0.0
2011-01-20 00:00:00-05:00,0.5079943019203126,0.5164646751867373,0.49883708115061953,0.5134885907173157,1111408000,0.0,0.0
2011-01-21 00:00:00-05:00,0.5189830201370963,0.5263087769054192,0.5077654721421738,0.5086811780929565,739244000,0.0,0.0
2011-01-24 00:00:00-05:00,0.5320321435279076,0.5734684372803436,0.5260800257282094,0.5661426782608032,2056900000,0.0,0.0
2011-01-25 00:00:00-05:00,0.5636242762686122,0.5695764471536976,0.5450810250475695,0.5487439036369324,1086856000,0.0,0.0
2011-01-26 00:00:00-05:00,0.5544668581856101,0.5723233628250833,0.5505750684880091,0.5617926120758057,1074660000,0.0,0.0
2011-01-27 00:00:00-05:00,0.5698053080876072,0.5711788395434869,0.5494305940896068,0.5601902604103088,657396000,0.0,0.0
2011-01-28 00:00:00-05:00,0.561563787648876,0.5709498669499089,0.5311161489556108,0.5439361929893494,1094796000,0.0,0.0
2011-01-31 00:00:00-05:00,0.5448520192915306,0.5551538055752444,0.5359237644862274,0.5475991368293762,750160000,0.0,0.0
2011-02-01 00:00:00-05:00,0.552406678975889,0.5643109639399947,0.5487438010711553,0.5601902604103088,654104000,0.0,0.0
2011-02-02 00:00:00-05:00,0.5569852161613222,0.5991082266737814,0.5569852161613222,0.5856013894081116,1606616000,0.0,0.0
2011-02-03 00:00:00-05:00,0.5865171965186664,0.5865171965186664,0.5620217222241058,0.5746128559112549,1030776000,0.0,0.0
2011-02-04 00:00:00-05:00,0.582625333971942,0.5922403267465475,0.5803360421806996,0.5876617431640625,872900000,0.0,0.0
2011-02-07 00:00:00-05:00,0.5796493655721707,0.5821675706738577,0.5611060601331083,0.5631664395332336,934236000,0.0,0.0
2011-02-08 00:00:00-05:00,0.5638531792093341,0.5675160573797237,0.5439362893917836,0.5464545488357544,1076584000,0.0,0.0
2011-02-09 00:00:00-05:00,0.5485149128067899,0.5540092577470204,0.5233326986278487,0.5331766605377197,1277520000,0.0,0.0
2011-02-10 00:00:00-05:00,0.5212720975555423,0.5313450226074902,0.5173803079322474,0.5224167704582214,1042352000,0.0,0.0
2011-02-11 00:00:00-05:00,0.5205854139386613,0.5542380511191763,0.5121150400897491,0.537297248840332,1359276000,0.0,0.0
2011-02-14 00:00:00-05:00,0.5437070445516715,0.5608767516116073,0.5269952174513184,0.5290555953979492,1287828000,0.0,0.0
2011-02-15 00:00:00-05:00,0.5299717018197445,0.5318031138821032,0.5139466006594462,0.5162359476089478,886980000,0.0,0.0
2011-02-16 00:00:00-05:00,0.5231035277520789,0.5427914418604015,0.5212720621483952,0.5352367758750916,1318364000,0.0,0.0
2011-02-17 00:00:00-05:00,0.520127426874233,0.5954451715286622,0.5176091685742472,0.5878905057907104,3470096000,0.0,0.0
2011-02-18 00:00:00-05:00,0.5846857768118905,0.5940719132639651,0.5775889871958123,0.5867461562156677,1394412000,0.0,0.0
2011-02-22 00:00:00-05:00,0.5675159703498651,0.5691184690697211,0.5295136629182126,0.5313451290130615,1396648000,0.0,0.0
2011-02-23 00:00:00-05:00,0.53134520830557,0.536381618010694,0.4986082723171278,0.5061629414558411,1491604000,0.0,0.0
2011-02-24 00:00:00-05:00,0.5086811085821042,0.52745332362258,0.5050182852794951,0.5185251235961914,1246120000,0.0,0.0
2011-02-25 00:00:00-05:00,0.5324897128834396,0.5379840016481111,0.5251639581432006,0.5292847156524658,775652000,0.0,0.0
2011-02-28 00:00:00-05:00,0.537983797690001,0.5382127649632766,0.5068494337190351,0.5187537670135498,903696000,0.0,0.0
2011-03-01 00:00:00-05:00,0.5196694831921448,0.5263084426355767,0.4956319034099579,0.4956319034099579,988448000,0.0,0.0
2011-03-02 00:00:00-05:00,0.49494537921742876,0.5043315144408947,0.46358208488786085,0.47502854466438293,1718140000,0.0,0.0
2011-03-03 00:00:00-05:00,0.4860170947914336,0.4887642668038811,0.4633530894318089,0.4777756333351135,1593704000,0.0,0.0
2011-03-04 00:00:00-05:00,0.4782334213394495,0.4830409168534457,0.4699919614718762,0.47525733709335327,959760000,0.0,0.0
2011-03-07 00:00:00-05:00,0.4786912277020676,0.48029372595985986,0.45671399567741,0.4686183035373688,1019140000,0.0,0.0
2011-03-08 00:00:00-05:00,0.4736548832137856,0.47617308758965204,0.43771295611115013,0.4475569427013397,1947184000,0.0,0.0
2011-03-09 00:00:00-05:00,0.4461833407546637,0.4505330109952751,0.43427900307762823,0.43817082047462463,1318976000,0.0,0.0
2011-03-10 00:00:00-05:00,0.42809790351376403,0.43130290057520126,0.409783544922459,0.41024142503738403,1722736000,0.0,0.0
2011-03-11 00:00:00-05:00,0.41367545457520616,0.424664061268743,0.404289346770401,0.41321757435798645,1486832000,0.0,0.0
2011-03-14 00:00:00-04:00,0.4164225472705279,0.4269532997184184,0.40978358514798513,0.41665148735046387,1003360000,0.0,0.0
2011-03-15 00:00:00-04:00,0.39627678622078194,0.41115721058484367,0.3894089106483742,0.4042893350124359,1256280000,0.0,0.0
2011-03-16 00:00:00-04:00,0.4006263630354643,0.4200853665444342,0.3960477803958255,0.4013131558895111,1476520000,0.0,0.0
2011-03-17 00:00:00-04:00,0.41207298321397096,0.4127597763406521,0.39375864538522665,0.4088679850101471,1238516000,0.0,0.0
2011-03-18 00:00:00-04:00,0.4152778464142439,0.41665143213079736,0.4029156568367793,0.40337350964546204,886960000,0.0,0.0
2011-03-21 00:00:00-04:00,0.41207285938570243,0.41619358961698993,0.40245784037303683,0.40657857060432434,751832000,0.0,0.0
2011-03-22 00:00:00-04:00,0.4054339728049644,0.40932576342645977,0.39765036427146266,0.39948180317878723,718332000,0.0,0.0
2011-03-23 00:00:00-04:00,0.39879493562997265,0.40886783409206245,0.39009562291423794,0.40772318840026855,782396000,0.0,0.0
2011-03-24 00:00:00-04:00,0.4164225260418428,0.44526763740834147,0.4155068203497986,0.44023117423057556,1780592000,0.0,0.0
2011-03-25 00:00:00-04:00,0.44412299971505,0.4452676454961503,0.4258086399269369,0.42649543285369873,1196392000,0.0,0.0
2011-03-28 00:00:00-04:00,0.43656830163448457,0.44961728527648354,0.4326765114651638,0.4422915577888489,1204284000,0.0,0.0
2011-03-29 00:00:00-04:00,0.44229158230502813,0.4438940810176327,0.43290547553182945,0.43885764479637146,715764000,0.0,0.0
2011-03-30 00:00:00-04:00,0.44229149121559197,0.44412292963446137,0.41688032067822145,0.4223746359348297,1176320000,0.0,0.0
2011-03-31 00:00:00-04:00,0.4230615469829346,0.4276401306643973,0.41482008544009696,0.42260366678237915,655112000,0.0,0.0
2011-04-01 00:00:00-04:00,0.42809794553708,0.42855579840644287,0.41092823096664677,0.41665148735046387,850072000,0.0,0.0
2011-04-04 00:00:00-04:00,0.41665149166002097,0.417796137490522,0.3987949839555935,0.40177106857299805,924328000,0.0,0.0
2011-04-05 00:00:00-04:00,0.40772320919905064,0.41092820638336447,0.401542100315648,0.4024578332901001,821076000,0.0,0.0
2011-04-06 00:00:00-04:00,0.4054339439383775,0.40589179680998216,0.39627675005373975,0.3997107148170471,856984000,0.0,0.0
2011-04-07 00:00:00-04:00,0.40062638391451705,0.41688036404852946,0.3990238853652287,0.4143621325492859,1021208000,0.0,0.0
2011-04-08 00:00:00-04:00,0.4175671974082181,0.4175671974082181,0.40062642274249705,0.40177106857299805,746552000,0.0,0.0
2011-04-11 00:00:00-04:00,0.4033736191310194,0.40543399826508725,0.3921560994663078,0.396505743265152,546208000,0.0,0.0
2011-04-12 00:00:00-04:00,0.39261386572477497,0.4003974457382289,0.3852881112526927,0.3976503014564514,840756000,0.0,0.0
2011-04-13 00:00:00-04:00,0.4017710474527376,0.4090967749247444,0.3967346115213897,0.40657857060432434,749588000,0.0,0.0
2011-04-14 00:00:00-04:00,0.40291577596845846,0.4239772843002538,0.40062648395765577,0.42374834418296814,1254704000,0.0,0.0
2011-04-15 00:00:00-04:00,0.4205433257451409,0.43359231140182775,0.4184829466617373,0.42832693457603455,969720000,0.0,0.0
2011-04-18 00:00:00-04:00,0.4182539509708152,0.42100109524717244,0.4074942593451138,0.414133220911026,743584000,0.0,0.0
2011-04-19 00:00:00-04:00,0.4143621315483907,0.41596465738431476,0.40131317583498144,0.41253072023391724,659860000,0.0,0.0
2011-04-20 00:00:00-04:00,0.42764013538832135,0.4338212179684731,0.4182540278214345,0.42512190341949463,650516000,0.0,0.0
2011-04-21 00:00:00-04:00,0.42970054587304135,0.4324477183200946,0.423061609470532,0.4239773154258728,421300000,0.0,0.0
2011-04-25 00:00:00-04:00,0.4258087058316567,0.4377130183394932,0.4255797657237991,0.43061622977256775,619612000,0.0,0.0
2011-04-26 00:00:00-04:00,0.4342790366888851,0.44618337528726315,0.4299293934021382,0.4418337047100067,676000000,0.0,0.0
2011-04-27 00:00:00-04:00,0.4441230236862798,0.4441230236862798,0.43267653796695255,0.4418337047100067,450004000,0.0,0.0
2011-04-28 00:00:00-04:00,0.4418337424787151,0.4555695210579639,0.43679730579761394,0.4466412663459778,684000000,0.0,0.0
2011-04-29 00:00:00-04:00,0.4496173101496588,0.4679316435271623,0.4489305171899005,0.45785877108573914,836000000,0.0,0.0
2011-05-02 00:00:00-04:00,0.4674738394573227,0.4677027522607718,0.4493884180403313,0.45167770981788635,613824000,0.0,0.0
2011-05-03 00:00:00-04:00,0.44641229574787084,0.4477858543246419,0.4246639983986573,0.4301582872867584,808000000,0.0,0.0
2011-05-04 00:00:00-04:00,0.43153207991277587,0.4363396054611617,0.41894097016183557,0.4269534945487976,639356000,0.0,0.0
2011-05-05 00:00:00-04:00,0.42351934994374263,0.43221866337064024,0.41779612101690317,0.42718222737312317,544000000,0.0,0.0
2011-05-06 00:00:00-04:00,0.43611044878347766,0.4464122880289271,0.4326765114651638,0.4422915577888489,841080000,0.0,0.0
2011-05-09 00:00:00-04:00,0.44366516148396723,0.4544248546752022,0.4425205155947304,0.4521355628967285,706328000,0.0,0.0
2011-05-10 00:00:00-04:00,0.4557985021926964,0.45625635515210056,0.4482438055552129,0.45282241702079773,690976000,0.0,0.0
2011-05-11 00:00:00-04:00,0.45511168108528877,0.45969023768792483,0.44870165817677804,0.45488274097442627,616000000,0.0,0.0
2011-05-12 00:00:00-04:00,0.45328011840732346,0.46976303775824546,0.45213547274631527,0.469305157661438,1224000000,0.0,0.0
2011-05-13 00:00:00-04:00,0.4395444983940009,0.44068914445919954,0.4148201379276073,0.4180251359939575,2025192000,0.0,0.0
2011-05-16 00:00:00-04:00,0.41688037924688576,0.41779611223022617,0.40497606878752107,0.40520498156547546,728188000,0.0,0.0
2011-05-17 00:00:00-04:00,0.40383151041333737,0.40406042324082736,0.3919271700874256,0.40360257029533386,1420364000,0.0,0.0
2011-05-18 00:00:00-04:00,0.4052049660595052,0.4164225104652375,0.4038314075728179,0.4129885733127594,658844000,0.0,0.0
2011-05-19 00:00:00-04:00,0.4161936812693201,0.4164226213900053,0.4008554300272856,0.40703651309013367,650884000,0.0,0.0
2011-05-20 00:00:00-04:00,0.40612070085218854,0.4150489265729762,0.4042892622377815,0.414133220911026,575820000,0.0,0.0
2011-05-23 00:00:00-04:00,0.4081810813987514,0.4166514821842265,0.4029157052400938,0.4136753976345062,588000000,0.0,0.0
2011-05-24 00:00:00-04:00,0.41573578101269576,0.43198976359744806,0.41459113512054446,0.4152779281139374,720372000,0.0,0.0
2011-05-25 00:00:00-04:00,0.4132174974217876,0.4230614836109789,0.40909676726762834,0.42031431198120117,545312000,0.0,0.0
2011-05-26 00:00:00-04:00,0.42031441678131054,0.43450804943914134,0.4191697707470025,0.43084517121315,706436000,0.0,0.0
2011-05-27 00:00:00-04:00,0.4326764605509897,0.4470990010488713,0.4322186077538595,0.44641223549842834,658824000,0.0,0.0
2011-05-31 00:00:00-04:00,0.4551115678102328,0.459003384983165,0.44412296374358345,0.4587744176387787,1200716000,0.0,0.0
2011-06-01 00:00:00-04:00,0.4567140926103466,0.45740088552102287,0.43725508749688713,0.43817082047462463,762208000,0.0,0.0
2011-06-02 00:00:00-04:00,0.4388577284888741,0.44206272652529344,0.4308451788167966,0.43611055612564087,607592000,0.0,0.0
2011-06-03 00:00:00-04:00,0.43107406842549445,0.4349658590966355,0.4205433150419255,0.42260366678237915,549300000,0.0,0.0
2011-06-06 00:00:00-04:00,0.4219168583428841,0.42580864861997586,0.4132175174803118,0.4136753976345062,435988000,0.0,0.0
2011-06-07 00:00:00-04:00,0.4168804236458551,0.41916971541226095,0.41161504712501956,0.41344648599624634,433956000,0.0,0.0
2011-06-08 00:00:00-04:00,0.41138611559101906,0.41390432004509764,0.3990239242410096,0.4022289216518402,569288000,0.0,0.0
2011-06-09 00:00:00-04:00,0.4019999715855636,0.4029156772493205,0.38322775986398633,0.3976503014564514,741632000,0.0,0.0
2011-06-10 00:00:00-04:00,0.3983370545400017,0.4008552857994231,0.38872200957894115,0.391927033662796,493548000,0.0,0.0
2011-06-13 00:00:00-04:00,0.39192696933914034,0.39696340374089173,0.3864326549359119,0.3891798257827759,574760000,0.0,0.0
2011-06-14 00:00:00-04:00,0.3926139460589646,0.40108432069864425,0.39078250706620654,0.39238500595092773,534576000,0.0,0.0
2011-06-15 00:00:00-04:00,0.3871195272032421,0.38940881851909354,0.3759019833812671,0.3839145302772522,935916000,0.0,0.0
2011-06-16 00:00:00-04:00,0.3841435401358602,0.39009570997782705,0.3651424119532099,0.3706367015838623,1024908000,0.0,0.0
2011-06-17 00:00:00-04:00,0.3749863590372736,0.37521529913467616,0.35049091481666544,0.36193737387657166,1467884000,0.0,0.0
2011-06-20 00:00:00-04:00,0.3587324007104299,0.3662870696630644,0.35484058253235157,0.3575877547264099,745960000,0.0,0.0
2011-06-21 00:00:00-04:00,0.35896129405065463,0.36811848871632974,0.3555273562849683,0.36537131667137146,704276000,0.0,0.0
2011-06-22 00:00:00-04:00,0.3628531351063987,0.367660631909961,0.35964810994684404,0.3603349030017853,651720000,0.0,0.0
2011-06-23 00:00:00-04:00,0.35575627825843875,0.37361275918825565,0.35255125346613264,0.37109455466270447,744024000,0.0,0.0
2011-06-24 00:00:00-04:00,0.369263158134995,0.3724681560040365,0.35804561101232324,0.3603349030017853,529052000,0.0,0.0
2011-06-27 00:00:00-04:00,0.3603349221192211,0.3626242142301406,0.34018911879451147,0.3527802526950836,1142152000,0.0,0.0
2011-06-28 00:00:00-04:00,0.3527801951985665,0.3589612774325465,0.3502619633707734,0.35484054684638977,692200000,0.0,0.0
2011-06-29 00:00:00-04:00,0.35712987784223055,0.36399778110112974,0.344767712015341,0.3603349030017853,960544000,0.0,0.0
2011-06-30 00:00:00-04:00,0.36125043821206365,0.36880510366626174,0.35575615094928337,0.36491331458091736,652300000,0.0,0.0
2011-07-01 00:00:00-04:00,0.36491338329118483,0.3710944917387912,0.35758765646460206,0.3697209060192108,540804000,0.0,0.0
2011-07-05 00:00:00-04:00,0.3692632247693952,0.3726971633732503,0.360334968025061,0.36353999376296997,535296000,0.0,0.0
2011-07-06 00:00:00-04:00,0.3633109862813595,0.36399777933296457,0.3543827311915199,0.3587324023246765,529580000,0.0,0.0
2011-07-07 00:00:00-04:00,0.36056381194960413,0.36239522355045495,0.3536959092843702,0.3601059317588806,986136000,0.0,0.0
2011-07-08 00:00:00-04:00,0.35506939513716457,0.3575876263138972,0.3502618728144943,0.35323795676231384,619516000,0.0,0.0
2011-07-11 00:00:00-04:00,0.3465991813986309,0.3479727403382111,0.33996021767385526,0.34087592363357544,714388000,0.0,0.0
2011-07-12 00:00:00-04:00,0.3392732982279167,0.3424783224745541,0.3305739856877655,0.3362972140312195,867604000,0.0,0.0
2011-07-13 00:00:00-04:00,0.34087582528971805,0.3431651168190654,0.33240545208923417,0.33561044931411743,634368000,0.0,0.0
2011-07-14 00:00:00-04:00,0.3369841681711182,0.33904452044464384,0.32073018098035033,0.3223326802253723,1088996000,0.0,0.0
2011-07-15 00:00:00-04:00,0.32416414960959977,0.3262245020736731,0.31615162535294855,0.32279056310653687,827736000,0.0,0.0
2011-07-18 00:00:00-04:00,0.3202722289603079,0.32210364050825946,0.3118018277437365,0.3159225583076477,818200000,0.0,0.0
2011-07-19 00:00:00-04:00,0.3168382802263436,0.32622438769516654,0.3168382802263436,0.32553762197494507,602224000,0.0,0.0
2011-07-20 00:00:00-04:00,0.3266822006674413,0.32851361193182416,0.3205010921333788,0.32141682505607605,662956000,0.0,0.0
2011-07-21 00:00:00-04:00,0.32187470298251747,0.3388154768237026,0.31706717981219956,0.33652618527412415,1143420000,0.0,0.0
2011-07-22 00:00:00-04:00,0.33950225109898235,0.3445386867733191,0.33515258101939105,0.34339404106140137,737192000,0.0,0.0
2011-07-25 00:00:00-04:00,0.3381288038723316,0.3395023902056445,0.3330923661343803,0.3378998637199402,566920000,0.0,0.0
2011-07-26 00:00:00-04:00,0.3282848325967423,0.3365262957981393,0.3248508941445797,0.3296584188938141,698276000,0.0,0.0
2011-07-27 00:00:00-04:00,0.3250797894393616,0.32668231579621465,0.3163804737057231,0.31729620695114136,652212000,0.0,0.0
2011-07-28 00:00:00-04:00,0.3161514999378519,0.32324828794704114,0.3111150362848986,0.31660935282707214,648176000,0.0,0.0
2011-07-29 00:00:00-04:00,0.3134043280215101,0.319585437542769,0.3118018292639841,0.31660935282707214,677656000,0.0,0.0
2011-08-01 00:00:00-04:00,0.3239350783119081,0.3344658311315395,0.32118793370824644,0.3335501253604889,1019620000,0.0,0.0
2011-08-02 00:00:00-04:00,0.3312608882179839,0.3520934572014199,0.33011624217033386,0.33011624217033386,1356432000,0.0,0.0
2011-08-03 00:00:00-04:00,0.33080301699964443,0.34018909769803773,0.3275979918688046,0.339044451713562,765236000,0.0,0.0
2011-08-04 00:00:00-04:00,0.3328632860469986,0.3328632860469986,0.3067653477191925,0.3067653477191925,979732000,0.0,0.0
2011-08-05 00:00:00-04:00,0.3138622674300123,0.3177540586585674,0.28845108615158166,0.29646360874176025,1270588000,0.0,0.0
2011-08-08 00:00:00-04:00,0.2820409978752853,0.29211389747917277,0.27128130532037,0.2731127440929413,1084180000,0.0,0.0
2011-08-09 00:00:00-04:00,0.2783781280831581,0.29646354894154037,0.2747152777265118,0.2960056960582733,1329832000,0.0,0.0
2011-08-10 00:00:00-04:00,0.287306359641882,0.295547820058105,0.2808963379059872,0.282498836517334,1140052000,0.0,0.0
2011-08-11 00:00:00-04:00,0.2824988744898198,0.31111504972410253,0.2824988744898198,0.30699431896209717,1078792000,0.0,0.0
2011-08-12 00:00:00-04:00,0.33973127253028096,0.34018912550339125,0.29005358362070527,0.2948611080646515,3195784000,0.0,0.0
2011-08-15 00:00:00-04:00,0.29783706428995016,0.3067653162048209,0.29623456593307695,0.3060785233974457,864152000,0.0,0.0
2011-08-16 00:00:00-04:00,0.3026447221958308,0.30676545359512053,0.2918850270725421,0.29737934470176697,716868000,0.0,0.0
2011-08-17 00:00:00-04:00,0.2982950446448621,0.3033315091926965,0.28936681620191024,0.2932586073875427,553328000,0.0,0.0
2011-08-18 00:00:00-04:00,0.2799807698104763,0.28272791553582743,0.27013677865446917,0.2733418047428131,802564000,0.0,0.0
2011-08-19 00:00:00-04:00,0.26876309377432817,0.2836434890605753,0.2667027149757736,0.2685341536998749,761332000,0.0,0.0
2011-08-22 00:00:00-04:00,0.2760889504681643,0.2792939765565082,0.27036571883596555,0.2733418047428131,611876000,0.0,0.0
2011-08-23 00:00:00-04:00,0.2799806913378024,0.3031025515675246,0.27952281110314375,0.3028736114501953,938312000,0.0,0.0
2011-08-24 00:00:00-04:00,0.3021868707379646,0.3031025767021895,0.290740382442059,0.29852399230003357,687500000,0.0,0.0
2011-08-25 00:00:00-04:00,0.29257171189819564,0.29783708744339055,0.2852459850612097,0.2857038378715515,690968000,0.0,0.0
2011-08-26 00:00:00-04:00,0.2845591837238996,0.30081316268564723,0.27952272108865067,0.2978370785713196,732660000,0.0,0.0
2011-08-29 00:00:00-04:00,0.3063076112547016,0.3069943771030079,0.299210794304393,0.30584973096847534,601528000,0.0,0.0
2011-08-30 00:00:00-04:00,0.30378930315150626,0.31569361452650757,0.3017289242483941,0.31317541003227234,684760000,0.0,0.0
2011-08-31 00:00:00-04:00,0.3154647171061469,0.3186697147242922,0.3021868191485958,0.30470502376556396,705808000,0.0,0.0
2011-09-01 00:00:00-04:00,0.30882572266626535,0.31546468460633714,0.30378928666068183,0.30401819944381714,762312000,0.0,0.0
2011-09-02 00:00:00-04:00,0.2971503131344713,0.3012710432658265,0.2934874358420429,0.29577675461769104,471356000,0.0,0.0
2011-09-06 00:00:00-04:00,0.28616174453484633,0.30241572703961983,0.28341459986530293,0.3017289340496063,696248000,0.0,0.0
2011-09-07 00:00:00-04:00,0.32622432708740234,0.33515257998716685,0.31729610147814424,0.32622432708740234,1606620000,0.0,0.0
2011-09-08 00:00:00-04:00,0.32301929823202374,0.3308029046574171,0.31935642140942644,0.3246217966079712,880164000,0.0,0.0
2011-09-09 00:00:00-04:00,0.32187476122058395,0.3305740761410848,0.3150068853292169,0.31775403022766113,869828000,0.0,0.0
2011-09-12 00:00:00-04:00,0.3134042837485915,0.32805576516747553,0.3134042837485915,0.325308620929718,916480000,0.0,0.0
2011-09-13 00:00:00-04:00,0.3280558941804203,0.33423700525932315,0.32301945654879183,0.33263447880744934,853836000,0.0,0.0
2011-09-14 00:00:00-04:00,0.34133378773612316,0.3541538343080564,0.34110484761177945,0.349804162979126,1547192000,0.0,0.0
2011-09-15 00:00:00-04:00,0.35758771876416773,0.3594191576125163,0.3516355493296624,0.35484054684638977,752908000,0.0,0.0
2011-09-16 00:00:00-04:00,0.3555273693826153,0.36857635520535803,0.3520934314904225,0.35392487049102783,1391588000,0.0,0.0
2011-09-19 00:00:00-04:00,0.34797266064527055,0.35049089239354714,0.337670848150427,0.34659910202026367,968204000,0.0,0.0
2011-09-20 00:00:00-04:00,0.35094879133816936,0.3523223774339984,0.3360683935589102,0.3376708924770355,792436000,0.0,0.0
2011-09-21 00:00:00-04:00,0.33950223009135855,0.3454543710507221,0.3310318305148911,0.3312607705593109,715252000,0.0,0.0
2011-09-22 00:00:00-04:00,0.31821189945106043,0.3186697524091524,0.3033315009247286,0.30928364396095276,1314632000,0.0,0.0
2011-09-23 00:00:00-04:00,0.3074521250164258,0.324621809642046,0.305620686531592,0.31569355726242065,1011440000,0.0,0.0
2011-09-26 00:00:00-04:00,0.31958534586568327,0.32050105138144214,0.3021867227422469,0.3163803219795227,972124000,0.0,0.0
2011-09-27 00:00:00-04:00,0.3243929294041474,0.3271400737615109,0.3143200303731379,0.31683823466300964,781388000,0.0,0.0
2011-09-28 00:00:00-04:00,0.31752507370739774,0.32553762245713463,0.3021868238006972,0.30722326040267944,1236532000,0.0,0.0
2011-09-29 00:00:00-04:00,0.31271756514196286,0.3179829416415681,0.29188497194495316,0.2996685802936554,866416000,0.0,0.0
2011-09-30 00:00:00-04:00,0.2948610356318908,0.2964635342893799,0.28593278204215133,0.28639066219329834,677784000,0.0,0.0
2011-10-03 00:00:00-04:00,0.2827277557275338,0.29165600840149436,0.27036556601524353,0.27036556601524353,949896000,0.0,0.0
2011-10-04 00:00:00-04:00,0.2637266966298435,0.29531896114349365,0.2625820505514003,0.29531896114349365,1361548000,0.0,0.0
2011-10-05 00:00:00-04:00,0.29463218247574624,0.30859690352376673,0.2886800389504868,0.30584973096847534,856708000,0.0,0.0
2011-10-06 00:00:00-04:00,0.30745216004393217,0.31889861776508793,0.30699427990267963,0.31798291206359863,773192000,0.0,0.0
2011-10-07 00:00:00-04:00,0.31935644911072353,0.32874255472622443,0.31271751499571476,0.32393503189086914,806976000,0.0,0.0
2011-10-10 00:00:00-04:00,0.3294294028998404,0.3383576571941376,0.32874260990943127,0.3383576571941376,534376000,0.0,0.0
2011-10-11 00:00:00-04:00,0.3356104787345644,0.3411047952609482,0.33355012709373927,0.3346947729587555,816080000,0.0,0.0
2011-10-12 00:00:00-04:00,0.34110473309498507,0.34133367314246826,0.3342368591565504,0.33446577191352844,612064000,0.0,0.0
2011-10-13 00:00:00-04:00,0.33286336291983526,0.3546116635275689,0.3319476570647888,0.35392487049102783,854832000,0.0,0.0
2011-10-14 00:00:00-04:00,0.3601058732836553,0.3637687504715881,0.3511776476625154,0.35987696051597595,702452000,0.0,0.0
2011-10-17 00:00:00-04:00,0.35575632072242513,0.35575632072242513,0.340189102371098,0.34202054142951965,611780000,0.0,0.0
2011-10-18 00:00:00-04:00,0.34018900595093665,0.3552983670778231,0.33812865465075087,0.35438263416290283,590916000,0.0,0.0
2011-10-19 00:00:00-04:00,0.3548404433191395,0.3610215510402471,0.34637007181864304,0.34728577733039856,557568000,0.0,0.0
2011-10-20 00:00:00-04:00,0.3378997314528227,0.3392733172484606,0.3168382281357451,0.3298872113227844,990308000,0.0,0.0
2011-10-21 00:00:00-04:00,0.3340079735731387,0.33950228999410487,0.32599545267175906,0.3314897418022156,628428000,0.0,0.0
2011-10-24 00:00:00-04:00,0.33286328983967295,0.349117269877028,0.3321764969539173,0.34385189414024353,535256000,0.0,0.0
2011-10-25 00:00:00-04:00,0.3390444413494238,0.3417916134605985,0.33011621385964224,0.3308030068874359,577996000,0.0,0.0
2011-10-26 00:00:00-04:00,0.33721300477799515,0.339044416329613,0.32507972586021133,0.3346947729587555,503116000,0.0,0.0
2011-10-27 00:00:00-04:00,0.3470569276318226,0.3525512162812588,0.3392733202061963,0.3491172790527344,577732000,0.0,0.0
2011-10-28 00:00:00-04:00,0.34614123613691944,0.36033486688120053,0.34522553034913184,0.357129842042923,490156000,0.0,0.0
2011-10-31 00:00:00-04:00,0.34568344641258614,0.3477438257473839,0.3388155698776245,0.3388155698776245,519984000,0.0,0.0
2011-11-01 00:00:00-04:00,0.3264532911068771,0.3273689968246011,0.31866968334419005,0.3218747079372406,790824000,0.0,0.0
2011-11-02 00:00:00-04:00,0.3250796335412409,0.3266821591295724,0.3097413887640154,0.3163803219795227,961608000,0.0,0.0
2011-11-03 00:00:00-04:00,0.31981449298878306,0.3360685097752073,0.31134411524338557,0.33538171648979187,749372000,0.0,0.0
2011-11-04 00:00:00-04:00,0.3324055172204178,0.3404180391430987,0.3271401402131248,0.3392733931541443,654840000,0.0,0.0
2011-11-07 00:00:00-05:00,0.33675509850790925,0.3424783546800644,0.32965831106897153,0.33744189143180847,613536000,0.0,0.0
2011-11-08 00:00:00-05:00,0.34179169353772315,0.34728598446628567,0.33629737531864207,0.34522563219070435,549728000,0.0,0.0
2011-11-09 00:00:00-05:00,0.3372130247363429,0.34156266836463917,0.32645333113595754,0.32782691717147827,532244000,0.0,0.0
2011-11-10 00:00:00-05:00,0.3358393531236697,0.33927329004693874,0.3230193110272633,0.3312607705593109,990484000,0.0,0.0
2011-11-11 00:00:00-05:00,0.3406470149739078,0.3456834523952747,0.3221037098018638,0.34293630719184875,1751560000,0.0,0.0
2011-11-14 00:00:00-05:00,0.3429361752839294,0.34637011229000175,0.33538150841246905,0.3362972140312195,500292000,0.0,0.0
2011-11-15 00:00:00-05:00,0.33309225485991284,0.34316512697082124,0.33217652184677937,0.3406469225883484,505660000,0.0,0.0
2011-11-16 00:00:00-05:00,0.33423691717319376,0.34316514392671305,0.33263439114365606,0.3337790369987488,512420000,0.0,0.0
2011-11-17 00:00:00-05:00,0.33309225307715506,0.334007958794879,0.3159225389005098,0.3218747079372406,657504000,0.0,0.0
2011-11-18 00:00:00-05:00,0.32370614138724885,0.32370614138724885,0.3154646809000239,0.31889861822128296,501352000,0.0,0.0
2011-11-21 00:00:00-05:00,0.3138620689245579,0.33812856148055676,0.3090545474948135,0.33492356538772583,1330788000,0.0,0.0
2011-11-22 00:00:00-05:00,0.3385866677539629,0.3470570715970647,0.3367552283476025,0.34522563219070435,1287480000,0.0,0.0
2011-11-23 00:00:00-05:00,0.3415627335616185,0.3440809660105791,0.3303451849050413,0.3305741250514984,825340000,0.0,0.0
2011-11-25 00:00:00-05:00,0.3262243205608398,0.3337789875431894,0.3205010921333788,0.32141682505607605,406620000,0.0,0.0
2011-11-28 00:00:00-05:00,0.3319476073016942,0.3445387110188374,0.3319476073016942,0.3395022749900818,690616000,0.0,0.0
2011-11-29 00:00:00-05:00,0.33904439820958165,0.3456833602461662,0.33583940087502956,0.3413337171077728,623440000,0.0,0.0
2011-11-30 00:00:00-05:00,0.3516354956670097,0.3587323098873832,0.34865941140393353,0.35781657695770264,730324000,0.0,0.0
2011-12-01 00:00:00-05:00,0.3548405888587287,0.36308205100681307,0.3532380899106327,0.3621663451194763,529760000,0.0,0.0
2011-12-02 00:00:00-05:00,0.36605804189141944,0.3674316276595208,0.3564430233862289,0.35987696051597595,546464000,0.0,0.0
2011-12-05 00:00:00-05:00,0.3658291182111195,0.3662869710233268,0.35140654994779685,0.35438263416290283,644696000,0.0,0.0
2011-12-06 00:00:00-05:00,0.3564430350430856,0.35712980065908945,0.3456833431855958,0.34934622049331665,573832000,0.0,0.0
2011-12-07 00:00:00-05:00,0.3470568645977108,0.34980400842347964,0.33996005136484764,0.34728577733039856,510016000,0.0,0.0
2011-12-08 00:00:00-05:00,0.3438518809026799,0.34957510924613383,0.3351525683625287,0.3362972140312195,491488000,0.0,0.0
2011-12-09 00:00:00-05:00,0.3337790498817564,0.3438519501696662,0.32920046628466404,0.34110480546951294,555840000,0.0,0.0
2011-12-12 00:00:00-05:00,0.3337791249642066,0.33515271126852214,0.32645339501906356,0.33263447880744934,573208000,0.0,0.0
2011-12-13 00:00:00-05:00,0.3369841075171163,0.34110483861299284,0.32141691631631264,0.32347726821899414,516596000,0.0,0.0
2011-12-14 00:00:00-05:00,0.32073010523337014,0.32256154420537136,0.3074522067995012,0.3108861446380615,636020000,0.0,0.0
2011-12-15 00:00:00-05:00,0.3161514235870098,0.31821177473617945,0.30745211163067576,0.3081388771533966,435148000,0.0,0.0
2011-12-16 00:00:00-05:00,0.310657230125743,0.31660940045248137,0.3079100850866769,0.30928364396095276,619116000,0.0,0.0
2011-12-19 00:00:00-05:00,0.3106570959583,0.314319972622131,0.3001263460176626,0.301270991563797,463276000,0.0,0.0
2011-12-20 00:00:00-05:00,0.30813901114589853,0.31935655919844136,0.30813901114589853,0.3182119131088257,445208000,0.0,0.0
2011-12-21 00:00:00-05:00,0.3163804379110454,0.31981437578919497,0.3079100632697123,0.31409114599227905,548424000,0.0,0.0
2011-12-22 00:00:00-05:00,0.31500692783567996,0.32851374132841493,0.31500692783567996,0.32759803533554077,576560000,0.0,0.0
2011-12-23 00:00:00-05:00,0.32920047084592957,0.32965835104439173,0.3216458023479506,0.32439297437667847,248948000,0.0,0.0
2011-12-27 00:00:00-05:00,0.32301935372964974,0.32691114396573906,0.3209589749290083,0.3218747079372406,195712000,0.0,0.0
2011-12-28 00:00:00-05:00,0.3218746644103893,0.322561457251062,0.3136332049033262,0.313862144947052,233960000,0.0,0.0
2011-12-29 00:00:00-05:00,0.3170672095224803,0.32050114716861966,0.31248862599429456,0.3198143541812897,211112000,0.0,0.0
2011-12-30 00:00:00-05:00,0.31866976588349555,0.32210370415015427,0.3168383266831745,0.31729620695114136,186956000,0.0,0.0
2012-01-03 00:00:00-05:00,0.327368966246332,0.3296582849078222,0.32073003218667956,0.32141682505607605,468044000,0.0,0.0
2012-01-04 00:00:00-05:00,0.32164586033395964,0.32645338496041804,0.31866977495998616,0.3250797986984253,347372000,0.0,0.0
2012-01-05 00:00:00-05:00,0.3234771718845225,0.3383575928799154,0.32210358616479223,0.33675506711006165,563548000,0.0,0.0
2012-01-06 00:00:00-05:00,0.3365260879681892,0.33675500068265257,0.32897142258089723,0.3328632116317749,533252000,0.0,0.0
2012-01-09 00:00:00-05:00,0.3330921516367383,0.3392732315752499,0.33057392074414094,0.3328632116317749,508244000,0.0,0.0
2012-01-10 00:00:00-05:00,0.33789976398142124,0.3381287040662359,0.3292004501161071,0.3314897418022156,546328000,0.0,0.0
2012-01-11 00:00:00-05:00,0.32851358759649174,0.33148967161641296,0.32347715241151176,0.32485073804855347,484272000,0.0,0.0
2012-01-12 00:00:00-05:00,0.3255377361126627,0.3257666490028258,0.31569374499158026,0.32279056310653687,652364000,0.0,0.0
2012-01-13 00:00:00-05:00,0.32050113979324857,0.3211879327647741,0.3127175588906527,0.31432005763053894,504300000,0.0,0.0
2012-01-17 00:00:00-05:00,0.31912760328679274,0.31912760328679274,0.30905470268325924,0.30951255559921265,627176000,0.0,0.0
2012-01-18 00:00:00-05:00,0.3154646533224695,0.32256146741554614,0.31386215483740537,0.3200432360172272,632676000,0.0,0.0
2012-01-19 00:00:00-05:00,0.3227903936761244,0.3289715024049658,0.3193564565114377,0.32851362228393555,608312000,0.0,0.0
2012-01-20 00:00:00-05:00,0.32805582662695043,0.33194764459093307,0.32439297605389406,0.32553762197494507,546272000,0.0,0.0
2012-01-23 00:00:00-05:00,0.3257664594667435,0.33469471196101164,0.32164572964558164,0.33446577191352844,562792000,0.0,0.0
2012-01-24 00:00:00-05:00,0.3321765803697026,0.3433941275459642,0.3319476675439707,0.34202054142951965,730920000,0.0,0.0
2012-01-25 00:00:00-05:00,0.332863371595202,0.3408758935524811,0.3232483234140566,0.3399601876735687,1274152000,0.0,0.0
2012-01-26 00:00:00-05:00,0.34499652684743226,0.3488883439564995,0.33492365587109524,0.33675506711006165,799672000,0.0,0.0
2012-01-27 00:00:00-05:00,0.3346947550711883,0.34316512856151193,0.331947610600071,0.3413337171077728,449996000,0.0,0.0
2012-01-30 00:00:00-05:00,0.3353816316101437,0.3404180689443458,0.3303451669854262,0.3388155698776245,399076000,0.0,0.0
2012-01-31 00:00:00-05:00,0.33973130436181426,0.33996024451507784,0.332176634080847,0.33812880516052246,357900000,0.0,0.0
2012-02-01 00:00:00-05:00,0.34202042332865773,0.34568330018069665,0.3372129281621735,0.3417915105819702,428020000,0.0,0.0
2012-02-02 00:00:00-05:00,0.34362305825138156,0.35598522379876574,0.34018909305431644,0.35461166501045227,696236000,0.0,0.0
2012-02-03 00:00:00-05:00,0.35987705311062107,0.36514243018909087,0.35919026004986176,0.3621663451194763,495232000,0.0,0.0
2012-02-06 00:00:00-05:00,0.36033481308821924,0.36079266591376197,0.35621408307732183,0.3594191074371338,278868000,0.0,0.0
2012-02-07 00:00:00-05:00,0.3598770500619955,0.3623952548760958,0.353924879973189,0.3603349030017853,410296000,0.0,0.0
2012-02-08 00:00:00-05:00,0.3603348075392799,0.380480577167485,0.3585033689748056,0.3733837902545929,847612000,0.0,0.0
2012-02-09 00:00:00-05:00,0.377962401802864,0.3800227532882299,0.37246808569104173,0.373154878616333,561944000,0.0,0.0
2012-02-10 00:00:00-05:00,0.36949195617962033,0.3708655418628083,0.36193728950309584,0.3639976680278778,440268000,0.0,0.0
2012-02-13 00:00:00-05:00,0.3731548430276564,0.3745284287472368,0.3621662391425295,0.3697209060192108,610668000,0.0,0.0
2012-02-14 00:00:00-05:00,0.3697209084726244,0.3749862840452823,0.36651588420250386,0.37178125977516174,453756000,0.0,0.0
2012-02-15 00:00:00-05:00,0.3752152822954345,0.38689068092876444,0.36926311293520553,0.37017881870269775,1110856000,0.0,0.0
2012-02-16 00:00:00-05:00,0.3447677064972532,0.3795649660125479,0.3433941204093553,0.3765888810157776,1888588000,0.0,0.0
2012-02-17 00:00:00-05:00,0.3768177390173956,0.37933594324246617,0.3594191130509682,0.3628530502319336,1020360000,0.0,0.0
2012-02-21 00:00:00-05:00,0.362624202548827,0.3736128097853647,0.36193740947957204,0.3646845817565918,518176000,0.0,0.0
2012-02-22 00:00:00-05:00,0.36285313818023557,0.3717813660985658,0.36170849217580797,0.3621663451194763,492432000,0.0,0.0
2012-02-23 00:00:00-05:00,0.3628530212776603,0.36628695818461077,0.3571297658089049,0.3642265796661377,323968000,0.0,0.0
2012-02-24 00:00:00-05:00,0.36537125117175095,0.3658291312908347,0.35987696264781116,0.3614794611930847,366668000,0.0,0.0
2012-02-27 00:00:00-05:00,0.35690077659660996,0.35850327468511334,0.3491171715673812,0.3541536331176758,745268000,0.0,0.0
2012-02-28 00:00:00-05:00,0.35415383587985755,0.3582745671027328,0.34728593231472243,0.3509488105773926,699884000,0.0,0.0
2012-02-29 00:00:00-05:00,0.35209338992980393,0.3580455591565573,0.3465991008670387,0.34682801365852356,689196000,0.0,0.0
2012-03-01 00:00:00-05:00,0.34820157337466406,0.3532380091850651,0.34682798756705147,0.3491172790527344,449944000,0.0,0.0
2012-03-02 00:00:00-05:00,0.3479726974810838,0.35712986511252953,0.3479726974810838,0.3520934283733368,684076000,0.0,0.0
2012-03-05 00:00:00-05:00,0.34957520734526076,0.3502620003973068,0.33767089450834387,0.3401890993118286,514848000,0.0,0.0
2012-03-06 00:00:00-05:00,0.33629718594636143,0.3390443298636987,0.3310318108520048,0.33698397874832153,471400000,0.0,0.0
2012-03-07 00:00:00-05:00,0.3388155388909746,0.34041803781113805,0.33423695495307165,0.339044451713562,441984000,0.0,0.0
2012-03-08 00:00:00-05:00,0.33996018648815535,0.3436230645720589,0.3381287474462036,0.3401890993118286,430852000,0.0,0.0
2012-03-09 00:00:00-05:00,0.341104832194574,0.34362306428647893,0.3374419541137146,0.3392733931541443,367836000,0.0,0.0
2012-03-12 00:00:00-04:00,0.340646940800075,0.3429362325195364,0.3330922726677505,0.33400797843933105,299948000,0.0,0.0
2012-03-13 00:00:00-04:00,0.3353815122350906,0.3404179477766335,0.3337789864482538,0.3385865092277527,553288000,0.0,0.0
2012-03-14 00:00:00-04:00,0.3385864931754233,0.33927328601000606,0.3278268297353079,0.3289714753627777,735708000,0.0,0.0
2012-03-15 00:00:00-04:00,0.3298872465495355,0.3356104758249991,0.3287426006944428,0.3337790369987488,382380000,0.0,0.0
2012-03-16 00:00:00-04:00,0.3340080393546546,0.33561053839243427,0.3321766001869715,0.3342369794845581,428340000,0.0,0.0
2012-03-19 00:00:00-04:00,0.33606838898818925,0.33767088788451965,0.33355015694358964,0.33515265583992004,405400000,0.0,0.0
2012-03-20 00:00:00-04:00,0.33332127020181074,0.33332127020181074,0.32668233344383646,0.3296584188938141,449616000,0.0,0.0
2012-03-21 00:00:00-04:00,0.32965821137219126,0.3340078530906008,0.3259953350794781,0.33103176951408386,467840000,0.0,0.0
2012-03-22 00:00:00-04:00,0.3285137456049351,0.3333212703563992,0.3275980396001405,0.3305741250514984,425372000,0.0,0.0
2012-03-23 00:00:00-04:00,0.32965821672610607,0.33400785851515735,0.3273688985381052,0.3330921530723572,315456000,0.0,0.0
2012-03-26 00:00:00-04:00,0.33629718594636143,0.3385864770925597,0.33309218925788514,0.33698397874832153,288600000,0.0,0.0
2012-03-27 00:00:00-04:00,0.33835768727918597,0.34339412417248283,0.33767089422771074,0.3392733931541443,419968000,0.0,0.0
2012-03-28 00:00:00-04:00,0.34362292907647335,0.35163544784635914,0.3411046979754512,0.34705686569213867,892448000,0.0,0.0
2012-03-29 00:00:00-04:00,0.3465990449281876,0.35140654025958107,0.34224937510587367,0.3486593961715698,372700000,0.0,0.0
2012-03-30 00:00:00-04:00,0.35163560532975047,0.35461169052096264,0.34659916816259156,0.35255131125450134,527240000,0.0,0.0
2012-04-02 00:00:00-04:00,0.35163560366295754,0.3546116888400627,0.34591237343410697,0.3509488105773926,407776000,0.0,0.0
2012-04-03 00:00:00-04:00,0.35346709587406666,0.35392494890302717,0.343394192784344,0.34522563219070435,430476000,0.0,0.0
2012-04-04 00:00:00-04:00,0.33996030200519833,0.3443099473286255,0.3333213366335455,0.33538171648979187,495896000,0.0,0.0
2012-04-05 00:00:00-04:00,0.33583927075982095,0.339959999515245,0.33377889273685984,0.33492356538772583,369424000,0.0,0.0
2012-04-09 00:00:00-04:00,0.3296584190467038,0.3317187712027502,0.3241641011463853,0.3305741250514984,365504000,0.0,0.0
2012-04-10 00:00:00-04:00,0.3292004392183864,0.33377902243903573,0.32256150446464826,0.3241640031337738,470360000,0.0,0.0
2012-04-11 00:00:00-04:00,0.32851365323957676,0.33538155550661514,0.3273690074101553,0.32828474044799805,372960000,0.0,0.0
2012-04-12 00:00:00-04:00,0.3287426357145319,0.3378998035307627,0.3273690496258922,0.33606839179992676,384868000,0.0,0.0
2012-04-13 00:00:00-04:00,0.33309225678834525,0.33492369553470674,0.3239350630565379,0.3241640031337738,311324000,0.0,0.0
2012-04-16 00:00:00-04:00,0.32645334979692425,0.32736905567927455,0.3150068898149792,0.3202722668647766,463468000,0.0,0.0
2012-04-17 00:00:00-04:00,0.32118779275549203,0.3250795815103166,0.319814207411202,0.32095885276794434,460696000,0.0,0.0
2012-04-18 00:00:00-04:00,0.31889864494456793,0.3205011437040079,0.31363326848597084,0.31752505898475647,400764000,0.0,0.0
2012-04-19 00:00:00-04:00,0.31340429276241955,0.32530863028592694,0.3111150012833615,0.3127175271511078,667188000,0.0,0.0
2012-04-20 00:00:00-04:00,0.3145490178843933,0.3154647510814235,0.3058497026104332,0.3065364956855774,509592000,0.0,0.0
2012-04-23 00:00:00-04:00,0.3012711125004305,0.3042471975731443,0.29554788247233227,0.3028736114501953,706244000,0.0,0.0
2012-04-24 00:00:00-04:00,0.3037892066771782,0.30630743766220864,0.29188487179212635,0.2934873700141907,730440000,0.0,0.0
2012-04-25 00:00:00-04:00,0.2978371697312006,0.30172896063010624,0.2923428526175871,0.2994396686553955,727112000,0.0,0.0
2012-04-26 00:00:00-04:00,0.29921072740032245,0.3021868121427524,0.2971503484445584,0.2996685802936554,539208000,0.0,0.0
2012-04-27 00:00:00-04:00,0.2992108426149669,0.30104228218402646,0.29394546408786587,0.29715046286582947,475356000,0.0,0.0
2012-04-30 00:00:00-04:00,0.2955478451019918,0.29921072277303007,0.2934874661780915,0.2976081967353821,262268000,0.0,0.0
2012-05-01 00:00:00-04:00,0.2960057354164774,0.3060786366402384,0.2960057354164774,0.3028736114501953,408680000,0.0,0.0
2012-05-02 00:00:00-04:00,0.3017289219466772,0.30287356778728225,0.29257175522183715,0.2941742539405823,684008000,0.0,0.0
2012-05-03 00:00:00-04:00,0.29486106992079375,0.29669250886683135,0.28730640132495855,0.2891378402709961,419536000,0.0,0.0
2012-05-04 00:00:00-04:00,0.28730638663048347,0.28890888539236365,0.28066742420196533,0.28066742420196533,545092000,0.0,0.0
2012-05-07 00:00:00-04:00,0.2857037768278326,0.2905112985355064,0.28318554597324164,0.28547483682632446,604440000,0.0,0.0
2012-05-08 00:00:00-04:00,0.2829566661621441,0.2870773960323528,0.2779202306721136,0.28524598479270935,462312000,0.0,0.0
2012-05-09 00:00:00-04:00,0.2802095530578985,0.28867995378699945,0.27746240860355886,0.28639066219329834,520608000,0.0,0.0
2012-05-10 00:00:00-04:00,0.2891378018176928,0.28959565467068304,0.2797516955241064,0.284330278635025,597092000,0.0,0.0
2012-05-11 00:00:00-04:00,0.30791007557018835,0.3131754526517962,0.3012711123662434,0.30241575837135315,1435140000,0.0,0.0
2012-05-14 00:00:00-04:00,0.2998974339967808,0.30516280945878244,0.29371635292856374,0.30058422684669495,437472000,0.0,0.0
2012-05-15 00:00:00-04:00,0.3005842814317869,0.30722324379922994,0.2962346380766252,0.2976081967353821,599940000,0.0,0.0
2012-05-16 00:00:00-04:00,0.29806609967673453,0.3015000375216562,0.29074034377515856,0.2916560769081116,470484000,0.0,0.0
2012-05-17 00:00:00-04:00,0.2928007183298576,0.29554786310522296,0.28959569334983826,0.28959569334983826,335364000,0.0,0.0
2012-05-18 00:00:00-04:00,0.29028252686665845,0.2916561130912404,0.27517318755831943,0.27654674649238586,567288000,0.0,0.0
2012-05-21 00:00:00-04:00,0.27700460464401766,0.28272783463862267,0.2751731655876414,0.28135424852371216,416260000,0.0,0.0
2012-05-22 00:00:00-04:00,0.28112524040684356,0.28158309319311364,0.27379948666450676,0.2779202163219452,410140000,0.0,0.0
2012-05-23 00:00:00-04:00,0.2749442301038401,0.28524607155820525,0.27082349898019686,0.28478819131851196,496000000,0.0,0.0
2012-05-24 00:00:00-04:00,0.2863907062845974,0.2868485592157247,0.2751731593741587,0.2772335112094879,520420000,0.0,0.0
2012-05-25 00:00:00-04:00,0.27700463813916654,0.2861618072378112,0.27700463813916654,0.28387251496315,391752000,0.0,0.0
2012-05-29 00:00:00-04:00,0.2884510492342953,0.2930296329855521,0.28730640329648116,0.291198194026947,310000000,0.0,0.0
2012-05-30 00:00:00-04:00,0.2879931913319517,0.2900535430681467,0.2827278146510506,0.2877642512321472,379792000,0.0,0.0
2012-05-31 00:00:00-04:00,0.2877643077664243,0.28890895390930166,0.28089643090916033,0.28455930948257446,358192000,0.0,0.0
2012-06-01 00:00:00-04:00,0.2786070924905384,0.2813542373204575,0.2737995685702958,0.2742574214935303,440984000,0.0,0.0
2012-06-04 00:00:00-04:00,0.27563096852182684,0.27723346717147485,0.2662448621173753,0.2685341536998749,432856000,0.0,0.0
2012-06-05 00:00:00-04:00,0.2671606372769973,0.2770045980930166,0.2671606372769973,0.2763178050518036,365224000,0.0,0.0
2012-06-06 00:00:00-04:00,0.2783781373586364,0.2843303069109622,0.27631778567002946,0.283643513917923,368968000,0.0,0.0
2012-06-07 00:00:00-04:00,0.2877642265425204,0.28936675252263544,0.27196809785509507,0.27219703793525696,526780000,0.0,0.0
2012-06-08 00:00:00-04:00,0.27311275222210996,0.2783781286160348,0.2726548993379665,0.2774624228477478,370308000,0.0,0.0
2012-06-11 00:00:00-04:00,0.2863906808495549,0.2914271172256826,0.27998065851152404,0.28066742420196533,839080000,0.0,0.0
2012-06-12 00:00:00-04:00,0.2838724305240237,0.289137806647638,0.2834145776633852,0.28639066219329834,496128000,0.0,0.0
2012-06-13 00:00:00-04:00,0.2861617094004546,0.286848502306145,0.27746239627289354,0.2788359820842743,494276000,0.0,0.0
2012-06-14 00:00:00-04:00,0.27837806367323675,0.2806673548503955,0.2726548357303399,0.2754019796848297,589884000,0.0,0.0
2012-06-15 00:00:00-04:00,0.2774624575854834,0.28158318863970166,0.2749442254716518,0.28135424852371216,385288000,0.0,0.0
2012-06-18 00:00:00-04:00,0.2792939304138277,0.2861618072378112,0.27700463813916654,0.28387251496315,304424000,0.0,0.0
2012-06-19 00:00:00-04:00,0.2955480000006656,0.30745234502543134,0.29417441333149286,0.30310267210006714,960476000,0.0,0.0
2012-06-20 00:00:00-04:00,0.3060786159786396,0.31363328456385997,0.30424717703517534,0.3079100549221039,972720000,0.0,0.0
2012-06-21 00:00:00-04:00,0.30768099885872163,0.30768099885872163,0.29325846013908663,0.2939452528953552,516376000,0.0,0.0
2012-06-22 00:00:00-04:00,0.2976081967353821,0.3010421616085492,0.2934874661780915,0.2976081967353821,865360000,0.0,0.0
2012-06-25 00:00:00-04:00,0.2978372442498296,0.29875295035261756,0.28707754744421166,0.28822219371795654,494616000,0.0,0.0
2012-06-26 00:00:00-04:00,0.28982457732845,0.2934874272227994,0.28570384731811393,0.2914270758628845,437152000,0.0,0.0
2012-06-27 00:00:00-04:00,0.2916560319157726,0.3028735495625075,0.2916560319157726,0.3008131980895996,506064000,0.0,0.0
2012-06-28 00:00:00-04:00,0.2980662331306409,0.30493411189545605,0.2955480000006656,0.30310267210006714,545896000,0.0,0.0
2012-06-29 00:00:00-04:00,0.3101992415218948,0.317067114761593,0.30997030149770394,0.3163803219795227,616508000,0.0,0.0
2012-07-02 00:00:00-04:00,0.31798295546590155,0.31821186827726483,0.30539182296352657,0.3079100549221039,581684000,0.0,0.0
2012-07-03 00:00:00-04:00,0.3079100372685743,0.3166093512833846,0.30768109717982534,0.3159225583076477,219284000,0.0,0.0
2012-07-05 00:00:00-04:00,0.3138621728906368,0.31523573140376737,0.3079100041288831,0.3127175271511078,280076000,0.0,0.0
2012-07-06 00:00:00-04:00,0.3104281975839769,0.3113439305180526,0.3033314106200475,0.3067653477191925,382760000,0.0,0.0
2012-07-09 00:00:00-04:00,0.304933901748898,0.30630748747145803,0.30012637901044337,0.30264461040496826,306336000,0.0,0.0
2012-07-10 00:00:00-04:00,0.2994395374567166,0.3083677886205055,0.29119807904252704,0.2934873700141907,512028000,0.0,0.0
2012-07-11 00:00:00-04:00,0.29440312565917476,0.2980660024147283,0.28730631217922836,0.28867989778518677,485216000,0.0,0.0
2012-07-12 00:00:00-04:00,0.2854750140973095,0.28593286709413845,0.28135428254481615,0.28387251496315,472160000,0.0,0.0
2012-07-13 00:00:00-04:00,0.2841014901651127,0.28890898816083926,0.28227005066127975,0.2875354290008545,324260000,0.0,0.0
2012-07-16 00:00:00-04:00,0.28570393051058024,0.29074036763840794,0.2829567581767521,0.28845107555389404,334460000,0.0,0.0
2012-07-17 00:00:00-04:00,0.28936670957634864,0.29096920802812026,0.27837807858861624,0.28318560123443604,447476000,0.0,0.0
2012-07-18 00:00:00-04:00,0.2824988633747397,0.3031025163741038,0.28112530470178887,0.29898178577423096,616008000,0.0,0.0
2012-07-19 00:00:00-04:00,0.3010421994050376,0.305849696250043,0.29898182022245234,0.301957905292511,403036000,0.0,0.0
2012-07-20 00:00:00-04:00,0.30012648381766416,0.3021868631210096,0.29005358201251036,0.2932586073875427,451000000,0.0,0.0
2012-07-23 00:00:00-04:00,0.28547505949228036,0.2992108426149669,0.2822700607143167,0.29715046286582947,451584000,0.0,0.0
2012-07-24 00:00:00-04:00,0.29760810211128547,0.29943954036450127,0.2905113164045136,0.2939452528953552,351164000,0.0,0.0
2012-07-25 00:00:00-04:00,0.2930296178235408,0.30264466503608534,0.2916560591435419,0.2996685802936554,415044000,0.0,0.0
2012-07-26 00:00:00-04:00,0.30516287270501125,0.30859683766628493,0.2987528502614849,0.3010421693325043,338440000,0.0,0.0
2012-07-27 00:00:00-04:00,0.30218679757012923,0.309512525381713,0.2998974786328434,0.30859681963920593,376516000,0.0,0.0
2012-07-30 00:00:00-04:00,0.3085967213015211,0.31248851040277903,0.30264455400042045,0.3051627576351166,363552000,0.0,0.0
2012-07-31 00:00:00-04:00,0.3051628554916388,0.3143200493876527,0.30470500261946537,0.3099703788757324,387788000,0.0,0.0
2012-08-01 00:00:00-04:00,0.31180187287433064,0.3147779580062794,0.3051629095352891,0.3065364956855774,335912000,0.0,0.0
2012-08-02 00:00:00-04:00,0.3049339982597647,0.31225972742081415,0.2998975338766862,0.307681143283844,367912000,0.0,0.0
2012-08-03 00:00:00-04:00,0.31248864710724505,0.3172961710528594,0.30516289113478284,0.31409114599227905,326548000,0.0,0.0
2012-08-06 00:00:00-04:00,0.31706718290768515,0.3223325589812223,0.3166093300514011,0.320730060338974,360324000,0.0,0.0
2012-08-07 00:00:00-04:00,0.3246218247659922,0.32736896897597834,0.3221035933207097,0.32393503189086914,407340000,0.0,0.0
2012-08-08 00:00:00-04:00,0.32370612265126025,0.3292004111310643,0.32279038971095536,0.3257664740085602,517064000,0.0,0.0
2012-08-09 00:00:00-04:00,0.32622431603347757,0.33744185996992676,0.325766463223736,0.33675506711006165,822300000,0.0,0.0
2012-08-10 00:00:00-04:00,0.345683378721013,0.34843052333894986,0.3303451022973879,0.3346947729587555,1278744000,0.0,0.0
2012-08-13 00:00:00-04:00,0.33515266082444706,0.33927339182666233,0.333779074726871,0.339044451713562,447244000,0.0,0.0
2012-08-14 00:00:00-04:00,0.3401890606237748,0.340646940800075,0.3326343924914502,0.33400797843933105,388828000,0.0,0.0
2012-08-15 00:00:00-04:00,0.33515261941619295,0.33789976398142124,0.3298872430800416,0.3314897418022156,594404000,0.0,0.0
2012-08-16 00:00:00-04:00,0.3344658393453228,0.33950230308131585,0.3333211934581445,0.3383576571941376,371008000,0.0,0.0
2012-08-17 00:00:00-04:00,0.33835780253291053,0.33835780253291053,0.3324056304466732,0.33538171648979187,309864000,0.0,0.0
2012-08-20 00:00:00-04:00,0.3342370701109402,0.335839569583228,0.33034525059042685,0.33538171648979187,314392000,0.0,0.0
2012-08-21 00:00:00-04:00,0.3365261504693619,0.3385865017346903,0.3310318349443111,0.33446577191352844,340248000,0.0,0.0
2012-08-22 00:00:00-04:00,0.3324055109761375,0.3365262419170676,0.3312608650086854,0.33515265583992004,313556000,0.0,0.0
2012-08-23 00:00:00-04:00,0.3344659121536467,0.33469485229712354,0.32622444905571296,0.32759803533554077,379040000,0.0,0.0
2012-08-24 00:00:00-04:00,0.32759801591302107,0.33583947852233775,0.3269112228138255,0.3342369794845581,347724000,0.0,0.0
2012-08-27 00:00:00-04:00,0.3340079381217383,0.3349236710732921,0.32828470951392713,0.32851362228393555,340944000,0.0,0.0
2012-08-28 00:00:00-04:00,0.3259955064225903,0.33034515042717116,0.32530871334541595,0.3271401524543762,310764000,0.0,0.0
2012-08-29 00:00:00-04:00,0.32691118405096053,0.32988726893424775,0.32622439103320017,0.32782691717147827,250412000,0.0,0.0
2012-08-30 00:00:00-04:00,0.32714002202839054,0.32828466760382286,0.32004320854450896,0.32164570689201355,307488000,0.0,0.0
2012-08-31 00:00:00-04:00,0.3239350277907084,0.3262243191518048,0.31798288662616103,0.3211878836154938,485064000,0.0,0.0
2012-09-04 00:00:00-04:00,0.315922537463116,0.31706718325031713,0.30104214222950065,0.30401819944381714,694452000,0.0,0.0
2012-09-05 00:00:00-04:00,0.30516284818917816,0.309512518597012,0.30172891079428704,0.30493393540382385,480256000,0.0,0.0
2012-09-06 00:00:00-04:00,0.30722324240895865,0.32256151870782507,0.30699430232161357,0.31432005763053894,657296000,0.0,0.0
2012-09-07 00:00:00-04:00,0.3063074948974077,0.3088256990624771,0.2964635091312512,0.3067653477191925,781064000,0.0,0.0
2012-09-10 00:00:00-04:00,0.30607857823508416,0.3104282213102454,0.303331433803903,0.30401819944381714,371108000,0.0,0.0
2012-09-11 00:00:00-04:00,0.30378935222552217,0.3124886675438683,0.30264470619127964,0.307681143283844,382808000,0.0,0.0
2012-09-12 00:00:00-04:00,0.3101992315806196,0.3127174626040055,0.30722314781402754,0.31111493706703186,322608000,0.0,0.0
2012-09-13 00:00:00-04:00,0.3138622029999764,0.31500684884931324,0.30722324069951684,0.31317541003227234,433836000,0.0,0.0
2012-09-14 00:00:00-04:00,0.3129464445492024,0.3223325506682441,0.3129464445492024,0.31683823466300964,339468000,0.0,0.0
2012-09-17 00:00:00-04:00,0.31752498192295503,0.31752498192295503,0.3047049403777782,0.3081388771533966,493348000,0.0,0.0
2012-09-18 00:00:00-04:00,0.3047049161312592,0.313862107428073,0.30447600340540226,0.31019923090934753,359952000,0.0,0.0
2012-09-19 00:00:00-04:00,0.31088606083114007,0.3182117874538047,0.30722318387455544,0.313862144947052,451936000,0.0,0.0
2012-09-20 00:00:00-04:00,0.31317531568457396,0.31477781393277243,0.3090545864102769,0.311572790145874,320596000,0.0,0.0
2012-09-21 00:00:00-04:00,0.3120307925475063,0.3147779373775369,0.3108861465941176,0.31294649839401245,340136000,0.0,0.0
2012-09-24 00:00:00-04:00,0.3079100041288831,0.313175379988818,0.3074521512911729,0.3127175271511078,357832000,0.0,0.0
2012-09-25 00:00:00-04:00,0.3168382793128568,0.31821186533036233,0.3065364660530991,0.30699431896209717,481544000,0.0,0.0
2012-09-26 00:00:00-04:00,0.3058496646991767,0.3060786047926847,0.298066083587052,0.3017289340496063,436812000,0.0,0.0
2012-09-27 00:00:00-04:00,0.3024157007998371,0.3044760795911042,0.2998974691517912,0.30401819944381714,558888000,0.0,0.0
2012-09-28 00:00:00-04:00,0.3026447030913698,0.3097415193471884,0.29875288478239675,0.3053918480873108,485508000,0.0,0.0
2012-10-01 00:00:00-04:00,0.3067653363473192,0.30859677485707254,0.2992106695511524,0.30035531520843506,504236000,0.0,0.0
2012-10-02 00:00:00-04:00,0.3024156086365468,0.3024156086365468,0.2980659668869697,0.3014999032020569,295492000,0.0,0.0
2012-10-03 00:00:00-04:00,0.3021868707379646,0.3031025767021895,0.29692149321738215,0.29852399230003357,430872000,0.0,0.0
2012-10-04 00:00:00-04:00,0.29921063097948336,0.3136331698601163,0.29760810543346733,0.3118017315864563,502608000,0.0,0.0
2012-10-05 00:00:00-04:00,0.3127175123740311,0.31592250937706134,0.3033314068372191,0.3044760525226593,483068000,0.0,0.0
2012-10-08 00:00:00-04:00,0.3033313413615367,0.3047048995132717,0.2992106123253321,0.3014999032020569,240596000,0.0,0.0
2012-10-09 00:00:00-04:00,0.30104218965015633,0.30195789550795743,0.2941742865545977,0.2950900197029114,366360000,0.0,0.0
2012-10-10 00:00:00-04:00,0.2937163639675729,0.2950899497190259,0.28890884112799353,0.29005348682403564,326568000,0.0,0.0
2012-10-11 00:00:00-04:00,0.2928007228564188,0.2937164286988598,0.2893667850114971,0.2916560769081116,320516000,0.0,0.0
2012-10-12 00:00:00-04:00,0.2895956931848776,0.29188498504479665,0.28730640132495855,0.2891378402709961,260696000,0.0,0.0
2012-10-15 00:00:00-04:00,0.2895956699826468,0.29302960749740037,0.2861617324678932,0.2928006947040558,249580000,0.0,0.0
2012-10-16 00:00:00-04:00,0.2953188238076972,0.302186724375006,0.29257167995507516,0.301270991563797,367696000,0.0,0.0
2012-10-17 00:00:00-04:00,0.2976081998107699,0.300355371737692,0.2946321150836112,0.29898178577423096,391752000,0.0,0.0
2012-10-18 00:00:00-04:00,0.2982949857990484,0.2982949857990484,0.29325854953528635,0.29440319538116455,254772000,0.0,0.0
2012-10-19 00:00:00-04:00,0.29005355702412855,0.29211393614997044,0.275631012305286,0.2772335112094879,709412000,0.0,0.0
2012-10-22 00:00:00-04:00,0.27837818385583973,0.2799807102041031,0.27173924749209116,0.2740285396575928,480840000,0.0,0.0
2012-10-23 00:00:00-04:00,0.27151014682371105,0.2841012735797381,0.270823354122037,0.28226983547210693,573948000,0.0,0.0
2012-10-24 00:00:00-04:00,0.28410129579150023,0.2852459412869486,0.2758598373080714,0.27860698103904724,332916000,0.0,0.0
2012-10-25 00:00:00-04:00,0.28089633351083815,0.28387241790849155,0.27769133633829274,0.2788359820842743,307356000,0.0,0.0
2012-10-26 00:00:00-04:00,0.2792938898866689,0.28089638878829654,0.2758599519729614,0.2758599519729614,389376000,0.0,0.0
2012-10-31 00:00:00-04:00,0.27700459361396157,0.2792938855206462,0.27357065575393463,0.2742574214935303,347112000,0.0,0.0
2012-11-01 00:00:00-04:00,0.2756310274716331,0.2875353680790447,0.2754020873482159,0.28730642795562744,473220000,0.0,0.0
2012-11-02 00:00:00-04:00,0.29028244967294137,0.29074030252920846,0.2841013678870655,0.2859327793121338,256700000,0.0,0.0
2012-11-05 00:00:00-05:00,0.28524606346260667,0.2992107554045884,0.28524606346260667,0.298066109418869,444840000,0.0,0.0
2012-11-06 00:00:00-05:00,0.29875278416472595,0.29875278416472595,0.29280064322657534,0.2978370785713196,350804000,0.0,0.0
2012-11-07 00:00:00-05:00,0.29554777123397236,0.29737920961174913,0.28730631217922836,0.28867989778518677,324620000,0.0,0.0
2012-11-08 00:00:00-05:00,0.2918849267886225,0.2994395938766512,0.28959563538561417,0.2902824282646179,839024000,0.0,0.0
2012-11-09 00:00:00-05:00,0.29188512397003374,0.29531906339432534,0.2781493662728673,0.2790650725364685,846280000,0.0,0.0
2012-11-12 00:00:00-05:00,0.27952279785882705,0.28066744381021125,0.27013669014127206,0.2728838622570038,643624000,0.0,0.0
2012-11-13 00:00:00-05:00,0.2715103314721228,0.27769144270033286,0.27059462544080454,0.27082353830337524,492120000,0.0,0.0
2012-11-14 00:00:00-05:00,0.27242593444569313,0.2751730785157332,0.2639555349015214,0.26418447494506836,619300000,0.0,0.0
2012-11-15 00:00:00-05:00,0.26578694548955967,0.2726548185892714,0.26349765445632245,0.2653290927410126,466688000,0.0,0.0
2012-11-16 00:00:00-05:00,0.2653291738703193,0.26624487964740745,0.25525627386979877,0.26052165031433105,624552000,0.0,0.0
2012-11-19 00:00:00-05:00,0.2653292433953174,0.26876318189496823,0.26212421775466627,0.2678474485874176,404092000,0.0,0.0
2012-11-20 00:00:00-05:00,0.2668105949204016,0.26796262575903657,0.26197205441150223,0.26473695039749146,336976000,0.001875,0.0
2012-11-21 00:00:00-05:00,0.26473680348317075,0.2730314044383473,0.26450638645667984,0.27234020829200745,422312000,0.0,0.0
2012-11-23 00:00:00-05:00,0.2734922879959845,0.27740918588936014,0.2721098405199359,0.2741835117340088,276932000,0.0,0.0
2012-11-26 00:00:00-05:00,0.2746444211883682,0.27971335138661985,0.27418361434608746,0.27902212738990784,364600000,0.0,0.0
2012-11-27 00:00:00-05:00,0.2778700746652914,0.28432145234884315,0.2755660131687786,0.2801741361618042,451404000,0.0,0.0
2012-11-28 00:00:00-05:00,0.2790221208739728,0.2838606612713817,0.2755660284377039,0.2824782133102417,398332000,0.0,0.0
2012-11-29 00:00:00-05:00,0.28293895853713347,0.28432137859649664,0.27648758252705463,0.2774091958999634,488688000,0.0,0.0
2012-11-30 00:00:00-05:00,0.27717886370666867,0.27925253563061314,0.27418360559416144,0.27579644322395325,460504000,0.0,0.0
2012-12-03 00:00:00-05:00,0.27925253531848343,0.27925253531848343,0.270036288911025,0.2707274854183197,391380000,0.0,0.0
2012-12-04 00:00:00-05:00,0.2711883749130113,0.27925259216102843,0.26957550949013864,0.27879178524017334,528068000,0.0,0.0
2012-12-05 00:00:00-05:00,0.27648768264277995,0.27833091005602706,0.27164914201655027,0.275566041469574,633024000,0.0,0.0
2012-12-06 00:00:00-05:00,0.2748747547698431,0.2778700398331545,0.27395314127339776,0.27602678537368774,412896000,0.0,0.0
2012-12-07 00:00:00-05:00,0.27625726548283286,0.27763971350935057,0.2723403660298091,0.275566041469574,338288000,0.0,0.0
2012-12-10 00:00:00-05:00,0.27556595694601893,0.28685587245543737,0.2748747331447772,0.28478220105171204,513644000,0.0,0.0
2012-12-11 00:00:00-05:00,0.2857039943138706,0.29515066054693134,0.2850127701439852,0.2914641499519348,816724000,0.0,0.0
2012-12-12 00:00:00-05:00,0.2923856443670692,0.2939984816417208,0.28731668798019994,0.28846871852874756,399404000,0.0,0.0
2012-12-13 00:00:00-05:00,0.28800792622838367,0.2942288860088211,0.2859342821237633,0.2886991500854492,377556000,0.0,0.0
2012-12-14 00:00:00-05:00,0.2898512305354467,0.2930769058010151,0.28777755860765486,0.29008162021636963,338660000,0.0,0.0
2012-12-17 00:00:00-05:00,0.28939023682562853,0.29100307341688086,0.28455169958530835,0.28892940282821655,445232000,0.0,0.0
2012-12-18 00:00:00-05:00,0.2889296401818924,0.29261615039025135,0.2880080263630955,0.2893904745578766,416436000,0.0,0.0
2012-12-19 00:00:00-05:00,0.2914641499519348,0.29492024333477335,0.29031211882432195,0.2914641499519348,458544000,0.0,0.0
2012-12-20 00:00:00-05:00,0.29261601929479825,0.29284643637956076,0.28800789733213583,0.2912335991859436,334332000,0.0,0.0
2012-12-21 00:00:00-05:00,0.2873167271016451,0.2873167271016451,0.2813261564468833,0.28455185890197754,462172000,0.0,0.0
2012-12-24 00:00:00-05:00,0.2843213358571929,0.28524297655813274,0.28132605164563307,0.2822476923465729,127376000,0.0,0.0
2012-12-26 00:00:00-05:00,0.2815564541964022,0.2861645750642262,0.28086523057291524,0.2820172607898712,196740000,0.0,0.0
2012-12-27 00:00:00-05:00,0.282478197658317,0.2829390319308832,0.2769484610533181,0.2801741361618042,299804000,0.0,0.0
2012-12-28 00:00:00-05:00,0.2776397542047423,0.28316949218817666,0.27717891981730075,0.27879178524017334,220600000,0.0,0.0
2012-12-31 00:00:00-05:00,0.2778700900618832,0.28363024412233134,0.27717886608131315,0.2824782133102417,326460000,0.0,0.0
2013-01-02 00:00:00-05:00,0.28939042057386244,0.29330731977295416,0.2882383897819778,0.29307690262794495,478836000,0.0,0.0
2013-01-03 00:00:00-05:00,0.2930767681337648,0.296532858923404,0.2898510943833955,0.29330718517303467,298888000,0.0,0.0
2013-01-04 00:00:00-05:00,0.29376808440227004,0.3039059703946914,0.29284647088776655,0.302984356880188,524968000,0.0,0.0
2013-01-07 00:00:00-05:00,0.3027539299292195,0.3036755434137719,0.2921552375239882,0.2942288815975189,610732000,0.0,0.0
2013-01-08 00:00:00-05:00,0.29492011411387425,0.29584175509209554,0.2857038691311209,0.28777751326560974,466424000,0.0,0.0
2013-01-09 00:00:00-05:00,0.2900815526999854,0.29146400033008246,0.27948288824668155,0.2813261151313782,695020000,0.0,0.0
2013-01-10 00:00:00-05:00,0.2838605924145788,0.2852430400403749,0.2801740837235055,0.2817869484424591,506368000,0.0,0.0
2013-01-11 00:00:00-05:00,0.28293897985534955,0.28316936948264937,0.27856124733775867,0.2813261151313782,513172000,0.0,0.0
2013-01-14 00:00:00-05:00,0.2831693572661084,0.2831693572661084,0.27787001153479446,0.2810957133769989,305684000,0.0,0.0
2013-01-15 00:00:00-05:00,0.2797132942926212,0.2797132942926212,0.2744139480216204,0.27602678537368774,375888000,0.0,0.0
2013-01-16 00:00:00-05:00,0.27556586127940536,0.2808652052937509,0.27556586127940536,0.27856114506721497,337376000,0.0,0.0
2013-01-17 00:00:00-05:00,0.2794828251768901,0.2833997226228214,0.2787916015178273,0.2822476923465729,580736000,0.0,0.0
2013-01-18 00:00:00-05:00,0.28224779250559584,0.28224779250559584,0.27694844586100203,0.28040453791618347,397088000,0.0,0.0
2013-01-22 00:00:00-05:00,0.28017415822890057,0.28270863706131727,0.2776397068630656,0.27902212738990784,308224000,0.0,0.0
2013-01-23 00:00:00-05:00,0.27994379739308434,0.2801741871046786,0.27648770451990856,0.27948299050331116,421808000,0.0,0.0
2013-01-24 00:00:00-05:00,0.278561368755185,0.28201746187027127,0.27717892052251586,0.2808654308319092,396980000,0.0,0.0
2013-01-25 00:00:00-05:00,0.2813260904192526,0.2861646292329928,0.27994367037716406,0.2859342396259308,393920000,0.0,0.0
2013-01-28 00:00:00-05:00,0.2873166623918851,0.29238561832731497,0.28662543863100165,0.2905423641204834,422492000,0.0,0.0
2013-01-29 00:00:00-05:00,0.28939035383145156,0.29008155017390647,0.2831693670167629,0.2843213975429535,388872000,0.0,0.0
2013-01-30 00:00:00-05:00,0.28455184772593034,0.28846874647716764,0.2829390102950183,0.28386062383651733,287592000,0.0,0.0
2013-01-31 00:00:00-05:00,0.2838606612713817,0.2870863640251814,0.2806349859841632,0.2824782133102417,470544000,0.0,0.0
2013-02-01 00:00:00-05:00,0.28478215595098794,0.2859342137483231,0.28247809528945694,0.2850125730037689,288816000,0.0,0.0
2013-02-04 00:00:00-05:00,0.28339983873686986,0.2891599924781519,0.2799437464921007,0.2801741361618042,511744000,0.0,0.0
2013-02-05 00:00:00-05:00,0.28155657486008356,0.28823836946191356,0.2806349612781795,0.2866255044937134,367296000,0.0,0.0
2013-02-06 00:00:00-05:00,0.2797132754381911,0.28662545859533467,0.2781004381948391,0.2843213975429535,530688000,0.0,0.0
2013-02-07 00:00:00-05:00,0.28339983570719934,0.28570389717908073,0.28040455030043776,0.2831694185733795,440000000,0.0,0.0
2013-02-08 00:00:00-05:00,0.2850125730037689,0.2873166336652999,0.28316931898123016,0.2850125730037689,307232000,0.0,0.0
2013-02-11 00:00:00-05:00,0.28731679472247207,0.29123372201598785,0.2845519258720848,0.28823843598365784,408308000,0.0,0.0
2013-02-12 00:00:00-05:00,0.2857039085791951,0.28962080774436905,0.28524310175974765,0.2863951325416565,277804000,0.0,0.0
2013-02-13 00:00:00-05:00,0.2866254099735267,0.29192475498836196,0.28409095972578435,0.2850125730037689,856396000,0.0,0.0
2013-02-14 00:00:00-05:00,0.2810956588896628,0.2935376022123045,0.27763956810002366,0.29330718517303467,882096000,0.0,0.0
2013-02-15 00:00:00-05:00,0.29261596152179326,0.29468963247551755,0.28685581020572803,0.29330718517303467,733860000,0.0,0.0
2013-02-19 00:00:00-05:00,0.293537791675634,0.2937681813970403,0.2875472194536971,0.2893904745578766,433552000,0.0,0.0
2013-02-20 00:00:00-05:00,0.2903120237760468,0.2949201467777968,0.28432145288713995,0.28524309396743774,713012000,0.0,0.0
2013-02-21 00:00:00-05:00,0.2847822561103806,0.28800795865096207,0.2824781946384992,0.2831694185733795,580408000,0.0,0.0
2013-02-22 00:00:00-05:00,0.2850126268831048,0.288699135625087,0.28339978960845313,0.28846871852874756,370148000,0.0,0.0
2013-02-25 00:00:00-05:00,0.2891600649190524,0.29146412699278296,0.28293910281329715,0.28339990973472595,644444000,0.0,0.0
2013-02-26 00:00:00-05:00,0.2839793345203732,0.28838389661346064,0.2830520393820363,0.28676116466522217,487504000,0.001875,0.0
2013-02-27 00:00:00-05:00,0.28676123954000565,0.2941794920433199,0.28606577491343393,0.29209309816360474,476980000,0.0,0.0
2013-02-28 00:00:00-05:00,0.29116568728356373,0.29788844422036587,0.29000658935411,0.2934838831424713,591392000,0.0,0.0
2013-03-01 00:00:00-05:00,0.2913975235158269,0.29557028206468583,0.28884752436130245,0.29464301466941833,389396000,0.0,0.0
2013-03-04 00:00:00-05:00,0.2925565882178636,0.2962657126461455,0.29023839235895604,0.2934838831424713,353680000,0.0,0.0
2013-03-05 00:00:00-05:00,0.2951067133409234,0.29719307925717087,0.29371578430670264,0.2967294454574585,366168000,0.0,0.0
2013-03-06 00:00:00-05:00,0.29858394889046364,0.30136577877039833,0.29510665463177577,0.2964975833892822,342928000,0.0,0.0
2013-03-07 00:00:00-05:00,0.2981203726177616,0.3011340337495742,0.2941794438923528,0.29580217599868774,314824000,0.0,0.0
2013-03-08 00:00:00-05:00,0.2964975838374729,0.2985839493418081,0.2951066550778639,0.2971930205821991,246464000,0.0,0.0
2013-03-11 00:00:00-04:00,0.2941794091524034,0.29557031037854464,0.29186118517200754,0.29441121220588684,299748000,0.0,0.0
2013-03-12 00:00:00-04:00,0.29394767157214696,0.2962658686517545,0.2911658406036357,0.29533860087394714,310856000,0.0,0.0
2013-03-13 00:00:00-04:00,0.29533860087394714,0.30043862892206596,0.29255674227034684,0.29533860087394714,485840000,0.0,0.0
2013-03-14 00:00:00-04:00,0.2971931357625441,0.2981204311733593,0.29371584015093716,0.29557040333747864,383304000,0.0,0.0
2013-03-15 00:00:00-04:00,0.29557027732907676,0.29557027732907676,0.29186115253727896,0.2930202782154083,355776000,0.0,0.0
2013-03-18 00:00:00-04:00,0.29116582719029654,0.2937158272793388,0.288847630217483,0.2909339964389801,298312000,0.0,0.0
2013-03-19 00:00:00-04:00,0.2911657014655111,0.2925566024675582,0.28699294318921803,0.28907930850982666,355480000,0.0,0.0
2013-03-20 00:00:00-04:00,0.2918612385329054,0.2934839983793792,0.2893112386678907,0.2925567030906677,340588000,0.0,0.0
2013-03-21 00:00:00-04:00,0.29093395737924116,0.2913975911845405,0.28745666238686984,0.2879202961921692,339032000,0.0,0.0
2013-03-22 00:00:00-04:00,0.2888475666148697,0.2904702986115052,0.28768846838368983,0.2893112003803253,232476000,0.0,0.0
2013-03-25 00:00:00-04:00,0.29093392786930183,0.29116575856597854,0.28560207056146864,0.2876884639263153,362076000,0.0,0.0
2013-03-26 00:00:00-04:00,0.28838396549217576,0.2900067254630812,0.28722486701872185,0.28977489471435547,232540000,0.0,0.0
2013-03-27 00:00:00-04:00,0.28861586450248783,0.2948749922124906,0.2879203997269111,0.29325225949287415,254944000,0.0,0.0
2013-03-28 00:00:00-04:00,0.292556688427447,0.2976567431720274,0.29047032249381605,0.29742491245269775,349276000,0.0,0.0
2013-04-01 00:00:00-04:00,0.29672941893540716,0.29672941893540716,0.28560207056146864,0.2876884639263153,442828000,0.0,0.0
2013-04-02 00:00:00-04:00,0.2879203778841354,0.28861584260695144,0.28282034930863753,0.28467491269111633,371524000,0.0,0.0
2013-04-03 00:00:00-04:00,0.2842111815823131,0.28583394141688007,0.27911115425461946,0.28119754791259766,353156000,0.0,0.0
2013-04-04 00:00:00-04:00,0.28027020130833297,0.2849065939636111,0.27934293383130937,0.2839793264865875,294676000,0.0,0.0
2013-04-05 00:00:00-04:00,0.2798065540273551,0.28884753584861755,0.2791110896357074,0.28884753584861755,551352000,0.0,0.0
2013-04-08 00:00:00-04:00,0.289079455870047,0.289079455870047,0.2828203290825129,0.28815218806266785,326660000,0.0,0.0
2013-04-09 00:00:00-04:00,0.28838397424498186,0.2948749314203498,0.28629760798347603,0.292788565158844,380584000,0.0,0.0
2013-04-10 00:00:00-04:00,0.29302034986610626,0.2978885462562731,0.2923248853432013,0.29742491245269775,384688000,0.0,0.0
2013-04-11 00:00:00-04:00,0.2932521185298783,0.29788851129160276,0.28513843119686055,0.29603394865989685,969220000,0.0,0.0
2013-04-12 00:00:00-04:00,0.2974248722010005,0.30669765755791967,0.2948748451738156,0.30345219373703003,770548000,0.0,0.0
2013-04-15 00:00:00-04:00,0.3025248773139292,0.30345217236536126,0.29533848574949145,0.2971930205821991,430420000,0.0,0.0
2013-04-16 00:00:00-04:00,0.29997497883563945,0.3025249789044639,0.2983522188594659,0.30043861269950867,468844000,0.0,0.0
2013-04-17 00:00:00-04:00,0.2981203151829876,0.30090214506292223,0.2946430209242997,0.2964975833892822,532948000,0.0,0.0
2013-04-18 00:00:00-04:00,0.2971929688513796,0.29904753099635156,0.2907020151615143,0.2907020151615143,402548000,0.0,0.0
2013-04-19 00:00:00-04:00,0.2904702446005836,0.29232480695264473,0.28676111989646136,0.2913975119590759,303028000,0.0,0.0
2013-04-22 00:00:00-04:00,0.29116579917855945,0.294411263574232,0.28884760242876906,0.29186123609542847,245568000,0.0,0.0
2013-04-23 00:00:00-04:00,0.2944112292726882,0.3025249169516373,0.2939475955037646,0.29951128363609314,376948000,0.0,0.0
2013-04-24 00:00:00-04:00,0.3004385800808735,0.31226139431891636,0.300206749356565,0.30971136689186096,556556000,0.0,0.0
2013-04-25 00:00:00-04:00,0.3113341646691113,0.31295689703196183,0.3085523061784099,0.3122614324092865,353224000,0.0,0.0
2013-04-26 00:00:00-04:00,0.31179782367113656,0.3122614575785946,0.30924779572748223,0.31087052822113037,324332000,0.0,0.0
2013-04-29 00:00:00-04:00,0.3113342890455771,0.31573885402364243,0.309943359244557,0.3145797550678253,269712000,0.0,0.0
2013-04-30 00:00:00-04:00,0.3152750543004746,0.3192159831523895,0.31318866069528356,0.3192159831523895,276712000,0.0,0.0
2013-05-01 00:00:00-04:00,0.3192160054757864,0.32130239922688303,0.3152750763482746,0.31643417477607727,341316000,0.0,0.0
2013-05-02 00:00:00-04:00,0.3162024141835802,0.3210706397143647,0.3143478507606579,0.32014337182044983,323480000,0.0,0.0
2013-05-03 00:00:00-04:00,0.32222974075166544,0.3238524733954092,0.3203751773152044,0.32153427600860596,293864000,0.0,0.0
2013-05-06 00:00:00-04:00,0.32153424455749563,0.32338880781255125,0.3187524134924572,0.3206069767475128,217116000,0.0,0.0
2013-05-07 00:00:00-04:00,0.3206069346431841,0.32130239922688303,0.31342051333677307,0.31643417477607727,448068000,0.0,0.0
2013-05-08 00:00:00-04:00,0.31689773690396106,0.32408415658403406,0.3157386387384706,0.3222295939922333,334032000,0.0,0.0
2013-05-09 00:00:00-04:00,0.3164340754687266,0.32385229755156597,0.31597044177012623,0.32246139645576477,566800000,0.0,0.0
2013-05-10 00:00:00-04:00,0.3291841996413071,0.33845701306949877,0.3291841996413071,0.33706608414649963,861136000,0.0,0.0
2013-05-13 00:00:00-04:00,0.33474789662121635,0.33613882558129193,0.3287205746409987,0.3301115036010742,289812000,0.0,0.0
2013-05-14 00:00:00-04:00,0.33405253669707957,0.3377616633281546,0.33080707162120715,0.3349798321723938,454140000,0.0,0.0
2013-05-15 00:00:00-04:00,0.333356970580959,0.3419343198514153,0.333356970580959,0.3407752215862274,313172000,0.0,0.0
2013-05-16 00:00:00-04:00,0.3403115534781586,0.34378884792294934,0.33799332954655176,0.339152455329895,308368000,0.0,0.0
2013-05-17 00:00:00-04:00,0.34077520332374034,0.3470343280933056,0.3382251762229525,0.3447161316871643,312116000,0.0,0.0
2013-05-20 00:00:00-04:00,0.34332502179576607,0.34541141404244,0.34216592420374714,0.3440204858779907,236380000,0.0,0.0
2013-05-21 00:00:00-04:00,0.34600125411177113,0.3490302239567498,0.34204030636470517,0.3476322293281555,357784000,0.001875,0.0
2013-05-22 00:00:00-04:00,0.3490302090377472,0.3490302090377472,0.33411836881350127,0.3355163633823395,480404000,0.0,0.0
2013-05-23 00:00:00-04:00,0.33155523555925553,0.3420401344530044,0.3306232581255865,0.34087514877319336,393884000,0.0,0.0
2013-05-24 00:00:00-04:00,0.33901129550738257,0.3418072566508626,0.3350503204640374,0.3387782871723175,283304000,0.0,0.0
2013-05-28 00:00:00-04:00,0.34134122155171653,0.34227319921490257,0.33528328341463826,0.3385452330112457,279300000,0.0,0.0
2013-05-29 00:00:00-04:00,0.3364483118057251,0.338545275700038,0.33505031735920987,0.3364483118057251,335052000,0.0,0.0
2013-05-30 00:00:00-04:00,0.3359821978078072,0.34437010581262645,0.3350501925986887,0.34087514877319336,284504000,0.0,0.0
2013-05-31 00:00:00-04:00,0.3390112188027569,0.3439041427529097,0.33714723587036133,0.33714723587036133,577508000,0.0,0.0
2013-06-03 00:00:00-04:00,0.33761334387435876,0.34017632478334947,0.32969142055822803,0.3366813659667969,444468000,0.0,0.0
2013-06-04 00:00:00-04:00,0.3387782105204123,0.34483614810683444,0.3350502446556211,0.33714723587036133,363676000,0.0,0.0
2013-06-05 00:00:00-04:00,0.336681280342002,0.3392442328237189,0.32899233957048163,0.3299243450164795,464520000,0.0,0.0
2013-06-06 00:00:00-04:00,0.32992436207179693,0.3345843062163107,0.329691353754388,0.3320213258266449,341044000,0.0,0.0
2013-06-07 00:00:00-04:00,0.3343513656469648,0.33877833014654296,0.332953398785622,0.3366813659667969,274584000,0.0,0.0
2013-06-10 00:00:00-04:00,0.3357493145824675,0.338545275700038,0.3338853312456005,0.3364483118057251,224148000,0.0,0.0
2013-06-11 00:00:00-04:00,0.33202135477751954,0.3366813271038214,0.33015739917755127,0.33015739917755127,296336000,0.0,0.0
2013-06-12 00:00:00-04:00,0.331788308401579,0.3345842690223838,0.3254973622854495,0.3273613452911377,312588000,0.0,0.0
2013-06-13 00:00:00-04:00,0.32619634300722206,0.33644823513606437,0.3259633625028676,0.3348172605037689,236256000,0.0,0.0
2013-06-14 00:00:00-04:00,0.3359823338279551,0.33644832273344205,0.3320213586926643,0.3343513309955597,236012000,0.0,0.0
2013-06-17 00:00:00-04:00,0.33691422791096526,0.3406421937793298,0.33505024497678293,0.33761322498321533,255336000,0.0,0.0
2013-06-18 00:00:00-04:00,0.3392443026068042,0.3429722696067313,0.33272037424466305,0.3355163633823395,486772000,0.0,0.0
2013-06-19 00:00:00-04:00,0.33854511291661227,0.3606798662075461,0.3373801273631655,0.3457680344581604,1159588000,0.0,0.0
2013-06-20 00:00:00-04:00,0.3429722395970296,0.3434382284873814,0.33411833957850634,0.3364483118057251,628696000,0.0,0.0
2013-06-21 00:00:00-04:00,0.33831229491854686,0.3394772810313847,0.3303903726859733,0.3359823226928711,714228000,0.0,0.0
2013-06-24 00:00:00-04:00,0.33108944836302157,0.3352834049181209,0.32409953002967806,0.32899245619773865,580772000,0.0,0.0
2013-06-25 00:00:00-04:00,0.33248744777177347,0.3331864173944721,0.32782747437582643,0.33132246136665344,457360000,0.0,0.0
2013-06-26 00:00:00-04:00,0.33505027747307503,0.33551629408340966,0.3280603616235348,0.3294583559036255,579752000,0.0,0.0
2013-06-27 00:00:00-04:00,0.33039031358544874,0.33085630239213537,0.3229344093520973,0.3264293670654297,808036000,0.0,0.0
2013-06-28 00:00:00-04:00,0.32642941314293034,0.3303903602220612,0.32223545773983814,0.32712841033935547,431536000,0.0,0.0
2013-07-01 00:00:00-04:00,0.32945847286095814,0.33015747024914666,0.3264295026957856,0.32852646708488464,199524000,0.0,0.0
2013-07-02 00:00:00-04:00,0.3266624101249498,0.3331863379940214,0.32526444343723027,0.32829341292381287,256392000,0.0,0.0
2013-07-03 00:00:00-04:00,0.32549745389129253,0.3331863685940141,0.32549745389129253,0.32922542095184326,140388000,0.0,0.0
2013-07-05 00:00:00-04:00,0.33015735644362076,0.3324873284174615,0.32806036500189,0.3317883312702179,184684000,0.0,0.0
2013-07-08 00:00:00-04:00,0.3327203520152378,0.33435132705294024,0.3282934158021226,0.33015739917755127,262084000,0.0,0.0
2013-07-09 00:00:00-04:00,0.3308563258154075,0.3338852949364918,0.329924348136054,0.3317883312702179,157364000,0.0,0.0
2013-07-10 00:00:00-04:00,0.3317883515364558,0.3371472929587147,0.3308563460247168,0.3362152874469757,208468000,0.0,0.0
2013-07-11 00:00:00-04:00,0.33807916092128726,0.34134113749002787,0.3373801639583107,0.34087514877319336,239832000,0.0,0.0
2013-07-12 00:00:00-04:00,0.3401762550201552,0.3443702102950166,0.3390112689868858,0.3411082327365875,216360000,0.0,0.0
2013-07-15 00:00:00-04:00,0.3418071536987344,0.3418071536987344,0.3350502195470941,0.34040915966033936,201332000,0.0,0.0
2013-07-16 00:00:00-04:00,0.34180727620204304,0.3441372485841262,0.3401763010896772,0.3422732651233673,162560000,0.0,0.0
2013-07-17 00:00:00-04:00,0.3422731424530488,0.3434381282265607,0.3394771821517105,0.34040915966033936,166100000,0.0,0.0
2013-07-18 00:00:00-04:00,0.33994322959595347,0.34110821557059584,0.334584288557507,0.3390112519264221,344488000,0.0,0.0
2013-07-19 00:00:00-04:00,0.33691426405757613,0.33854523888417326,0.32829337330945685,0.3317883312702179,480532000,0.0,0.0
2013-07-22 00:00:00-04:00,0.3343512976432699,0.3373802668899796,0.33015737013678037,0.3315553367137909,292384000,0.0,0.0
2013-07-23 00:00:00-04:00,0.3357492615165374,0.3357492615165374,0.3294583430524326,0.3310893177986145,246792000,0.0,0.0
2013-07-24 00:00:00-04:00,0.3341182867703555,0.33505026440375785,0.3306233289819133,0.3310893177986145,284252000,0.0,0.0
2013-07-25 00:00:00-04:00,0.3308563854412874,0.3366813442011015,0.32852641304754654,0.3322543799877167,243320000,0.0,0.0
2013-07-26 00:00:00-04:00,0.32829342989909216,0.3329533746500324,0.32829342989909216,0.3308563828468323,227360000,0.0,0.0
2013-07-29 00:00:00-04:00,0.33015739917755127,0.33435132705294024,0.32922539360210673,0.33015739917755127,179540000,0.0,0.0
2013-07-30 00:00:00-04:00,0.33132224478934225,0.3401761412357708,0.3310892365504433,0.33574917912483215,266076000,0.0,0.0
2013-07-31 00:00:00-04:00,0.33411833957850634,0.33971026181364744,0.3338853312456005,0.3364483118057251,270160000,0.0,0.0
2013-08-01 00:00:00-04:00,0.33761327463677937,0.34180722991164075,0.3336523276787551,0.3411082327365875,277648000,0.0,0.0
2013-08-02 00:00:00-04:00,0.340409298079008,0.3446032541241055,0.33807932558456083,0.3439042568206787,209628000,0.0,0.0
2013-08-05 00:00:00-04:00,0.34297217900370325,0.3467001450188128,0.3411081959961485,0.34553515911102295,185188000,0.0,0.0
2013-08-06 00:00:00-04:00,0.34576809977358464,0.34646709679278215,0.33971016264114184,0.34040915966033936,206608000,0.0,0.0
2013-08-07 00:00:00-04:00,0.33854528150581054,0.3436712427139657,0.33831230094436915,0.3401762843132019,244380000,0.0,0.0
2013-08-08 00:00:00-04:00,0.3420403005390099,0.344137264670722,0.33807932508394456,0.3425062894821167,345696000,0.0,0.0
2013-08-09 00:00:00-04:00,0.328992307384554,0.3427391572206262,0.32875932687743986,0.33761322498321533,906224000,0.0,0.0
2013-08-12 00:00:00-04:00,0.32386637131095614,0.3397101844006553,0.305459578245183,0.3348172605037689,257568000,0.0,0.0
2013-08-13 00:00:00-04:00,0.3352833254700764,0.33738028936300063,0.33318633380169227,0.3359823226928711,197468000,0.0,0.0
2013-08-14 00:00:00-04:00,0.3352832447235151,0.3522920434297961,0.3350502364468792,0.3501950800418854,828508000,0.0,0.0
2013-08-15 00:00:00-04:00,0.34646723506760524,0.3553211360349718,0.3450692404712716,0.35252517461776733,723616000,0.0,0.0
2013-08-16 00:00:00-04:00,0.3518261502233309,0.3588160671157376,0.3511271529789981,0.35392314195632935,660456000,0.0,0.0
2013-08-19 00:00:00-04:00,0.35182617165655244,0.35299115787625773,0.3480982046433105,0.3483312129974365,393432000,0.0,0.0
2013-08-20 00:00:00-04:00,0.3482141712607371,0.35242927378629973,0.3477458327391214,0.35008755326271057,234192000,0.001875,0.0
2013-08-21 00:00:00-04:00,0.3479799399497019,0.3524292250789155,0.34704326303592364,0.3484483063220978,261540000,0.0,0.0
2013-08-22 00:00:00-04:00,0.3482141746708567,0.3536001375109596,0.3482141746708567,0.3503217399120331,129016000,0.0,0.0
2013-08-23 00:00:00-04:00,0.35079007843823534,0.3536001375109596,0.34961921816497427,0.3503217399120331,245120000,0.0,0.0
2013-08-26 00:00:00-04:00,0.3505558719579056,0.3519609153587982,0.3496191949676499,0.35102421045303345,300152000,0.0,0.0
2013-08-27 00:00:00-04:00,0.34774573265698044,0.3500874525066165,0.34540401280734445,0.3465748727321625,277464000,0.0,0.0
2013-08-28 00:00:00-04:00,0.3472773942701538,0.34985326935545186,0.3451698296561798,0.3465748727321625,318824000,0.0,0.0
2013-08-29 00:00:00-04:00,0.3454041232592169,0.34915088738295996,0.34446741827052535,0.3458724617958069,276216000,0.0,0.0
2013-08-30 00:00:00-04:00,0.34610655046322425,0.3470432272804979,0.3437648305045363,0.3454040288925171,378120000,0.0,0.0
2013-09-03 00:00:00-04:00,0.3463407670392706,0.35055586929441335,0.34353070817434506,0.345638245344162,284680000,0.0,0.0
2013-09-04 00:00:00-04:00,0.3456381361749342,0.3510240969156083,0.34516979783128865,0.34891656041145325,222080000,0.0,0.0
2013-09-05 00:00:00-04:00,0.34751158690707745,0.35125835023594504,0.3472774316462142,0.3498533070087433,174904000,0.0,0.0
2013-09-06 00:00:00-04:00,0.3500875048789631,0.3519608866220264,0.34587240293594745,0.3484483063220978,226756000,0.0,0.0
2013-09-09 00:00:00-04:00,0.3512583730146098,0.35430261492729187,0.35032169607940344,0.35430261492729187,246408000,0.0,0.0
2013-09-10 00:00:00-04:00,0.3568784563355487,0.36203023441465604,0.35523923011062597,0.3617960512638092,292132000,0.0,0.0
2013-09-11 00:00:00-04:00,0.36132766660026816,0.3688211914815966,0.35875176393287417,0.36788448691368103,396164000,0.0,0.0
2013-09-12 00:00:00-04:00,0.3660111337284671,0.37233379932081845,0.3660111337284671,0.3676503598690033,303808000,0.0,0.0
2013-09-13 00:00:00-04:00,0.3688212472027762,0.3716313055000659,0.36624534414621707,0.36999210715293884,159696000,0.0,0.0
2013-09-16 00:00:00-04:00,0.37303629016786866,0.37561216490539684,0.3688211894245058,0.3702262043952942,231412000,0.0,0.0
2013-09-17 00:00:00-04:00,0.3716312909866726,0.3744413491742205,0.3699920927035614,0.37139710783958435,168608000,0.0,0.0
2013-09-18 00:00:00-04:00,0.371631330262124,0.37561224877482785,0.36975794863393846,0.37467557191848755,268168000,0.0,0.0
2013-09-19 00:00:00-04:00,0.3763148116571835,0.377017333334259,0.371397187833163,0.3730364143848419,227572000,0.0,0.0
2013-09-20 00:00:00-04:00,0.3739730218674826,0.3763147417456858,0.3690553989570548,0.36975792050361633,356036000,0.0,0.0
2013-09-23 00:00:00-04:00,0.3695238462184877,0.3725680885401453,0.3641378833287107,0.36624544858932495,271244000,0.0,0.0
2013-09-24 00:00:00-04:00,0.3664795000060495,0.3690553749552472,0.36437193550343205,0.3676503598690033,229732000,0.0,0.0
2013-09-25 00:00:00-04:00,0.36694787319357325,0.3709287915223277,0.3653086468974652,0.3681187331676483,233156000,0.0,0.0
2013-09-26 00:00:00-04:00,0.3690554561812931,0.36975797783678477,0.36484035416385024,0.3669479191303253,148816000,0.0,0.0
2013-09-27 00:00:00-04:00,0.3641378070869431,0.3671820487712091,0.36273279178955475,0.3648403286933899,151920000,0.0,0.0
2013-09-30 00:00:00-04:00,0.3610935587657048,0.36694785840006394,0.35898599414803395,0.3643719553947449,226640000,0.0,0.0
2013-10-01 00:00:00-04:00,0.3648401708386209,0.36647939651625766,0.36203011354416165,0.3641376495361328,226976000,0.0,0.0
2013-10-02 00:00:00-04:00,0.3603910616817737,0.36530865695903025,0.3603910616817737,0.36390364170074463,162036000,0.0,0.0
2013-10-03 00:00:00-04:00,0.36413775207327614,0.36741617643622415,0.3585176359017953,0.3601568341255188,436768000,0.0,0.0
2013-10-04 00:00:00-04:00,0.35968861225465004,0.36811881715762734,0.35875190731236917,0.3650745749473572,246228000,0.0,0.0
2013-10-07 00:00:00-04:00,0.3636695314916909,0.36765047864424194,0.3617961495226393,0.3650745749473572,169952000,0.0,0.0
2013-10-08 00:00:00-04:00,0.3641377446532944,0.3692895502735921,0.35922015008232905,0.3620302081108093,290712000,0.0,0.0
2013-10-09 00:00:00-04:00,0.36437204169977977,0.3646062249068237,0.35453682156759014,0.3564101755619049,275860000,0.0,0.0
2013-10-10 00:00:00-04:00,0.3589860371327998,0.3613277572669396,0.3564101338190437,0.3603910803794861,223484000,0.0,0.0
2013-10-11 00:00:00-04:00,0.3547708998932884,0.35922018445330833,0.35360003994309946,0.3573468029499054,213704000,0.0,0.0
2013-10-14 00:00:00-04:00,0.35641016049560104,0.36273282766342163,0.35641016049560104,0.36273282766342163,166628000,0.0,0.0
2013-10-15 00:00:00-04:00,0.36273280559245197,0.3648403425764842,0.3606252406929134,0.3608594238758087,208820000,0.0,0.0
2013-10-16 00:00:00-04:00,0.3629668928568687,0.36671365558818764,0.3624985544943291,0.36530861258506775,210072000,0.0,0.0
2013-10-17 00:00:00-04:00,0.3624985630554577,0.36694784739341535,0.3624985630554577,0.3660111427307129,213324000,0.0,0.0
2013-10-18 00:00:00-04:00,0.3653085822087877,0.37139706416203394,0.3639035672379993,0.3702262043952942,255068000,0.0,0.0
2013-10-21 00:00:00-04:00,0.3746754705218808,0.3749096257148451,0.3699920316766257,0.37116289138793945,195008000,0.0,0.0
2013-10-22 00:00:00-04:00,0.37116316814161876,0.37139732350917837,0.3660113592380512,0.3692897856235504,179452000,0.0,0.0
2013-10-23 00:00:00-04:00,0.3685870694989976,0.3685870694989976,0.36179606493829397,0.362966924905777,252216000,0.0,0.0
2013-10-24 00:00:00-04:00,0.36390366058069573,0.36624538071483553,0.359688558756143,0.3603910803794861,236436000,0.0,0.0
2013-10-25 00:00:00-04:00,0.36226445098268883,0.36249860623963287,0.35570762922466975,0.35687848925590515,330492000,0.0,0.0
2013-10-28 00:00:00-04:00,0.3564101143615872,0.3580493406983997,0.35125833593083133,0.35617595911026,394024000,0.0,0.0
2013-10-29 00:00:00-04:00,0.35570762575692794,0.3573468242015761,0.3524292009521267,0.35664430260658264,387952000,0.0,0.0
2013-10-30 00:00:00-04:00,0.3578152189731503,0.35945441767593034,0.35336593344787953,0.3564101755619049,204032000,0.0,0.0
2013-10-31 00:00:00-04:00,0.35687847560037117,0.35945435082122307,0.3550050940389763,0.3557076156139374,293368000,0.0,0.0
2013-11-01 00:00:00-04:00,0.3575809581906413,0.35898600129706926,0.3547708998932884,0.3573468029499054,206136000,0.0,0.0
2013-11-04 00:00:00-05:00,0.3585177835607,0.3585177835607,0.34634081364812414,0.34704333543777466,410264000,0.0,0.0
2013-11-05 00:00:00-05:00,0.34493567442051776,0.34821407104380714,0.3411889114948991,0.3465748727321625,422368000,0.0,0.0
2013-11-06 00:00:00-05:00,0.3465748407777254,0.34915074354102604,0.3430622613271336,0.34891656041145325,198044000,0.0,0.0
2013-11-07 00:00:00-05:00,0.34774572349069927,0.3486824002396626,0.3400180426074949,0.3407205641269684,553076000,0.0,0.0
2013-11-08 00:00:00-05:00,0.3512583130475794,0.3655428153216167,0.34985326996913213,0.3643719553947449,734532000,0.0,0.0
2013-11-11 00:00:00-05:00,0.36296691847509355,0.36835287981319303,0.36226442483945265,0.3674162030220032,297624000,0.0,0.0
2013-11-12 00:00:00-05:00,0.3690554099807069,0.37116297468334425,0.36390363167787737,0.3681187331676483,316032000,0.0,0.0
2013-11-13 00:00:00-05:00,0.3671820271885225,0.3781881332397461,0.3664795335388731,0.3781881332397461,332792000,0.0,0.0
2013-11-14 00:00:00-05:00,0.37701723273043775,0.3821690104617702,0.37678304959539966,0.3798272907733917,307980000,0.0,0.0
2013-11-15 00:00:00-05:00,0.3812323498660377,0.38170068824040837,0.3749096841077774,0.37865644693374634,450332000,0.0,0.0
2013-11-18 00:00:00-05:00,0.37046037879028015,0.3737387748937438,0.368586997624516,0.36952367424964905,316948000,0.0,0.0
2013-11-19 00:00:00-05:00,0.3677581062130146,0.37105425917163004,0.36304930023402243,0.36352017521858215,206716000,0.002125,0.0
2013-11-20 00:00:00-05:00,0.3637555288955718,0.36469730675072043,0.35739864765675994,0.35810497403144836,204776000,0.0,0.0
2013-11-21 00:00:00-05:00,0.35857583176862134,0.36163656053469423,0.35692775568433316,0.3609302341938019,213568000,0.0,0.0
2013-11-22 00:00:00-05:00,0.36140104741053947,0.36140104741053947,0.35669224336349964,0.3573985695838928,158668000,0.0,0.0
2013-11-25 00:00:00-05:00,0.35739865000278753,0.3656390589392961,0.35739865000278753,0.36516818404197693,248208000,0.0,0.0
2013-11-26 00:00:00-05:00,0.3691706920251077,0.37223142120027614,0.3668162892852389,0.368228942155838,753176000,0.0,0.0
2013-11-27 00:00:00-05:00,0.36799334928958466,0.3708186539454349,0.36563894745416536,0.3696414530277252,181272000,0.0,0.0
2013-11-29 00:00:00-05:00,0.3696414997588542,0.37058324938540704,0.36493266742602776,0.3672870695590973,116964000,0.0,0.0
2013-12-02 00:00:00-05:00,0.3658744192083881,0.3734084998873167,0.36516809300515113,0.3708186745643616,373872000,0.0,0.0
2013-12-03 00:00:00-05:00,0.3708187174703718,0.3757629453317376,0.3682288637810693,0.37058326601982117,290560000,0.0,0.0
2013-12-04 00:00:00-05:00,0.36964159851861783,0.3764693553020647,0.3686998205737561,0.37576302886009216,493176000,0.0,0.0
2013-12-05 00:00:00-05:00,0.3764692071237678,0.3764692071237678,0.36917055020729433,0.3696414530277252,271812000,0.0,0.0
2013-12-06 00:00:00-05:00,0.37411482383315336,0.37411482383315336,0.3632845636266968,0.3642263412475586,281000000,0.0,0.0
2013-12-09 00:00:00-05:00,0.36422643185649217,0.3654036331254089,0.35739864765675994,0.35810497403144836,385220000,0.0,0.0
2013-12-10 00:00:00-05:00,0.35810490879049867,0.3679933920345382,0.35763403398205623,0.3663453161716461,524268000,0.0,0.0
2013-12-11 00:00:00-05:00,0.3670517611559642,0.36752263611673097,0.36210750390117324,0.3628138303756714,414156000,0.0,0.0
2013-12-12 00:00:00-05:00,0.3616365366320875,0.3635200640610771,0.35504420466396847,0.35575053095817566,258724000,0.0,0.0
2013-12-13 00:00:00-05:00,0.35645683120211813,0.35904665666935864,0.35316065142560266,0.35363152623176575,184588000,0.0,0.0
2013-12-16 00:00:00-05:00,0.3538670391195152,0.3571631914017422,0.35363158764220254,0.3541024625301361,237620000,0.0,0.0
2013-12-17 00:00:00-05:00,0.3538670035291861,0.35669228063932595,0.3508062749654141,0.35575053095817566,274104000,0.0,0.0
2013-12-18 00:00:00-05:00,0.35645686432862217,0.3614010923528456,0.351983483087632,0.3606947660446167,426232000,0.0,0.0
2013-12-19 00:00:00-05:00,0.3602239280712387,0.36257833062856504,0.3578695255139124,0.36210745573043823,258544000,0.0,0.0
2013-12-20 00:00:00-05:00,0.3628137422361807,0.3696415257420397,0.36187196447674014,0.3694060742855072,382080000,0.0,0.0
2013-12-23 00:00:00-05:00,0.37152495980262756,0.3745856878659379,0.36846425980600167,0.37152495980262756,168568000,0.0,0.0
2013-12-24 00:00:00-05:00,0.37364403364192744,0.37364403364192744,0.3686997771965024,0.3724668323993683,79600000,0.0,0.0
2013-12-26 00:00:00-05:00,0.37387942341897584,0.37505662446727156,0.36799339011081056,0.36893516778945923,168920000,0.0,0.0
2013-12-27 00:00:00-05:00,0.3708186597616777,0.37176040928394316,0.36869968123655417,0.371054083108902,210976000,0.0,0.0
2013-12-30 00:00:00-05:00,0.3712896029893022,0.3762338590596363,0.37081872814133926,0.3759984076023102,248180000,0.0,0.0
2013-12-31 00:00:00-05:00,0.3767046649701871,0.3790590668458327,0.3743502630945415,0.37717553973197937,235776000,0.0,0.0
2014-01-02 00:00:00-05:00,0.37482120860319385,0.3762338612218907,0.3701124039631239,0.37340855598449707,260092000,0.0,0.0
2014-01-03 00:00:00-05:00,0.3741148467886229,0.37482117303093765,0.36775796674116357,0.36893516778945923,259332000,0.0,0.0
2014-01-06 00:00:00-05:00,0.3727022629510541,0.37670476970582023,0.3691706591556901,0.37387949228286743,409492000,0.0,0.0
2014-01-07 00:00:00-05:00,0.3776464573561108,0.3814135120113728,0.37505663183896965,0.38000085949897766,333288000,0.0,0.0
2014-01-08 00:00:00-05:00,0.38141350811779706,0.38706409004300735,0.38000085561982266,0.3851805627346039,308192000,0.0,0.0
2014-01-09 00:00:00-05:00,0.3792945048031493,0.38000083100638626,0.3696414735811951,0.3708186745643616,292172000,0.0,0.0
2014-01-10 00:00:00-05:00,0.3719958419469072,0.3745856670359357,0.36705158703752483,0.3703477382659912,218492000,0.0,0.0
2014-01-13 00:00:00-05:00,0.3703478323220126,0.37270223467362357,0.36093022291556903,0.36163654923439026,243332000,0.0,0.0
2014-01-14 00:00:00-05:00,0.3635201862561302,0.37364412503169553,0.3618720816600836,0.37293779850006104,241828000,0.0,0.0
2014-01-15 00:00:00-05:00,0.3745857586601998,0.37835281361417417,0.3729376826428446,0.37694016098976135,175044000,0.0,0.0
2014-01-16 00:00:00-05:00,0.37694012187911646,0.3788236491606722,0.3752920460327627,0.37811732292175293,220652000,0.0,0.0
2014-01-17 00:00:00-05:00,0.3781172705069653,0.382590650688894,0.3741147931301639,0.3764691948890686,340400000,0.0,0.0
2014-01-21 00:00:00-05:00,0.3769401366661462,0.3802363165548466,0.3738794362885721,0.3778819143772125,246076000,0.0,0.0
2014-01-22 00:00:00-05:00,0.3785882686617466,0.37905914351878356,0.37293768617723355,0.3774110674858093,337940000,0.0,0.0
2014-01-23 00:00:00-05:00,0.3762338590596363,0.38023633736735524,0.3731731304478433,0.3759984076023102,185028000,0.0,0.0
2014-01-24 00:00:00-05:00,0.37293764768990145,0.37435030018191584,0.3663453161716461,0.3663453161716461,246696000,0.0,0.0
2014-01-27 00:00:00-05:00,0.36634524494721016,0.3715249229664239,0.3618718649699989,0.363990843296051,233812000,0.0,0.0
2014-01-28 00:00:00-05:00,0.36328466698008394,0.3677580488017992,0.36187201418023845,0.36752259731292725,167996000,0.0,0.0
2014-01-29 00:00:00-05:00,0.3661097935554216,0.36822877188147374,0.3637553919042625,0.363990843296051,162944000,0.0,0.0
2014-01-30 00:00:00-05:00,0.3661098830869737,0.3708187156075105,0.3649326819735116,0.3701123893260956,202896000,0.0,0.0
2014-01-31 00:00:00-05:00,0.36493262129020276,0.37176040345292916,0.3646971979466711,0.3696414530277252,335348000,0.0,0.0
2014-02-03 00:00:00-05:00,0.372231389868324,0.37270226476332374,0.3632846545965599,0.36469730734825134,431728000,0.0,0.0
2014-02-04 00:00:00-05:00,0.3644618203554086,0.36752254897471764,0.36257829289224225,0.3668162226676941,280692000,0.0,0.0
2014-02-05 00:00:00-05:00,0.36422650172877047,0.3654037032235185,0.36069486917782884,0.36352017521858215,214676000,0.0,0.0
2014-02-06 00:00:00-05:00,0.36399101161073516,0.3691706920251077,0.36352013667610034,0.368228942155838,168380000,0.0,0.0
2014-02-07 00:00:00-05:00,0.36917064268577815,0.3741148990053851,0.3658744905171674,0.37364402413368225,157248000,0.0,0.0
2014-02-10 00:00:00-05:00,0.37317296179767095,0.37976529088991134,0.37293751044675366,0.3748210370540619,324372000,0.0,0.0
2014-02-11 00:00:00-05:00,0.376940041076442,0.3835323711153802,0.3750565422653289,0.3825906217098236,235384000,0.0,0.0
2014-02-12 00:00:00-05:00,0.3837679173690594,0.3990715594925801,0.3837679173690594,0.3962462544441223,744528000,0.0,0.0
2014-02-13 00:00:00-05:00,0.4061347211793445,0.4110789764020537,0.3990715154707226,0.4087245464324951,902836000,0.0,0.0
2014-02-14 00:00:00-05:00,0.4049575676300867,0.422615583968595,0.4047221161855648,0.42167383432388306,817536000,0.0,0.0
2014-02-18 00:00:00-05:00,0.42190935855194434,0.423321983262704,0.41790685170472675,0.42143845558166504,428988000,0.0,0.0
2014-02-19 00:00:00-05:00,0.4214383936930484,0.4308560307152545,0.4195548662886072,0.42708897590637207,450340000,0.0,0.0
2014-02-20 00:00:00-05:00,0.42803073723250945,0.4430989288117273,0.4273244389949607,0.44215717911720276,398088000,0.0,0.0
2014-02-21 00:00:00-05:00,0.4414507463851093,0.4471013273900452,0.43603561678038505,0.4388608932495117,451052000,0.0,0.0
2014-02-24 00:00:00-05:00,0.43791916112633283,0.44851396935518956,0.4339166836309904,0.4452178180217743,403112000,0.0,0.0
2014-02-25 00:00:00-05:00,0.4446265331432494,0.4465185647829618,0.43847743736253697,0.4432075023651123,242184000,0.002125,0.0
2014-02-26 00:00:00-05:00,0.4422617520349956,0.4488838524414567,0.44107923511217856,0.44249826669692993,360884000,0.0,0.0
2014-02-27 00:00:00-05:00,0.4424980813273863,0.44699163247429957,0.4363489846273218,0.4375315010547638,388848000,0.0,0.0
2014-02-28 00:00:00-05:00,0.4351664267810574,0.43942349115334733,0.42830781523864225,0.43469342589378357,321692000,0.0,0.0
2014-03-03 00:00:00-05:00,0.42499678556337767,0.4325648844242096,0.42121272203625515,0.4325648844242096,375948000,0.0,0.0
2014-03-04 00:00:00-05:00,0.43469344585543923,0.43989651224120796,0.4339839303952403,0.4370584785938263,260344000,0.0,0.0
2014-03-05 00:00:00-05:00,0.43658529717552713,0.44107887472679164,0.4346932941996309,0.4408423602581024,241472000,0.0,0.0
2014-03-06 00:00:00-05:00,0.44155200924278587,0.44391704187256775,0.43398391046616647,0.43469342589378357,290144000,0.0,0.0
2014-03-07 00:00:00-05:00,0.43658543609868317,0.43729495153711695,0.4309093689780394,0.43422040343284607,268452000,0.0,0.0
2014-03-10 00:00:00-04:00,0.43280153930365073,0.43469357168070594,0.42594292546100326,0.42783495783805847,300888000,0.0,0.0
2014-03-11 00:00:00-04:00,0.42996331576298474,0.4358759253015084,0.42854431315620495,0.4320918619632721,297220000,0.0,0.0
2014-03-12 00:00:00-04:00,0.429963444065243,0.4358760553681059,0.4283079264332831,0.433274507522583,239428000,0.0,0.0
2014-03-13 00:00:00-04:00,0.4342204109258014,0.4358759563751863,0.41742866743123236,0.41955721378326416,385172000,0.0,0.0
2014-03-14 00:00:00-04:00,0.41530023424760937,0.42523336800927825,0.41530023424760937,0.42144930362701416,460048000,0.0,0.0
2014-03-17 00:00:00-04:00,0.42263182022229423,0.4257063690087064,0.420976302627586,0.42144930362701416,299656000,0.0,0.0
2014-03-18 00:00:00-04:00,0.42310480243106796,0.4342204515536692,0.4212127704500384,0.431382417678833,293904000,0.0,0.0
2014-03-19 00:00:00-04:00,0.43469344268727017,0.4472281217480482,0.43351089813328125,0.43895047903060913,366168000,0.0,0.0
2014-03-20 00:00:00-04:00,0.4365854430101076,0.44297105386368674,0.43469343940221694,0.4391869902610779,191800000,0.0,0.0
2014-03-21 00:00:00-04:00,0.4429710655427432,0.446518614691191,0.4361124536063622,0.438477486371994,566116000,0.0,0.0
2014-03-24 00:00:00-04:00,0.43871412736125526,0.4422616775320901,0.42996348105179105,0.436349093914032,306096000,0.0,0.0
2014-03-25 00:00:00-04:00,0.44107916080847853,0.4415521618592386,0.4330380301718658,0.436349093914032,304424000,0.0,0.0
2014-03-26 00:00:00-04:00,0.4403695418319539,0.44864715695543883,0.422631766945356,0.4264158308506012,557756000,0.0,0.0
2014-03-27 00:00:00-04:00,0.42546980565896775,0.42901735480322944,0.41600964641418886,0.4207397401332855,540728000,0.0,0.0
2014-03-28 00:00:00-04:00,0.4200301804150397,0.42594276169924455,0.4188476641581987,0.42334121465682983,398820000,0.0,0.0
2014-03-31 00:00:00-04:00,0.4240508759256798,0.4278349405266766,0.4212128415716428,0.4235778748989105,273404000,0.0,0.0
2014-04-01 00:00:00-04:00,0.43705850008820113,0.44628211694415915,0.431855405253132,0.4410790503025055,656272000,0.0,0.0
2014-04-02 00:00:00-04:00,0.44107903865586484,0.4420250404953989,0.4363489730713646,0.43824100494384766,239948000,0.0,0.0
2014-04-03 00:00:00-04:00,0.43918704625884386,0.45361375886565203,0.4389505316809943,0.4429711103439331,599548000,0.0,0.0
2014-04-04 00:00:00-04:00,0.44533598121645956,0.4479375278519973,0.42736172564625174,0.4292537569999695,368032000,0.0,0.0
2014-04-07 00:00:00-04:00,0.42949033785286944,0.4389504685107487,0.42712530518839964,0.43067285418510437,428576000,0.0,0.0
2014-04-08 00:00:00-04:00,0.4306728663806321,0.4472281236941356,0.4299633509225169,0.4460456073284149,470692000,0.0,0.0
2014-04-09 00:00:00-04:00,0.4481741321881977,0.45195819589226094,0.44202503571744856,0.4455725848674774,421968000,0.0,0.0
2014-04-10 00:00:00-04:00,0.4436805555256373,0.44982962344702243,0.4332743950385493,0.43469342589378357,372748000,0.0,0.0
2014-04-11 00:00:00-04:00,0.43138237611927155,0.4380044733181912,0.42286824712160154,0.4285443425178528,353112000,0.0,0.0
2014-04-14 00:00:00-04:00,0.4313824752888773,0.434930025154543,0.4285444410350288,0.433274507522583,290184000,0.0,0.0
2014-04-15 00:00:00-04:00,0.43374754584471736,0.43871412736125526,0.42949048000103096,0.436349093914032,304636000,0.0,0.0
2014-04-16 00:00:00-04:00,0.4384775660265737,0.43895056702694335,0.43185546744113995,0.4372950494289398,235136000,0.0,0.0
2014-04-17 00:00:00-04:00,0.4356394444983646,0.44297105721129537,0.43469344268727017,0.43895047903060913,153532000,0.0,0.0
2014-04-21 00:00:00-04:00,0.4391872023969857,0.44368078361974705,0.43634916742091023,0.44249826669692993,117004000,0.0,0.0
2014-04-22 00:00:00-04:00,0.44320757019796825,0.4491201805495229,0.4408425373347127,0.44628211855888367,255120000,0.0,0.0
2014-04-23 00:00:00-04:00,0.4469916962408589,0.45266779281836544,0.44628218064449315,0.451485276222229,261580000,0.0,0.0
2014-04-24 00:00:00-04:00,0.45455984588791887,0.4602359145326967,0.45455984588791887,0.4555058479309082,391492000,0.0,0.0
2014-04-25 00:00:00-04:00,0.454559788983633,0.45881685403100403,0.4420250802259521,0.4429711103439331,313600000,0.0,0.0
2014-04-28 00:00:00-04:00,0.4465186315069952,0.4488836643616937,0.4356394690980158,0.4410790503025055,226788000,0.0,0.0
2014-04-29 00:00:00-04:00,0.44273470033906515,0.4436807306804964,0.4370586310641733,0.44202518463134766,171300000,0.0,0.0
2014-04-30 00:00:00-04:00,0.44131554651650184,0.4417885474290922,0.43587596553817687,0.43682196736335754,305740000,0.0,0.0
2014-05-01 00:00:00-04:00,0.4434440547656594,0.44439005656960473,0.43563944120616227,0.4391869902610779,198104000,0.0,0.0
2014-05-02 00:00:00-04:00,0.4413155028819757,0.4413155028819757,0.4332743753893388,0.43587592244148254,156376000,0.0,0.0
2014-05-05 00:00:00-04:00,0.4354029627111182,0.44391709242527627,0.43492996176997967,0.4406060576438904,239260000,0.0,0.0
2014-05-06 00:00:00-04:00,0.44486312448061416,0.4486471602199775,0.43043641245448516,0.43161892890930176,416188000,0.0,0.0
2014-05-07 00:00:00-04:00,0.4316188610943455,0.43563941077033924,0.42736179688718257,0.4320918619632721,293900000,0.0,0.0
2014-05-08 00:00:00-04:00,0.43043640249011195,0.444390085056561,0.4283078560046671,0.4375315010547638,432728000,0.0,0.0
2014-05-09 00:00:00-04:00,0.42428736353547175,0.4283079142972875,0.41884778159022956,0.4268888831138611,539532000,0.0,0.0
2014-05-12 00:00:00-04:00,0.4278347954005621,0.440369473421869,0.42759828087069507,0.43942347168922424,299856000,0.0,0.0
2014-05-13 00:00:00-04:00,0.43351091941468894,0.44060604611985865,0.43090940020976154,0.43232840299606323,221104000,0.0,0.0
2014-05-14 00:00:00-04:00,0.4325650497485878,0.43422056760190525,0.4278349826285812,0.4280714690685272,214320000,0.0,0.0
2014-05-15 00:00:00-04:00,0.42712538791472715,0.4294904210372604,0.4214492915045962,0.4257063567638397,325896000,0.0,0.0
2014-05-16 00:00:00-04:00,0.4223953382313458,0.4278349202651363,0.4223953382313458,0.4247603714466095,283960000,0.0,0.0
2014-05-19 00:00:00-04:00,0.42925386986339564,0.44084251913762584,0.4273618380122073,0.438477486371994,360076000,0.0,0.0
2014-05-20 00:00:00-04:00,0.4385963703202648,0.4397843333821963,0.4312310163302533,0.43336933851242065,256200000,0.002125,0.0
2014-05-21 00:00:00-04:00,0.43503248113447013,0.43883397426196047,0.43075580844686184,0.43336933851242065,216712000,0.0,0.0
2014-05-22 00:00:00-04:00,0.4324189654376895,0.4376459970768532,0.4324189654376895,0.4352700710296631,130364000,0.0,0.0
2014-05-23 00:00:00-04:00,0.4376460667520316,0.44144756036205934,0.43503253635472794,0.4393092095851898,182656000,0.0,0.0
2014-05-27 00:00:00-04:00,0.4419225740502498,0.4471496045589447,0.4404970074009392,0.4471496045589447,209680000,0.0,0.0
2014-05-28 00:00:00-04:00,0.448812777732467,0.4538022043878875,0.44453610608263044,0.45095109939575195,224676000,0.0,0.0
2014-05-29 00:00:00-04:00,0.45071349669726685,0.45451498891229136,0.4492879583590827,0.45023831725120544,171884000,0.0,0.0
2014-05-30 00:00:00-04:00,0.45023830487975686,0.4526142303680459,0.44786237939146784,0.45142626762390137,239128000,0.0,0.0
2014-06-02 00:00:00-04:00,0.4528518980648645,0.45570300338795344,0.4461993000954769,0.4500007927417755,181500000,0.0,0.0
2014-06-03 00:00:00-04:00,0.4509511656354643,0.45142634515007435,0.4421602171604595,0.4481000602245331,243212000,0.0,0.0
2014-06-04 00:00:00-04:00,0.4469121751072386,0.45190160336447177,0.44667457114691883,0.44857531785964966,161236000,0.0,0.0
2014-06-05 00:00:00-04:00,0.4492880575355503,0.4519015592274292,0.4466745275203983,0.4504760205745697,188696000,0.0,0.0
2014-06-06 00:00:00-04:00,0.45261431870115665,0.4561782076291258,0.4509511761994253,0.45213913917541504,161052000,0.0,0.0
2014-06-09 00:00:00-04:00,0.4516639483758029,0.4568909796750328,0.44857523905067187,0.45261430740356445,247456000,0.0,0.0
2014-06-10 00:00:00-04:00,0.45095111048154346,0.45712852838575285,0.4490503643323046,0.4549901783466339,217608000,0.0,0.0
2014-06-11 00:00:00-04:00,0.45332721090214806,0.4621181616919907,0.45332721090214806,0.460930198431015,266228000,0.0,0.0
2014-06-12 00:00:00-04:00,0.4609300429950376,0.4659194700146214,0.4568909466111718,0.4637811481952667,337148000,0.0,0.0
2014-06-13 00:00:00-04:00,0.46853301835860595,0.46877062226948135,0.45974207018199575,0.4642563462257385,227852000,0.0,0.0
2014-06-16 00:00:00-04:00,0.4621179375773823,0.4659194011749312,0.45879162506585436,0.46283069252967834,198620000,0.0,0.0
2014-06-17 00:00:00-04:00,0.46330593392168623,0.4678201811227586,0.46093000837938153,0.4659194350242615,157608000,0.0,0.0
2014-06-18 00:00:00-04:00,0.4647315132082746,0.46758264676891403,0.4604548411905846,0.46544429659843445,215536000,0.0,0.0
2014-06-19 00:00:00-04:00,0.45689097579313487,0.4592669016656228,0.4514263406217586,0.454752653837204,474592000,0.0,0.0
2014-06-20 00:00:00-04:00,0.45594062736903435,0.4576037698537715,0.4461993197361479,0.4497632086277008,353148000,0.0,0.0
2014-06-23 00:00:00-04:00,0.4438234553669395,0.444773814540527,0.43859639494238284,0.4445362389087677,414200000,0.0,0.0
2014-06-24 00:00:00-04:00,0.44382339046992075,0.4473872793346654,0.4357452253825369,0.43764597177505493,275780000,0.0,0.0
2014-06-25 00:00:00-04:00,0.4388339931713026,0.44239788251066514,0.43479492425134675,0.4421602785587311,215420000,0.0,0.0
2014-06-26 00:00:00-04:00,0.4421601014632421,0.4423977053200102,0.43479475010585367,0.43622028827667236,256908000,0.0,0.0
2014-06-27 00:00:00-04:00,0.43574512896187145,0.4393090170380073,0.433131599710066,0.43669551610946655,302820000,0.0,0.0
2014-06-30 00:00:00-04:00,0.43503246480877544,0.44168506337059116,0.43503246480877544,0.44049710035324097,180512000,0.0,0.0
2014-07-01 00:00:00-04:00,0.4400218218404272,0.4480999855354166,0.43859625521093903,0.445486456155777,321180000,0.0,0.0
2014-07-02 00:00:00-04:00,0.44382327795028687,0.44572402386092114,0.4412097487827568,0.44382327795028687,179284000,0.0,0.0
2014-07-03 00:00:00-04:00,0.43978431071178065,0.4490504391111517,0.43978431071178065,0.4478624761104584,136892000,0.0,0.0
2014-07-07 00:00:00-04:00,0.4485750871998514,0.448812691037994,0.4435856331849474,0.4442984163761139,127496000,0.0,0.0
2014-07-08 00:00:00-04:00,0.44311055046921355,0.44501129661910116,0.4364579531062407,0.4407346248626709,221940000,0.0,0.0
2014-07-09 00:00:00-04:00,0.4445361681758748,0.4559406180606681,0.44120985495103854,0.45403987169265747,387668000,0.0,0.0
2014-07-10 00:00:00-04:00,0.44548652259357774,0.45356468749330725,0.44192263381162156,0.45166394114494324,266308000,0.0,0.0
2014-07-11 00:00:00-04:00,0.4521391278896837,0.4540398742684775,0.45047598542946565,0.45261430740356445,191188000,0.0,0.0
2014-07-14 00:00:00-04:00,0.45451501254262683,0.459504467793841,0.45285187023331147,0.45831650495529175,272636000,0.0,0.0
2014-07-15 00:00:00-04:00,0.45902936384550086,0.4614052899135018,0.45594065429244496,0.46021732687950134,395440000,0.0,0.0
2014-07-16 00:00:00-04:00,0.46211799342214194,0.4656818819073593,0.4571285382135304,0.4597420394420624,319728000,0.0,0.0
2014-07-17 00:00:00-04:00,0.45451502100772706,0.4633059688353329,0.45451502100772706,0.45855408906936646,324832000,0.0,0.0
2014-07-18 00:00:00-04:00,0.4490503796903485,0.45261426822083517,0.4374083268301309,0.43812111020088196,567816000,0.0,0.0
2014-07-21 00:00:00-04:00,0.4364579531062407,0.44382333381582983,0.4364579531062407,0.4407346248626709,243364000,0.0,0.0
2014-07-22 00:00:00-04:00,0.4440608930202464,0.44643681853924355,0.43788350366481377,0.4388338625431061,298816000,0.0,0.0
2014-07-23 00:00:00-04:00,0.4390715459948553,0.4393091215958497,0.42909263434803063,0.429567813873291,297352000,0.0,0.0
2014-07-24 00:00:00-04:00,0.4319436487602929,0.4331316114846326,0.427191797862934,0.43028050661087036,254576000,0.0,0.0
2014-07-25 00:00:00-04:00,0.4288549358522619,0.4298053230164738,0.42196476344723566,0.42267754673957825,266132000,0.0,0.0
2014-07-28 00:00:00-04:00,0.4245782866615403,0.4245782866615403,0.413886621686151,0.4210143983364105,330352000,0.0,0.0
2014-07-29 00:00:00-04:00,0.42125208901266753,0.42814229152148936,0.4210144850793979,0.4224400520324707,217972000,0.0,0.0
2014-07-30 00:00:00-04:00,0.4250535658984105,0.4307557768480776,0.42386560292362385,0.429567813873291,246184000,0.0,0.0
2014-07-31 00:00:00-04:00,0.4243408035937851,0.42766708875962783,0.4150746749347556,0.4157874584197998,401880000,0.0,0.0
2014-08-01 00:00:00-04:00,0.41578739990867586,0.4226776015301254,0.4143618331391983,0.4203016757965088,219884000,0.0,0.0
2014-08-04 00:00:00-04:00,0.41982654871597,0.4233904380016643,0.4172130469004255,0.41935136914253235,241724000,0.0,0.0
2014-08-05 00:00:00-04:00,0.41816323777506703,0.4257662211836662,0.4145993499235098,0.4195888042449951,298136000,0.0,0.0
2014-08-06 00:00:00-04:00,0.416737712029352,0.42434069618092585,0.41364903158144906,0.4191136658191681,223456000,0.0,0.0
2014-08-07 00:00:00-04:00,0.4226775929835864,0.4264790570865461,0.41198589907522865,0.4148370325565338,407696000,0.0,0.0
2014-08-08 00:00:00-04:00,0.4328940431505939,0.4538021931121904,0.4328940431505939,0.45142626762390137,894348000,0.0,0.0
2014-08-11 00:00:00-04:00,0.45190153193998633,0.4538022783522981,0.4478624635158684,0.4490504264831543,344624000,0.0,0.0
2014-08-12 00:00:00-04:00,0.4488128508836599,0.4514263524177262,0.44406097069124484,0.4490504264831543,296152000,0.0,0.0
2014-08-13 00:00:00-04:00,0.4497631947965792,0.4554654338416713,0.44691208943566835,0.45166394114494324,256596000,0.0,0.0
2014-08-14 00:00:00-04:00,0.4533270941481892,0.4533270941481892,0.4447737495427587,0.44667449593544006,255992000,0.0,0.0
2014-08-15 00:00:00-04:00,0.44810002157797835,0.4549901947537557,0.44382334966878934,0.45237669348716736,369796000,0.0,0.0
2014-08-18 00:00:00-04:00,0.45427741710628466,0.4590292968722512,0.4497631695650293,0.45855408906936646,284076000,0.0,0.0
2014-08-19 00:00:00-04:00,0.4586734102173929,0.4646394997170048,0.45700288239865455,0.46225306391716003,248260000,0.002125,0.0
2014-08-20 00:00:00-04:00,0.46058260664393136,0.4627304162618979,0.45819617047856614,0.4593893885612488,221468000,0.0,0.0
2014-08-21 00:00:00-04:00,0.4581961737484029,0.46058260993079847,0.4543778929257079,0.4550938010215759,272796000,0.0,0.0
2014-08-22 00:00:00-04:00,0.4546163429389022,0.45915058699386124,0.4517526263217741,0.45533227920532227,251224000,0.0,0.0
2014-08-25 00:00:00-04:00,0.4572414977973714,0.46034386975846303,0.455093688694205,0.45604828000068665,153380000,0.0,0.0
2014-08-26 00:00:00-04:00,0.45724160813631787,0.465116853184558,0.45557110850755494,0.46416229009628296,269636000,0.0,0.0
2014-08-27 00:00:00-04:00,0.4612985405197962,0.4648781947471757,0.45819616783302136,0.45891210436820984,182972000,0.0,0.0
2014-08-28 00:00:00-04:00,0.4579574764824251,0.4636849110563302,0.4565256036146693,0.462730348110199,179704000,0.0,0.0
2014-08-29 00:00:00-04:00,0.4644009166440701,0.465116853184558,0.4593893893092183,0.46416229009628296,207932000,0.0,0.0
2014-09-02 00:00:00-04:00,0.46535542607307434,0.46535542607307434,0.4610598360366291,0.46535542607307434,192636000,0.0,0.0
2014-09-03 00:00:00-04:00,0.4677418593346368,0.4713215129378846,0.4646394871887771,0.4696510136127472,259456000,0.0,0.0
2014-09-04 00:00:00-04:00,0.4689351580532459,0.4808673672365732,0.46869650305912547,0.4780036211013794,491832000,0.0,0.0
2014-09-05 00:00:00-04:00,0.47752627191862496,0.47967408134373185,0.47346933649150375,0.4765717089176178,253792000,0.0,0.0
2014-09-08 00:00:00-04:00,0.4760943702156906,0.4770489331020097,0.4703669075521049,0.47227606177330017,319288000,0.0,0.0
2014-09-09 00:00:00-04:00,0.47012842326584814,0.4732307962576701,0.4658328320809074,0.4663101136684418,198588000,0.0,0.0
2014-09-10 00:00:00-04:00,0.4689349759839483,0.4696509122397764,0.46368479574024335,0.46798038482666016,172376000,0.0,0.0
2014-09-11 00:00:00-04:00,0.46463950517940167,0.46631000456921995,0.45819610568522384,0.4632076323032379,250720000,0.0,0.0
2014-09-12 00:00:00-04:00,0.46607145673034894,0.46607145673034894,0.4558097746220887,0.45628705620765686,262536000,0.0,0.0
2014-09-15 00:00:00-04:00,0.4577188012632747,0.45843473766546566,0.44817305843021527,0.4500822126865387,294152000,0.0,0.0
2014-09-16 00:00:00-04:00,0.44888903653739914,0.4591507167260328,0.44745716359998594,0.456764280796051,219936000,0.0,0.0
2014-09-17 00:00:00-04:00,0.45557097437360805,0.461298408114054,0.45342316538452476,0.45700281858444214,173584000,0.0,0.0
2014-09-18 00:00:00-04:00,0.459866579151266,0.4644007953087496,0.45843470644439976,0.46392351388931274,219604000,0.0,0.0
2014-09-19 00:00:00-04:00,0.465355330038099,0.4658326113995283,0.4546163429389022,0.45533227920532227,601316000,0.0,0.0
2014-09-22 00:00:00-04:00,0.46463942538718395,0.46463942538718395,0.45032078443015433,0.4507980942726135,221464000,0.0,0.0
2014-09-23 00:00:00-04:00,0.44841173695155373,0.4539005454070238,0.4467412374516875,0.4488890469074249,196144000,0.0,0.0
2014-09-24 00:00:00-04:00,0.4486504368931988,0.4529460277866165,0.44817315533805546,0.4515141546726227,159592000,0.0,0.0
2014-09-25 00:00:00-04:00,0.45103675082046996,0.45222996860907344,0.4407750721487685,0.4417296350002289,298440000,0.0,0.0
2014-09-26 00:00:00-04:00,0.4431615742906938,0.4460252917237733,0.44125241985245395,0.4426842927932739,241188000,0.0,0.0
2014-09-29 00:00:00-04:00,0.4391047230277179,0.4450708140100444,0.43480913183072967,0.4419684410095215,208540000,0.0,0.0
2014-09-30 00:00:00-04:00,0.4400593062054805,0.4434003343765674,0.43504777817313367,0.4402979612350464,277204000,0.0,0.0
2014-10-01 00:00:00-04:00,0.44101387162712424,0.4441162161354343,0.4348091257133733,0.43600234389305115,350976000,0.0,0.0
2014-10-02 00:00:00-04:00,0.4352861563918883,0.4374339364978786,0.4240698892092418,0.4340929388999939,288996000,0.0,0.0
2014-10-03 00:00:00-04:00,0.436718214056284,0.44268430404710185,0.4350476861000061,0.4350476861000061,239140000,0.0,0.0
2014-10-06 00:00:00-04:00,0.43671816836852145,0.4402978219885227,0.42955883267996087,0.43242257833480835,199032000,0.0,0.0
2014-10-07 00:00:00-04:00,0.4305134844712945,0.43480907510790334,0.4274111118754902,0.4278883934020996,301896000,0.0,0.0
2014-10-08 00:00:00-04:00,0.4274110427512836,0.43791137688130616,0.4240700157082302,0.43576356768608093,260172000,0.0,0.0
2014-10-09 00:00:00-04:00,0.43385451115109835,0.43433182115657376,0.4238314846617008,0.42741113901138306,306956000,0.0,0.0
2014-10-10 00:00:00-04:00,0.4240700410292381,0.4255019139115514,0.4018761820447383,0.4021148085594177,691376000,0.0,0.0
2014-10-13 00:00:00-04:00,0.4047398610288982,0.412853759179294,0.40020564474526266,0.4006829261779785,397628000,0.0,0.0
2014-10-14 00:00:00-04:00,0.4061717636110514,0.4212063147615853,0.4037853278236193,0.4099900722503662,376620000,0.0,0.0
2014-10-15 00:00:00-04:00,0.404023904561547,0.41834254597078563,0.4013988425878881,0.41619473695755005,404428000,0.0,0.0
2014-10-16 00:00:00-04:00,0.40879689379538586,0.42120635539752554,0.4078423023191835,0.4164334833621979,351116000,0.0,0.0
2014-10-17 00:00:00-04:00,0.4214449754053963,0.42621784704465054,0.4140470129851287,0.4157175123691559,290716000,0.0,0.0
2014-10-20 00:00:00-04:00,0.4157176232432452,0.4231155876365891,0.4128539051856357,0.4192972779273987,200336000,0.0,0.0
2014-10-21 00:00:00-04:00,0.4223995832586899,0.4376727911971179,0.4212063652220266,0.4371955096721649,351092000,0.0,0.0
2014-10-22 00:00:00-04:00,0.43647956922322173,0.43791144223372647,0.42693382501602173,0.42693382501602173,239512000,0.0,0.0
2014-10-23 00:00:00-04:00,0.43433172810655135,0.43958188100492773,0.43122935597842416,0.43647950887680054,214476000,0.0,0.0
2014-10-24 00:00:00-04:00,0.43910468816862513,0.44363890557581015,0.4364795969653726,0.4410138428211212,210156000,0.0,0.0
2014-10-27 00:00:00-04:00,0.44077515869471295,0.4429229397564924,0.43600228660314827,0.4412524402141571,145092000,0.0,0.0
2014-10-28 00:00:00-04:00,0.44005922801963504,0.4522300633937465,0.43958194649386956,0.45175278186798096,192580000,0.0,0.0
2014-10-29 00:00:00-04:00,0.44984360992204536,0.4524687008850931,0.4448320829738856,0.4488890469074249,168340000,0.0,0.0
2014-10-30 00:00:00-04:00,0.44769583993642187,0.4496049660126624,0.440297876821024,0.4460253119468689,170260000,0.0,0.0
2014-10-31 00:00:00-04:00,0.4562870580873915,0.46654876868649187,0.453900621701154,0.4663101136684418,256316000,0.0,0.0
2014-11-03 00:00:00-05:00,0.4770489755122027,0.47871950338460856,0.4717988222735891,0.4741852581501007,308732000,0.0,0.0
2014-11-04 00:00:00-05:00,0.477287669483867,0.4820605416269358,0.4694124247580912,0.4803900420665741,360196000,0.0,0.0
2014-11-05 00:00:00-05:00,0.48325378811126496,0.4834924146492812,0.47681038795927255,0.4803900420665741,335652000,0.0,0.0
2014-11-06 00:00:00-05:00,0.48134458939106267,0.48325377232419486,0.47394662643156005,0.4825378358364105,394088000,0.0,0.0
2014-11-07 00:00:00-05:00,0.48802657698602164,0.4937540112010502,0.4675031904445906,0.47227606177330017,450800000,0.0,0.0
2014-11-10 00:00:00-05:00,0.47179881623786224,0.4808673065908647,0.47060559831487125,0.47776493430137634,293388000,0.0,0.0
2014-11-11 00:00:00-05:00,0.47490118166434586,0.4775262439878545,0.4679805007418765,0.4720374643802643,212992000,0.0,0.0
2014-11-12 00:00:00-05:00,0.4703670363528783,0.471560254511795,0.4624917908143148,0.46893519163131714,204584000,0.0,0.0
2014-11-13 00:00:00-05:00,0.4706055565428653,0.4713214929228236,0.46273031326043734,0.4665486216545105,225328000,0.0,0.0
2014-11-14 00:00:00-05:00,0.4670259090014311,0.47227606177330017,0.46249166417002274,0.47227606177330017,160248000,0.0,0.0
2014-11-17 00:00:00-05:00,0.47012820839881897,0.4751397338988804,0.4670258368249025,0.47012820839881897,158732000,0.0,0.0
2014-11-18 00:00:00-05:00,0.4703668765318706,0.48253773744540357,0.46917365877838474,0.4813444912433624,207772000,0.0,0.0
2014-11-19 00:00:00-05:00,0.48170410171931993,0.4831420344741148,0.47451449508326016,0.4795472025871277,240300000,0.002125,0.0
2014-11-20 00:00:00-05:00,0.4761918407921937,0.48793487659523144,0.47475390871216655,0.4874555468559265,220968000,0.0,0.0
2014-11-21 00:00:00-05:00,0.49176948877668175,0.4924884550296802,0.4860178158905985,0.4900919198989868,198976000,0.0,0.0
2014-11-24 00:00:00-05:00,0.4912903109101502,0.49536441617914584,0.48937310506753656,0.49320757389068604,136004000,0.0,0.0
2014-11-25 00:00:00-05:00,0.492248907345734,0.4965627061416607,0.49129030443705746,0.4929678738117218,190240000,0.0,0.0
2014-11-26 00:00:00-05:00,0.4900920547503244,0.5018350972632516,0.489852361174769,0.501355767250061,219264000,0.0,0.0
2014-11-28 00:00:00-05:00,0.5030333294303496,0.5054298651863555,0.4984798943525628,0.5025539994239807,124832000,0.0,0.0
2014-12-01 00:00:00-05:00,0.5003971815073706,0.503272990271291,0.4924886074152254,0.49320757389068604,190060000,0.0,0.0
2014-12-02 00:00:00-05:00,0.4927279313476885,0.4960830680132233,0.48817449893709924,0.4939262270927429,245952000,0.0,0.0
2014-12-03 00:00:00-05:00,0.49632292957971036,0.5068676728740593,0.4948849970536843,0.5066280364990234,284424000,0.0,0.0
2014-12-04 00:00:00-05:00,0.5059090068712441,0.5078262119072132,0.4987194022795122,0.5020745396614075,185332000,0.0,0.0
2014-12-05 00:00:00-05:00,0.5023141758213164,0.5075865753751361,0.5020745394763831,0.5049504041671753,165680000,0.0,0.0
2014-12-08 00:00:00-05:00,0.5042317850968598,0.5092644946322576,0.4944059453980206,0.49848005175590515,226944000,0.0,0.0
2014-12-09 00:00:00-05:00,0.4953641891090459,0.49800041735662115,0.4879349484520065,0.49680212140083313,239448000,0.0,0.0
2014-12-10 00:00:00-05:00,0.49536435484937963,0.4972816175925442,0.4852989397149475,0.48577821254730225,204364000,0.0,0.0
2014-12-11 00:00:00-05:00,0.4886540140218067,0.4920091519600321,0.48457990979140325,0.485538512468338,135652000,0.0,0.0
2014-12-12 00:00:00-05:00,0.4790678074526149,0.4833815763039668,0.469960968448417,0.4704402983188629,323964000,0.0,0.0
2014-12-15 00:00:00-05:00,0.4759523668511933,0.48457993422336726,0.4675644930137689,0.4690024256706238,254696000,0.0,0.0
2014-12-16 00:00:00-05:00,0.4685231667824152,0.4759524099991232,0.4634904305961308,0.4637300670146942,185308000,0.0,0.0
2014-12-17 00:00:00-05:00,0.4730764484834011,0.4833815545623048,0.45773860754279194,0.4826625883579254,345596000,0.0,0.0
2014-12-18 00:00:00-05:00,0.48865408519720377,0.4944057592344857,0.4800265455723228,0.48457998037338257,226156000,0.0,0.0
2014-12-19 00:00:00-05:00,0.48793494697929174,0.4912900842247379,0.48338151378167427,0.4893728792667389,325528000,0.0,0.0
2014-12-22 00:00:00-05:00,0.48889360534772675,0.49800047278404236,0.48721603653322704,0.49800047278404236,148976000,0.0,0.0
2014-12-23 00:00:00-05:00,0.5018349062895181,0.5042314411676271,0.4944056081708515,0.4948849380016327,109280000,0.0,0.0
2014-12-24 00:00:00-05:00,0.49608337611836173,0.49680234258434947,0.4924886009263443,0.4929678738117218,45644000,0.0,0.0
2014-12-26 00:00:00-05:00,0.49296764614449623,0.4960831470123045,0.4917694073465135,0.4934469759464264,52636000,0.0,0.0
2014-12-29 00:00:00-05:00,0.4920090883242801,0.49608319202774476,0.4896125533729538,0.492728054523468,82944000,0.0,0.0
2014-12-30 00:00:00-05:00,0.48937291332606697,0.49176944825930746,0.48745565109673467,0.4881746172904968,112120000,0.0,0.0
2014-12-31 00:00:00-05:00,0.48889372990316504,0.49152995911578445,0.4790679223065655,0.48050588369369507,166300000,0.0,0.0
2015-01-02 00:00:00-05:00,0.48242297768592834,0.48601780889920887,0.4747540425228657,0.48242297768592834,113680000,0.0,0.0
2015-01-05 00:00:00-05:00,0.482423051850041,0.48386098455641025,0.47211794363827814,0.47427481412887573,197952000,0.0,0.0
2015-01-06 00:00:00-05:00,0.474993790261219,0.47547309165022456,0.4594163094203207,0.45989561080932617,197764000,0.0,0.0
2015-01-07 00:00:00-05:00,0.4632507850376208,0.4673249185826073,0.4572594457878867,0.4586973786354065,321808000,0.0,0.0
2015-01-08 00:00:00-05:00,0.46396973849383844,0.47882828227306323,0.46373007350296386,0.4759524166584015,283780000,0.0,0.0
2015-01-09 00:00:00-05:00,0.4776299934485482,0.4814644617201365,0.47115932466912314,0.4778696298599243,209540000,0.0,0.0
2015-01-12 00:00:00-05:00,0.47906780597654147,0.479307470911026,0.46756443193136393,0.47187820076942444,190732000,0.0,0.0
2015-01-13 00:00:00-05:00,0.4754730786699874,0.4850592204642267,0.4678041709483871,0.47115930914878845,236720000,0.0,0.0
2015-01-14 00:00:00-05:00,0.4661265812836866,0.4745144549835911,0.46492831361227166,0.4730765223503113,155260000,0.0,0.0
2015-01-15 00:00:00-05:00,0.47643174192001553,0.4793075789372273,0.4694817715120492,0.4697214365005493,188932000,0.0,0.0
2015-01-16 00:00:00-05:00,0.4690024645076,0.478828271815531,0.4675645317316734,0.478348970413208,181512000,0.0,0.0
2015-01-20 00:00:00-05:00,0.48170407835188284,0.48434025018251653,0.4737955057220701,0.47978687286376953,140308000,0.0,0.0
2015-01-21 00:00:00-05:00,0.4771505990576135,0.4876953704647702,0.4737954328316744,0.48649707436561584,144780000,0.0,0.0
2015-01-22 00:00:00-05:00,0.48745563988296603,0.49632287035607775,0.4824229337803068,0.4948849380016327,159712000,0.0,0.0
2015-01-23 00:00:00-05:00,0.4953644782959767,0.4972817415169301,0.4912903725161036,0.4963231384754181,120416000,0.0,0.0
2015-01-26 00:00:00-05:00,0.49416598677635193,0.4965625217269726,0.49105048562675496,0.49416598677635193,133240000,0.0,0.0
2015-01-27 00:00:00-05:00,0.4864970776171071,0.486976407487553,0.4694816671469227,0.4704402983188629,357948000,0.0,0.0
2015-01-28 00:00:00-05:00,0.47619211708808906,0.4781093514508938,0.4625318401087056,0.4627715051174164,272728000,0.0,0.0
2015-01-29 00:00:00-05:00,0.4630109827472617,0.4766712256294339,0.4608540842486352,0.4740350544452667,235340000,0.0,0.0
2015-01-30 00:00:00-05:00,0.47067990283852007,0.4761919388551343,0.4594161944552344,0.4601351320743561,298200000,0.0,0.0
2015-02-02 00:00:00-05:00,0.46301111093451436,0.4721179515668926,0.4539042703021361,0.47020071744918823,259604000,0.0,0.0
2015-02-03 00:00:00-05:00,0.4735557937653707,0.48242299682839207,0.4711592585740575,0.48194366693496704,183468000,0.0,0.0
2015-02-04 00:00:00-05:00,0.4805057871683904,0.4886539953173033,0.47906782607012227,0.4831419587135315,181516000,0.0,0.0
2015-02-05 00:00:00-05:00,0.4836211835107633,0.4912901181480873,0.48314191080711794,0.49105048179626465,140448000,0.0,0.0
2015-02-06 00:00:00-05:00,0.49057122691764815,0.49632295734349824,0.48673675901305097,0.48889365792274475,210524000,0.0,0.0
2015-02-09 00:00:00-05:00,0.48601781205997874,0.48985222252854305,0.4829023107008421,0.48841434717178345,273944000,0.0,0.0
2015-02-10 00:00:00-05:00,0.48889356934095,0.502314176006429,0.486736670822061,0.5020745396614075,226204000,0.0,0.0
2015-02-11 00:00:00-05:00,0.5032727703781991,0.5032727703781991,0.49536419974151613,0.49871939420700073,320832000,0.0,0.0
2015-02-12 00:00:00-05:00,0.5272380989984005,0.5392207713792504,0.5241225984655905,0.5344277024269104,676904000,0.0,0.0
2015-02-13 00:00:00-05:00,0.5332295593876012,0.5353864581754622,0.5250813512617784,0.5346674919128418,310084000,0.0,0.0
2015-02-17 00:00:00-05:00,0.5337090117069321,0.5389814131296558,0.5303538731369798,0.5363451838493347,203340000,0.0,0.0
2015-02-18 00:00:00-05:00,0.5356263321315087,0.5365849923321603,0.5291556900357287,0.5301142930984497,170948000,0.0,0.0
2015-02-19 00:00:00-05:00,0.5368245376003831,0.5377831405002258,0.5291556001257991,0.5315521359443665,169432000,0.0,0.0
2015-02-20 00:00:00-05:00,0.5310727028214657,0.5356260795062969,0.5272382352411574,0.5353864431381226,157752000,0.0,0.0
2015-02-23 00:00:00-05:00,0.5351469601116091,0.5351469601116091,0.5284366256388064,0.5310728549957275,125008000,0.0,0.0
2015-02-24 00:00:00-05:00,0.5331176204414618,0.5367262363433838,0.5283060943336221,0.5367262363433838,149356000,0.002125,0.0
2015-02-25 00:00:00-05:00,0.5345608717498097,0.5369666914386867,0.5302305224972074,0.532636284828186,123820000,0.0,0.0
2015-02-26 00:00:00-05:00,0.5331177345779309,0.5372075269093967,0.5297496196950228,0.5340800285339355,152864000,0.0,0.0
2015-02-27 00:00:00-05:00,0.5326363572409526,0.5338392672489286,0.5287871255164978,0.5307117700576782,157492000,0.0,0.0
2015-03-02 00:00:00-05:00,0.529268439882766,0.546589958509401,0.5285467051601628,0.543703019618988,301512000,0.0,0.0
2015-03-03 00:00:00-05:00,0.5396132174191159,0.5422595397793202,0.5319147520975327,0.533598780632019,160344000,0.0,0.0
2015-03-04 00:00:00-05:00,0.5316741045897649,0.5408159804511281,0.5295089008234247,0.5396131277084351,226840000,0.0,0.0
2015-03-05 00:00:00-05:00,0.5396133786868857,0.5509204635736038,0.5381699088379563,0.5499581694602966,323056000,0.0,0.0
2015-03-06 00:00:00-05:00,0.5468303087927499,0.5494766301930327,0.5420187840515631,0.5424999594688416,257392000,0.0,0.0
2015-03-09 00:00:00-04:00,0.5427406120423478,0.548033313113034,0.5415377019707744,0.543943464756012,222388000,0.0,0.0
2015-03-10 00:00:00-04:00,0.5463493984463573,0.5569348038989805,0.5453871045028262,0.5533261299133301,527212000,0.0,0.0
2015-03-11 00:00:00-04:00,0.5533258207426042,0.56054310732332,0.5489954717373328,0.5504389405250549,262120000,0.0,0.0
2015-03-12 00:00:00-04:00,0.5451464705344432,0.549236262251567,0.5350422421193661,0.5453870296478271,406972000,0.0,0.0
2015-03-13 00:00:00-04:00,0.5427406066876018,0.5475521322106057,0.5352827019764097,0.5461086630821228,359288000,0.0,0.0
2015-03-16 00:00:00-04:00,0.550438992821769,0.555972252128484,0.5468303205096068,0.5526041388511658,236956000,0.0,0.0
2015-03-17 00:00:00-04:00,0.5514013941043626,0.5595809764669687,0.547552162004927,0.5593404173851013,299900000,0.0,0.0
2015-03-18 00:00:00-04:00,0.5593406107685486,0.5622274928227868,0.5451465875885998,0.5501986742019653,413844000,0.0,0.0
2015-03-19 00:00:00-04:00,0.5521231697891414,0.5605433118601237,0.5480333783035335,0.5586187243461609,310756000,0.0,0.0
2015-03-20 00:00:00-04:00,0.5631897189999434,0.5680012453786545,0.5578970170401937,0.5646331310272217,462084000,0.0,0.0
2015-03-23 00:00:00-04:00,0.5477926368087407,0.555009924375584,0.5461086087789343,0.5463491678237915,426012000,0.0,0.0
2015-03-24 00:00:00-04:00,0.544665133980472,0.5485143654466174,0.536485552963602,0.5388913154602051,330480000,0.0,0.0
2015-03-25 00:00:00-04:00,0.5386508421958619,0.5386508421958619,0.5044889290028901,0.5061730146408081,542552000,0.0,0.0
2015-03-26 00:00:00-04:00,0.49582830283333673,0.5066542087355871,0.4922196292939733,0.504489004611969,311920000,0.0,0.0
2015-03-27 00:00:00-04:00,0.5073761837625131,0.5162775062318333,0.4991965963429159,0.5143529176712036,318288000,0.0,0.0
2015-03-30 00:00:00-04:00,0.5167584366951103,0.5191641999326196,0.5100222652153322,0.5165178775787354,253252000,0.0,0.0
2015-03-31 00:00:00-04:00,0.5150743240872512,0.5155554422414664,0.5030455098632103,0.5035266280174255,357276000,0.0,0.0
2015-04-01 00:00:00-04:00,0.5054513216018677,0.5071353500203435,0.4967905630511945,0.5054513216018677,330768000,0.0,0.0
2015-04-02 00:00:00-04:00,0.5083382314512062,0.5097817008504344,0.5023238520983148,0.5066542029380798,192204000,0.0,0.0
2015-04-06 00:00:00-04:00,0.5044890606188543,0.5230134912475809,0.4991964153174408,0.5213294625282288,515864000,0.0,0.0
2015-04-07 00:00:00-04:00,0.5213296329748954,0.5316744251744808,0.5184426928790316,0.5259006023406982,413964000,0.0,0.0
2015-04-08 00:00:00-04:00,0.52638169273063,0.5316743968383183,0.5213296051900698,0.5297497510910034,366432000,0.0,0.0
2015-04-09 00:00:00-04:00,0.5256599576651355,0.5437032175840137,0.5254193984559861,0.5420191884040833,379432000,0.0,0.0
2015-04-10 00:00:00-04:00,0.5425000243891951,0.5477926678231254,0.5405753798476609,0.5475521087646484,258728000,0.0,0.0
2015-04-13 00:00:00-04:00,0.5463491333754714,0.5494766301930327,0.5400941397403489,0.5424999594688416,236724000,0.0,0.0
2015-04-14 00:00:00-04:00,0.5403348806044027,0.5425000844441026,0.532636416301856,0.537929117679596,220276000,0.0,0.0
2015-04-15 00:00:00-04:00,0.539372627344438,0.5485145042009326,0.5367262477782049,0.5444247126579285,243560000,0.0,0.0
2015-04-16 00:00:00-04:00,0.541297430613199,0.5458683995421112,0.5372076374402553,0.5410568714141846,155284000,0.0,0.0
2015-04-17 00:00:00-04:00,0.5297496196950228,0.5393727313288531,0.5295090605455035,0.5340800285339355,293636000,0.0,0.0
2015-04-20 00:00:00-04:00,0.5364855470766772,0.5398536030633829,0.5304711122222155,0.5314334630966187,231624000,0.0,0.0
2015-04-21 00:00:00-04:00,0.5379290580318161,0.5379290580318161,0.5280653909832933,0.5307117700576782,230456000,0.0,0.0
2015-04-22 00:00:00-04:00,0.5338393550934293,0.5374479709953512,0.5256597148237694,0.5367262363433838,207420000,0.0,0.0
2015-04-23 00:00:00-04:00,0.5268626893246587,0.5396132408022217,0.5208482522769378,0.5345610976219177,259380000,0.0,0.0
2015-04-24 00:00:00-04:00,0.5343203671074401,0.5345609261576527,0.5239755822955453,0.529990017414093,240960000,0.0,0.0
2015-04-27 00:00:00-04:00,0.53167426496496,0.5434625236603188,0.5271032969765279,0.5340800285339355,248456000,0.0,0.0
2015-04-28 00:00:00-04:00,0.5331176204414618,0.538650881201269,0.5280654778776892,0.5367262363433838,234484000,0.0,0.0
2015-04-29 00:00:00-04:00,0.5328768438539144,0.5381695439252269,0.5304710815229358,0.532636284828186,195156000,0.0,0.0
2015-04-30 00:00:00-04:00,0.5299902362024699,0.5367263512524304,0.5287873257390181,0.5340800285339355,218844000,0.0,0.0
2015-05-01 00:00:00-04:00,0.5384103469515512,0.5489957518913445,0.5360045835303117,0.5473117232322693,256968000,0.0,0.0
2015-05-04 00:00:00-04:00,0.5468304030414607,0.5504390758982716,0.5422594365421366,0.543943464756012,200720000,0.0,0.0
2015-05-05 00:00:00-04:00,0.5420188302932842,0.5427405648018261,0.5275842548382548,0.529990017414093,292928000,0.0,0.0
2015-05-06 00:00:00-04:00,0.5328769397505828,0.5379290817053516,0.5246973578248353,0.5316740870475769,316484000,0.0,0.0
2015-05-07 00:00:00-04:00,0.5295091694923969,0.5427409005231649,0.5278251403834165,0.5410568714141846,534564000,0.0,0.0
2015-05-08 00:00:00-04:00,0.5054513330016068,0.5254191727312021,0.4929413417731654,0.501120924949646,1146552000,0.0,0.0
2015-05-11 00:00:00-04:00,0.49414413623019593,0.5013614821300515,0.49029496156082053,0.4963093400001526,544144000,0.0,0.0
2015-05-12 00:00:00-04:00,0.4927007826673623,0.5052107165378863,0.4924601662036417,0.501120924949646,388800000,0.0,0.0
2015-05-13 00:00:00-04:00,0.5047293718522448,0.5085786026075171,0.49919611339614545,0.5040076375007629,308524000,0.0,0.0
2015-05-14 00:00:00-04:00,0.5054513078314824,0.5148338007855904,0.5042483976465335,0.5121874213218689,293052000,0.0,0.0
2015-05-15 00:00:00-04:00,0.5143526327674134,0.516758395814604,0.5093005475756879,0.5124280452728271,215824000,0.0,0.0
2015-05-18 00:00:00-04:00,0.5112251170935577,0.5148337902164059,0.5088193541309634,0.5117062926292419,324972000,0.0,0.0
2015-05-19 00:00:00-04:00,0.5123829455381667,0.5140748263576548,0.5075491485141014,0.5085159540176392,253808000,0.00245,0.0
2015-05-20 00:00:00-04:00,0.5087576265818207,0.5147999016736051,0.5080325512658702,0.5085159540176392,196824000,0.0,0.0
2015-05-21 00:00:00-04:00,0.5087579104284868,0.5109331375899426,0.5044074561055751,0.5048908591270447,239692000,0.0,0.0
2015-05-22 00:00:00-04:00,0.5060987845299552,0.5080322792549863,0.5029568123842484,0.5041652321815491,212592000,0.0,0.0
2015-05-26 00:00:00-04:00,0.5017487853526035,0.5051324329703879,0.49715665922936664,0.5010237097740173,259732000,0.0,0.0
2015-05-27 00:00:00-04:00,0.504407252883364,0.5302681228323373,0.5027154294250017,0.5278512239456177,432332000,0.0,0.0
2015-05-28 00:00:00-04:00,0.5278510179198926,0.5367935345480568,0.5268842702672193,0.5351017117500305,327656000,0.0,0.0
2015-05-29 00:00:00-04:00,0.5351019855696779,0.5384856328971932,0.5341352374223052,0.5348603129386902,335168000,0.0,0.0
2015-06-01 00:00:00-04:00,0.5382440423768031,0.5462198166503419,0.5348603945331032,0.5409026145935059,372660000,0.0,0.0
2015-06-02 00:00:00-04:00,0.5375188899011751,0.5404191919945102,0.5297847894012297,0.5302681922912598,224304000,0.0,0.0
2015-06-03 00:00:00-04:00,0.5317181029895142,0.5358268240155574,0.5235006033140316,0.524467408657074,250788000,0.0,0.0
2015-06-04 00:00:00-04:00,0.5213253367291474,0.5355850501723893,0.5213253367291474,0.5338932275772095,323712000,0.0,0.0
2015-06-05 00:00:00-04:00,0.5322014129776154,0.5404189121117509,0.5266425419266086,0.5380020141601562,313320000,0.0,0.0
2015-06-08 00:00:00-04:00,0.5363101702885861,0.5399354882618688,0.5196335577906709,0.5256757736206055,342812000,0.0,0.0
2015-06-09 00:00:00-04:00,0.5261596288043541,0.5322018498313541,0.5251928803548468,0.5283348560333252,256888000,0.0,0.0
2015-06-10 00:00:00-04:00,0.5220507136185583,0.5254343607652213,0.516008437179444,0.5189087390899658,529460000,0.0,0.0
2015-06-11 00:00:00-04:00,0.5189085372398635,0.5280927270115959,0.5189085372398635,0.524467408657074,283052000,0.0,0.0
2015-06-12 00:00:00-04:00,0.5210838475169094,0.524225821681414,0.5089993536624352,0.5102078318595886,323728000,0.0,0.0
2015-06-15 00:00:00-04:00,0.5075490448381509,0.5116578233303803,0.5036820541075252,0.5092409253120422,306548000,0.0,0.0
2015-06-16 00:00:00-04:00,0.5082743457355919,0.5162501185005656,0.503198874930034,0.5155250430107117,256892000,0.0,0.0
2015-06-17 00:00:00-04:00,0.5152833951998297,0.5244676467645947,0.5140749744074998,0.5215673446655273,233544000,0.0,0.0
2015-06-18 00:00:00-04:00,0.5259177967746794,0.5336518396512024,0.524467645728012,0.5302681922912598,299404000,0.0,0.0
2015-06-19 00:00:00-04:00,0.530268078160502,0.5346184727407374,0.5237424574784441,0.5285762548446655,355656000,0.0,0.0
2015-06-22 00:00:00-04:00,0.5295431369941707,0.5324434391982846,0.518425388709633,0.526401162147522,514236000,0.0,0.0
2015-06-23 00:00:00-04:00,0.5273678923179206,0.5314766152177139,0.5087577741400016,0.5128664970397949,414064000,0.0,0.0
2015-06-24 00:00:00-04:00,0.5121411975408298,0.514799825848861,0.5053739057532535,0.5077908039093018,253368000,0.0,0.0
2015-06-25 00:00:00-04:00,0.5077909630804593,0.5147999872170536,0.5077909630804593,0.5116580128669739,350460000,0.0,0.0
2015-06-26 00:00:00-04:00,0.5075489947327172,0.5080323973380207,0.4990898813153179,0.5012650489807129,421296000,0.0,0.0
2015-06-29 00:00:00-04:00,0.49546493579097045,0.5005404658692665,0.4855556635819327,0.48628073930740356,391724000,0.0,0.0
2015-06-30 00:00:00-04:00,0.48918074833708936,0.4913559744629813,0.48265512758282414,0.48603877425193787,315916000,0.0,0.0
2015-07-01 00:00:00-04:00,0.4981233915458203,0.5051323583983846,0.488697468039163,0.4930478632450104,302892000,0.0,0.0
2015-07-02 00:00:00-04:00,0.49280609218047655,0.49667314138171464,0.49038919363262856,0.49353116750717163,145764000,0.0,0.0
2015-07-06 00:00:00-04:00,0.48942241915967516,0.4961897116767833,0.4838635470391634,0.48748886585235596,214776000,0.0,0.0
2015-07-07 00:00:00-04:00,0.48458875146324026,0.4865222476624081,0.46307830372454906,0.47830477356910706,594252000,0.0,0.0
2015-07-08 00:00:00-04:00,0.4756462125913544,0.47854648576707126,0.4710540869857352,0.4749211370944977,332492000,0.0,0.0
2015-07-09 00:00:00-04:00,0.4824135666719625,0.484588793301394,0.46622031851802764,0.469120591878891,357588000,0.0,0.0
2015-07-10 00:00:00-04:00,0.4751629083005996,0.48168856031447127,0.47395445849235907,0.47733813524246216,216708000,0.0,0.0
2015-07-13 00:00:00-04:00,0.48217171928270763,0.48313846717315506,0.47733792220706395,0.480479896068573,212472000,0.0,0.0
2015-07-14 00:00:00-04:00,0.48120505534904917,0.4816884293786081,0.47443773250009935,0.480721652507782,249216000,0.0,0.0
2015-07-15 00:00:00-04:00,0.47951333337260865,0.48265530863637723,0.4729877101704531,0.47733813524246216,265732000,0.0,0.0
2015-07-16 00:00:00-04:00,0.4802383963224402,0.4879724979400635,0.4785465723979783,0.4879724979400635,282848000,0.0,0.0
2015-07-17 00:00:00-04:00,0.4862805247353471,0.48676386992342524,0.4787880980860062,0.4850720465183258,220372000,0.0,0.0
2015-07-20 00:00:00-04:00,0.485072082156671,0.4870056359212811,0.4749211121685741,0.47612956166267395,188412000,0.0,0.0
2015-07-21 00:00:00-04:00,0.47516279902789516,0.48507209670132273,0.47516279902789516,0.47830477356910706,149720000,0.0,0.0
2015-07-22 00:00:00-04:00,0.4749211674123296,0.4749211674123296,0.4633200451571643,0.469120591878891,356472000,0.0,0.0
2015-07-23 00:00:00-04:00,0.47008733886439963,0.48193013300345583,0.46912056193135393,0.4749211370944977,169916000,0.0,0.0
2015-07-24 00:00:00-04:00,0.4783047190493047,0.47878809304399905,0.46742867451600456,0.46936219930648804,188844000,0.0,0.0
2015-07-27 00:00:00-04:00,0.4652535023713166,0.4720208255183228,0.46138648115281977,0.4667036533355713,192420000,0.0,0.0
2015-07-28 00:00:00-04:00,0.4679120733350875,0.4799965679021017,0.46307827550828184,0.4768546223640442,198308000,0.0,0.0
2015-07-29 00:00:00-04:00,0.4758878742533845,0.48652224740165523,0.4739543492435435,0.48265519738197327,232680000,0.0,0.0
2015-07-30 00:00:00-04:00,0.48144663504075064,0.4886973593316077,0.48144663504075064,0.48386356234550476,190180000,0.0,0.0
2015-07-31 00:00:00-04:00,0.48579715215439007,0.4860388247634681,0.47927153072195033,0.48217180371284485,218340000,0.0,0.0
2015-08-03 00:00:00-04:00,0.48603871652738073,0.49087251337300153,0.4797547979150948,0.4903891682624817,397132000,0.0,0.0
2015-08-04 00:00:00-04:00,0.48869733478623945,0.49377280407970475,0.4867637815148699,0.4923226535320282,260100000,0.0,0.0
2015-08-05 00:00:00-04:00,0.5044072232792888,0.5048906260776274,0.49643145165887714,0.4973982572555542,234628000,0.0,0.0
2015-08-06 00:00:00-04:00,0.49618981369696524,0.499815190878965,0.48603881521078146,0.49425631761550903,655676000,0.0,0.0
2015-08-07 00:00:00-04:00,0.5428360498802411,0.5648298136692516,0.5288180009939917,0.5554039478302002,1405248000,0.0,0.0
2015-08-10 00:00:00-04:00,0.5515370297064818,0.578848000915461,0.54815332417187,0.5747392773628235,662304000,0.0,0.0
2015-08-11 00:00:00-04:00,0.5662799820651817,0.5773977294216347,0.5662799820651817,0.5718388557434082,435008000,0.0,0.0
2015-08-12 00:00:00-04:00,0.5626545162085125,0.5773975795677339,0.5626545162085125,0.5732888579368591,384048000,0.0,0.0
2015-08-13 00:00:00-04:00,0.5740142736145138,0.5752227523761109,0.5670052466181923,0.5684553980827332,276884000,0.0,0.0
2015-08-14 00:00:00-04:00,0.5679715691856102,0.5723220203172438,0.5645879233877146,0.5689383745193481,214652000,0.0,0.0
2015-08-17 00:00:00-04:00,0.5679716719049196,0.5679716719049196,0.5583040778062938,0.5653131008148193,273880000,0.0,0.0
2015-08-18 00:00:00-04:00,0.5635659725503397,0.5674492945704495,0.5557993285101201,0.5601680874824524,287084000,0.00245,0.0
2015-08-19 00:00:00-04:00,0.5594397103805797,0.5657500986032218,0.5519157592539538,0.5579834580421448,249248000,0.0,0.0
2015-08-20 00:00:00-04:00,0.5516729765786794,0.5543427335040061,0.5351688826422907,0.5378386974334717,426932000,0.0,0.0
2015-08-21 00:00:00-04:00,0.5339555244668215,0.5429356710147516,0.5206066204420366,0.5210920572280884,382664000,0.0,0.0
2015-08-24 00:00:00-04:00,0.49196735567439953,0.5298297024549992,0.4854142749980314,0.5026465058326721,682284000,0.0,0.0
2015-08-25 00:00:00-04:00,0.5247325489697928,0.5266742379460961,0.49220985174179077,0.49220985174179077,622684000,0.0,0.0
2015-08-26 00:00:00-04:00,0.5082286513916896,0.5298295783280074,0.5043453302317178,0.5293441414833069,614976000,0.0,0.0
2015-08-27 00:00:00-04:00,0.5349262366014201,0.5494886429729771,0.5317710427676635,0.5492459535598755,463764000,0.0,0.0
2015-08-28 00:00:00-04:00,0.5492461055043971,0.5550710580912744,0.5453627844911872,0.551673173904419,320944000,0.0,0.0
2015-08-31 00:00:00-04:00,0.5490032428378245,0.5528865626260182,0.5434209814921445,0.5456053018569946,219352000,0.0,0.0
2015-09-01 00:00:00-04:00,0.5298293439392352,0.5388094875994295,0.5193929482550416,0.5232762098312378,353408000,0.0,0.0
2015-09-02 00:00:00-04:00,0.5375962335597295,0.5392951759410408,0.5286160847445622,0.5390524864196777,344044000,0.0,0.0
2015-09-03 00:00:00-04:00,0.5470615255631046,0.5497313403281995,0.5395376336475053,0.5405084490776062,262556000,0.0,0.0
2015-09-04 00:00:00-04:00,0.5312854051360174,0.5397801679061837,0.5276448338529728,0.5278875231742859,287972000,0.0,0.0
2015-09-08 00:00:00-04:00,0.5407509396411724,0.5526435834182272,0.5385666201930563,0.5504592061042786,238448000,0.0,0.0
2015-09-09 00:00:00-04:00,0.5521583822270207,0.5567697697725853,0.5383240459927737,0.5395376086235046,289392000,0.0,0.0
2015-09-10 00:00:00-04:00,0.5363825591189614,0.5548282878472426,0.5339554910722367,0.5480324625968933,357076000,0.0,0.0
2015-09-11 00:00:00-04:00,0.5419648516667974,0.5533720663365951,0.5397804729430479,0.5497314929962158,301584000,0.0,0.0
2015-09-14 00:00:00-04:00,0.5524013352561733,0.5541002774573844,0.5477898876438123,0.5507023930549622,192460000,0.0,0.0
2015-09-15 00:00:00-04:00,0.5509451328007536,0.5596825919652435,0.5492461904445867,0.5567700862884521,327976000,0.0,0.0
2015-09-16 00:00:00-04:00,0.5557990147631158,0.5638083438252575,0.5516730055289606,0.5606531500816345,173508000,0.0,0.0
2015-09-17 00:00:00-04:00,0.570361390664527,0.575458272986501,0.564536440162411,0.565750002861023,268712000,0.0,0.0
2015-09-18 00:00:00-04:00,0.5579834386651592,0.5701187779542554,0.5545855552373847,0.5652646422386169,326412000,0.0,0.0
2015-09-21 00:00:00-04:00,0.5659929180781842,0.572303307750679,0.5630804127321475,0.5710897445678711,281840000,0.0,0.0
2015-09-22 00:00:00-04:00,0.5587114908865368,0.5625948105184219,0.5526437931118686,0.5555562973022461,228356000,0.0,0.0
2015-09-23 00:00:00-04:00,0.5560418489385066,0.5616241117947685,0.5538575279825708,0.5582262277603149,161632000,0.0,0.0
2015-09-24 00:00:00-04:00,0.5548283232572024,0.5747303056568656,0.5460908661581828,0.5689053535461426,382440000,0.0,0.0
2015-09-25 00:00:00-04:00,0.5759438130048803,0.5841958912143342,0.567449103199977,0.5730313658714294,369692000,0.0,0.0
2015-09-28 00:00:00-04:00,0.5730312430950566,0.576671815698317,0.5618667201442371,0.5655072927474976,395584000,0.0,0.0
2015-09-29 00:00:00-04:00,0.5715750868716107,0.5764292230681786,0.563565756360687,0.5754584074020386,380736000,0.0,0.0
2015-09-30 00:00:00-04:00,0.5807978301650356,0.5990008669412282,0.5773999469407982,0.5982727408409119,556380000,0.0,0.0
2015-10-01 00:00:00-04:00,0.5982727359844038,0.5999716775827313,0.5696333024906363,0.5866228342056274,489296000,0.0,0.0
2015-10-02 00:00:00-04:00,0.5834677812625,0.6019135117530823,0.5774000816330481,0.6019135117530823,386144000,0.0,0.0
2015-10-05 00:00:00-04:00,0.6057966587131546,0.6244850733084079,0.6026414650698949,0.6169611811637878,482024000,0.0,0.0
2015-10-06 00:00:00-04:00,0.6104080905410063,0.627640252620382,0.607981023014368,0.6249704957008362,453216000,0.0,0.0
2015-10-07 00:00:00-04:00,0.6264270209115604,0.6378342374737104,0.6162333097088896,0.631523847579956,310152000,0.0,0.0
2015-10-08 00:00:00-04:00,0.6288539911665083,0.6368633220306932,0.6181748447703482,0.6351643800735474,460068000,0.0,0.0
2015-10-09 00:00:00-04:00,0.6317663459008045,0.6378340444597017,0.6208445695069964,0.6327372193336487,423248000,0.0,0.0
2015-10-12 00:00:00-04:00,0.6334652257322245,0.643173554051317,0.6288538377730367,0.6395329236984253,227588000,0.0,0.0
2015-10-13 00:00:00-04:00,0.6344362640710394,0.6446299159785344,0.6322518852912028,0.6407466530799866,298444000,0.0,0.0
2015-10-14 00:00:00-04:00,0.6414747274194291,0.6744829252899853,0.6407466590186071,0.6640465259552002,612148000,0.0,0.0
2015-10-15 00:00:00-04:00,0.665259881245579,0.6793369087417056,0.6584641147756274,0.6657453179359436,526048000,0.0,0.0
2015-10-16 00:00:00-04:00,0.6679299502139334,0.6824923620716999,0.6662309500845679,0.676181972026825,448396000,0.0,0.0
2015-10-19 00:00:00-04:00,0.6783661842017926,0.6815213784476551,0.6672016596188737,0.6749682426452637,294712000,0.0,0.0
2015-10-20 00:00:00-04:00,0.6720558898383755,0.6771527160882316,0.6669590057226445,0.6739975214004517,264824000,0.0,0.0
2015-10-21 00:00:00-04:00,0.6781237272733328,0.6822497967969691,0.6640467497272561,0.6652602553367615,386280000,0.0,0.0
2015-10-22 00:00:00-04:00,0.6730264358372604,0.6914721597465285,0.6720556204453729,0.6892877817153931,306884000,0.0,0.0
2015-10-23 00:00:00-04:00,0.6953554662614331,0.698510659625838,0.6849190707943669,0.6938992142677307,381776000,0.0,0.0
2015-10-26 00:00:00-04:00,0.6943847923316764,0.6960837340484483,0.6844337735916179,0.690744161605835,247436000,0.0,0.0
2015-10-27 00:00:00-04:00,0.6873462963258336,0.6946275001039584,0.6868608595942797,0.690258800983429,208268000,0.0,0.0
2015-10-28 00:00:00-04:00,0.6946273920733629,0.6958409547805786,0.6844336852229993,0.6958409547805786,217036000,0.0,0.0
2015-10-29 00:00:00-04:00,0.6846764740047672,0.6917149298163737,0.6705994466498374,0.6718129515647888,327168000,0.0,0.0
2015-10-30 00:00:00-04:00,0.6790940702458572,0.6934137840105862,0.6739971886464686,0.6885595917701721,301160000,0.0,0.0
2015-11-02 00:00:00-05:00,0.6907441931641882,0.6972972709042341,0.6866181833969692,0.6965691447257996,190088000,0.0,0.0
2015-11-03 00:00:00-05:00,0.6924433072334579,0.6963266285292959,0.6839485961480741,0.6917151808738708,376768000,0.0,0.0
2015-11-04 00:00:00-05:00,0.6897735090052011,0.6948703353597305,0.6771527299948891,0.680307924747467,442264000,0.0,0.0
2015-11-05 00:00:00-05:00,0.6837057261377357,0.6856474153702845,0.6705995697479747,0.6725412011146545,478800000,0.0,0.0
2015-11-06 00:00:00-05:00,0.7390431166618828,0.7752064563886152,0.7237525785993283,0.7657408714294434,1172272000,0.0,0.0
2015-11-09 00:00:00-05:00,0.7582167414436838,0.7645271294636478,0.7516636061312011,0.7623427510261536,492568000,0.0,0.0
2015-11-10 00:00:00-05:00,0.7523918912526385,0.7565179595727825,0.7317618389812911,0.7477805018424988,552260000,0.0,0.0
2015-11-11 00:00:00-05:00,0.7482659621821843,0.7536055363386277,0.7378295612395093,0.7404993772506714,619896000,0.0,0.0
2015-11-12 00:00:00-05:00,0.7388001431590786,0.7455959679211629,0.734674133562678,0.737829327583313,291080000,0.0,0.0
2015-11-13 00:00:00-05:00,0.7385575542586098,0.7417127487087067,0.7196263875580283,0.7232670187950134,292940000,0.0,0.0
2015-11-16 00:00:00-05:00,0.7327325024111467,0.7383147643041271,0.7269074932248281,0.737829327583313,344280000,0.0,0.0
2015-11-17 00:00:00-05:00,0.7397710166007068,0.7441397156245833,0.734674133562678,0.737829327583313,257048000,0.0,0.0
2015-11-18 00:00:00-05:00,0.7408746141430295,0.7569541575977096,0.7328348714584844,0.755979597568512,350216000,0.002875,0.0
2015-11-19 00:00:00-05:00,0.7586596132954276,0.7657247965353811,0.7525688739941218,0.758172333240509,254072000,0.0,0.0
2015-11-20 00:00:00-05:00,0.7637757402756503,0.7691355881709798,0.7591467833699381,0.7647502422332764,239744000,0.0,0.0
2015-11-23 00:00:00-05:00,0.771084652684741,0.771084652684741,0.7506198776239318,0.7532997727394104,242552000,0.0,0.0
2015-11-24 00:00:00-05:00,0.7532998525660324,0.7659685546100523,0.7498890660420582,0.7593905925750732,195428000,0.0,0.0
2015-11-25 00:00:00-05:00,0.7579287154587517,0.7669429607519451,0.7557360423596741,0.758415937423706,138300000,0.0,0.0
2015-11-27 00:00:00-05:00,0.7598776743595554,0.7671865261701369,0.7559796084434605,0.7647502422332764,86996000,0.0,0.0
2015-11-30 00:00:00-05:00,0.7654812216931498,0.7762009187227343,0.7647503306190601,0.7727900743484497,327244000,0.0,0.0
2015-12-01 00:00:00-05:00,0.7796117657182474,0.7986148189531158,0.7788808745872446,0.797883927822113,409496000,0.0,0.0
2015-12-02 00:00:00-05:00,0.7991019003196742,0.8073852542321404,0.7900876554048619,0.7917930483818054,294240000,0.0,0.0
2015-12-03 00:00:00-05:00,0.7981276239165251,0.8064109801700814,0.7861898116183951,0.790087878704071,246656000,0.0,0.0
2015-12-04 00:00:00-05:00,0.7900876972585307,0.8237084528050892,0.7900876972585307,0.8222466707229614,458756000,0.0,0.0
2015-12-07 00:00:00-05:00,0.8220029272862903,0.8220029272862903,0.8042180503525153,0.8066543340682983,333588000,0.0,0.0
2015-12-08 00:00:00-05:00,0.7966656594327358,0.8210285005434392,0.7915494802251667,0.8176177144050598,314488000,0.0,0.0
2015-12-09 00:00:00-05:00,0.8173740445947524,0.8222466124662234,0.7886258593017184,0.7969092130661011,372676000,0.0,0.0
2015-12-10 00:00:00-05:00,0.7993457434420477,0.8078727688888199,0.7966658477121975,0.8034874796867371,236596000,0.0,0.0
2015-12-11 00:00:00-05:00,0.7954473904196756,0.8010508485847665,0.7898439322545846,0.7915493249893188,227320000,0.0,0.0
2015-12-14 00:00:00-05:00,0.792280522047494,0.7978839823779207,0.7839971080249463,0.7934986352920532,275892000,0.0,0.0
2015-12-15 00:00:00-05:00,0.8025128055786022,0.8088471564835655,0.7981275169981816,0.8032436966896057,307296000,0.0,0.0
2015-12-16 00:00:00-05:00,0.8049489630282054,0.8107960909944942,0.797883780211592,0.8081161379814148,236356000,0.0,0.0
2015-12-17 00:00:00-05:00,0.8093345096735921,0.8176178655655317,0.7954476934816682,0.7959349155426025,254160000,0.0,0.0
2015-12-18 00:00:00-05:00,0.7903314360378382,0.7983711807039477,0.7820480803471811,0.7830225825309753,395896000,0.0,0.0
2015-12-21 00:00:00-05:00,0.7915493638186095,0.8022690007137525,0.784484123509853,0.8015381097793579,284216000,0.0,0.0
2015-12-22 00:00:00-05:00,0.8039744941747585,0.8103088443420631,0.7973965330273557,0.8022691011428833,130012000,0.0,0.0
2015-12-23 00:00:00-05:00,0.8034873685113991,0.8086035482201919,0.8020255862844295,0.805436372756958,122524000,0.0,0.0
2015-12-24 00:00:00-05:00,0.8029999590965033,0.8100651999987082,0.8017817880749961,0.8081161379814148,52448000,0.0,0.0
2015-12-28 00:00:00-05:00,0.7995893098910566,0.8073853850364685,0.7883823901535756,0.8073853850364685,142024000,0.0,0.0
2015-12-29 00:00:00-05:00,0.807872679629805,0.8229776662536089,0.80568000622822,0.8205413818359375,203660000,0.0,0.0
2015-12-30 00:00:00-05:00,0.8198103762771471,0.8268756175279449,0.8132324150761125,0.813476026058197,180344000,0.0,0.0
2015-12-31 00:00:00-05:00,0.8122578270585672,0.8159122237452758,0.8029999136924744,0.8029999136924744,148528000,0.0,0.0
2016-01-04 00:00:00-05:00,0.7866769514293674,0.7937421350456448,0.780586211803641,0.788625955581665,358076000,0.0,0.0
2016-01-05 00:00:00-05:00,0.8034871186501126,0.8146940347910511,0.7917929225565141,0.8012944459915161,490272000,0.0,0.0
2016-01-06 00:00:00-05:00,0.7881386122889165,0.79179306738837,0.7591468148137606,0.7681611180305481,449344000,0.0,0.0
2016-01-07 00:00:00-05:00,0.7489143551440721,0.7540305919862935,0.7279623020184527,0.7377074956893921,645304000,0.0,0.0
2016-01-08 00:00:00-05:00,0.7472089551200366,0.7479398460905468,0.7204098325151563,0.7218716144561768,398472000,0.0,0.0
2016-01-11 00:00:00-05:00,0.7226028304622363,0.7282062916995934,0.7101777364601934,0.7230900526046753,409372000,0.0,0.0
2016-01-12 00:00:00-05:00,0.7360019274859836,0.74599073053029,0.7301548586829631,0.7352710366249084,469356000,0.0,0.0
2016-01-13 00:00:00-05:00,0.7408746009368711,0.745747226739234,0.7121264746421403,0.7128573656082153,481672000,0.0,0.0
2016-01-14 00:00:00-05:00,0.6982397979887323,0.706523211872645,0.6777750195206766,0.6984834671020508,600236000,0.0,0.0
2016-01-15 00:00:00-05:00,0.6704659656732689,0.6785057080426633,0.6490266333263545,0.6604771614074707,841452000,0.0,0.0
2016-01-19 00:00:00-05:00,0.6741203429658962,0.6931233909603539,0.6631570371097727,0.6658369898796082,457140000,0.0,0.0
2016-01-20 00:00:00-05:00,0.6531685470558038,0.6780186741337842,0.6443979105526573,0.6694916486740112,481180000,0.0,0.0
2016-01-21 00:00:00-05:00,0.6768002970812428,0.6877635448735756,0.6629134274797223,0.6772875189781189,481456000,0.0,0.0
2016-01-22 00:00:00-05:00,0.6901999551609949,0.6977524768031707,0.6887381730311803,0.6931235194206238,257996000,0.0,0.0
2016-01-25 00:00:00-05:00,0.6928800466446849,0.7009197918768529,0.6909309840542636,0.6923927664756775,270728000,0.0,0.0
2016-01-26 00:00:00-05:00,0.6938543703902178,0.7021377245330391,0.6867891292281202,0.6992141604423523,227944000,0.0,0.0
2016-01-27 00:00:00-05:00,0.6982396958863596,0.7004323690719649,0.6777749204108323,0.6909308433532715,231700000,0.0,0.0
2016-01-28 00:00:00-05:00,0.6965341394624186,0.698970423068908,0.6699786307260088,0.6833782196044922,276776000,0.0,0.0
2016-01-29 00:00:00-05:00,0.6892254554073879,0.7150500795017979,0.6865455602174991,0.713588297367096,310504000,0.0,0.0
2016-02-01 00:00:00-05:00,0.7128571019612471,0.7174859989202935,0.7067663655251164,0.7138316035270691,289884000,0.0,0.0
2016-02-02 00:00:00-05:00,0.7065231207351178,0.7101775180218428,0.6787494341622583,0.6836220026016235,341908000,0.0,0.0
2016-02-03 00:00:00-05:00,0.688981701784969,0.6931233782521767,0.6711968250275316,0.6870326399803162,326772000,0.0,0.0
2016-02-04 00:00:00-05:00,0.6880071365930462,0.7028685076585478,0.680454674632273,0.687276303768158,348140000,0.0,0.0
2016-02-05 00:00:00-05:00,0.6826475863054845,0.6902000509097878,0.6419615824475545,0.6439105868339539,600428000,0.0,0.0
2016-02-08 00:00:00-05:00,0.634165324188036,0.637332499258142,0.6054171375780253,0.6144314408302307,608852000,0.0,0.0
2016-02-09 00:00:00-05:00,0.6071225959991197,0.6468340322575817,0.6041990318728647,0.6210094094276428,425372000,0.0,0.0
2016-02-10 00:00:00-05:00,0.6249073934081352,0.6429358815881723,0.6161367602680778,0.6195475459098816,335800000,0.0,0.0
2016-02-11 00:00:00-05:00,0.6037119861774918,0.6227150442037346,0.6037119861774918,0.6163806915283203,340144000,0.0,0.0
2016-02-12 00:00:00-05:00,0.6261254957383222,0.6280745575620703,0.6029807713983176,0.6268563866615295,340816000,0.0,0.0
2016-02-16 00:00:00-05:00,0.6358709575661091,0.6585284716648937,0.6339219528257655,0.6575539112091064,485352000,0.0,0.0
2016-02-17 00:00:00-05:00,0.6658370198894444,0.6802111120071171,0.6631570669988213,0.6738767623901367,771468000,0.0,0.0
2016-02-18 00:00:00-05:00,0.7291805042710285,0.7547615153220816,0.7284496132622333,0.7318603992462158,1068660000,0.0,0.0
2016-02-19 00:00:00-05:00,0.7279622014866463,0.748183418927839,0.7223587434903506,0.7416054010391235,525628000,0.0,0.0
2016-02-22 00:00:00-05:00,0.7523253063053654,0.7764445377427859,0.7508635241420797,0.7679175138473511,449668000,0.0,0.0
2016-02-23 00:00:00-05:00,0.7618266648718097,0.7771752580423027,0.7581722102666517,0.769866406917572,369380000,0.0,0.0
2016-02-24 00:00:00-05:00,0.7666992120738233,0.7764443466498614,0.7455034920939152,0.7752261757850647,336852000,0.0,0.0
2016-02-25 00:00:00-05:00,0.7781498144683493,0.780829709309642,0.7630448311839213,0.776931643486023,349616000,0.0,0.0
2016-02-26 00:00:00-05:00,0.7805860522610032,0.7825350560149473,0.764019288010134,0.7718154191970825,361964000,0.0,0.0
2016-02-29 00:00:00-05:00,0.7729159564558384,0.7829410967836045,0.766314029089044,0.7668030261993408,323344000,0.002875,0.0
2016-03-01 00:00:00-05:00,0.7687591459458823,0.8007907867431641,0.7675365366450116,0.8007907867431641,348700000,0.0,0.0
2016-03-02 00:00:00-05:00,0.796389405326877,0.8083707074372719,0.7949222975913648,0.8054364919662476,233812000,0.0,0.0
2016-03-03 00:00:00-05:00,0.8044585570663204,0.8078817700843326,0.7875869322382577,0.798345685005188,302004000,0.0,0.0
2016-03-04 00:00:00-05:00,0.8044584357072597,0.8051919895714891,0.7897874750171056,0.7959004044532776,175304000,0.0,0.0
2016-03-07 00:00:00-05:00,0.7914991970913854,0.7968785734505155,0.7804959458150088,0.790765643119812,239968000,0.0,0.0
2016-03-08 00:00:00-05:00,0.7826966021605398,0.7873424245150398,0.7738940128615173,0.7763391733169556,274940000,0.0,0.0
2016-03-09 00:00:00-05:00,0.7831854776786942,0.7844080284769908,0.7658248016246426,0.7758499979972839,222788000,0.0,0.0
2016-03-10 00:00:00-05:00,0.7804956394865094,0.7848969615885212,0.758978259089567,0.7746272683143616,286084000,0.0,0.0
2016-03-11 00:00:00-05:00,0.7861195217931974,0.7880756844059278,0.7768279388486348,0.7878311276435852,277400000,0.0,0.0
2016-03-14 00:00:00-04:00,0.7841635972266308,0.792966185258675,0.7804958279227726,0.7897874712944031,190312000,0.0,0.0
2016-03-15 00:00:00-04:00,0.7856308814630959,0.7907657013449692,0.7719379701475386,0.7858753800392151,226216000,0.0,0.0
2016-03-16 00:00:00-04:00,0.7800069553214907,0.8120385985956738,0.7763391854324823,0.8093488812446594,363644000,0.0,0.0
2016-03-17 00:00:00-04:00,0.806414302500782,0.8103265106097044,0.7914987904710374,0.8025020360946655,353680000,0.0,0.0
2016-03-18 00:00:00-04:00,0.8120386054157178,0.8374682631032612,0.8069037275279799,0.8267095685005188,545512000,0.0,0.0
2016-03-21 00:00:00-04:00,0.8193740288752798,0.829399168783409,0.8105714399889419,0.8291546702384949,337780000,0.0,0.0
2016-03-22 00:00:00-04:00,0.8264649509748714,0.8335558746371159,0.8174178059073433,0.8276875019073486,242012000,0.0,0.0
2016-03-23 00:00:00-04:00,0.8313552788349738,0.8479823447695656,0.8276875094098626,0.8418694734573364,429008000,0.0,0.0
2016-03-24 00:00:00-04:00,0.8342893180394088,0.8445590126795074,0.8315996597063484,0.8430919051170349,244956000,0.0,0.0
2016-03-28 00:00:00-04:00,0.8416248034034371,0.8553177102529913,0.8406467511207282,0.8516499996185303,265388000,0.0,0.0
2016-03-29 00:00:00-04:00,0.8479823559222659,0.8672991391217335,0.8460262510679579,0.8653430342674255,261812000,0.0,0.0
2016-03-30 00:00:00-04:00,0.8685215155689706,0.8863711861944441,0.8680324603378772,0.8743898868560791,376700000,0.0,0.0
2016-03-31 00:00:00-04:00,0.8783023316158739,0.8802584363418345,0.8643649251260654,0.8712113499641418,379884000,0.0,0.0
2016-04-01 00:00:00-04:00,0.8658318064338141,0.8844150892088485,0.8592298813938428,0.8839260339736938,348292000,0.0,0.0
2016-04-04 00:00:00-04:00,0.8912616878364532,0.8959075094430414,0.8719449058590528,0.8753681182861328,393940000,0.0,0.0
2016-04-05 00:00:00-04:00,0.8675436410799002,0.8822146014509358,0.8641203703555538,0.8741455674171448,339568000,0.0,0.0
2016-04-06 00:00:00-04:00,0.8631423179771226,0.8758571736173789,0.8467597513927703,0.8753681182861328,453376000,0.0,0.0
2016-04-07 00:00:00-04:00,0.8697442995279395,0.877568835541314,0.862653375706613,0.8663210868835449,378104000,0.0,0.0
2016-04-08 00:00:00-04:00,0.8734119523164059,0.8790358258939548,0.8633867559578828,0.8719448447227478,255936000,0.0,0.0
2016-04-11 00:00:00-04:00,0.8770796071322222,0.8917506238370293,0.8743899489133241,0.8773241639137268,387524000,0.0,0.0
2016-04-12 00:00:00-04:00,0.8802585597164322,0.8814811690644259,0.8592301686276107,0.8763463497161865,292764000,0.0,0.0
2016-04-13 00:00:00-04:00,0.8802585096359266,0.8985972407319289,0.8802585096359266,0.8983527421951294,350716000,0.0,0.0
2016-04-14 00:00:00-04:00,0.8959074051693906,0.9047099920267977,0.8922396363549678,0.9007977247238159,416564000,0.0,0.0
2016-04-15 00:00:00-04:00,0.9005534084964926,0.9159579240403428,0.8976191928511043,0.9078888893127441,436972000,0.0,0.0
2016-04-18 00:00:00-04:00,0.9061773407226045,0.9061773407226045,0.8951740896481385,0.9039766788482666,307320000,0.0,0.0
2016-04-19 00:00:00-04:00,0.9073998853510165,0.9091114918087295,0.882214727291887,0.88783860206604,309152000,0.0,0.0
2016-04-20 00:00:00-04:00,0.886371376642619,0.8966410723245356,0.8853933242674876,0.8912616968154907,200172000,0.0,0.0
2016-04-21 00:00:00-04:00,0.8915061354071562,0.8956629597421653,0.8863713170599722,0.8902835845947266,178280000,0.0,0.0
2016-04-22 00:00:00-04:00,0.8932179781761845,0.8993308500533611,0.8839263336386534,0.8868605494499207,223540000,0.0,0.0
2016-04-25 00:00:00-04:00,0.8871049304982712,0.8961520169883624,0.8846597704118353,0.8912616968154907,191972000,0.0,0.0
2016-04-26 00:00:00-04:00,0.8966411926649508,0.9069108897251886,0.8880831020652155,0.891995370388031,214536000,0.0,0.0
2016-04-27 00:00:00-04:00,0.8897945998960272,0.9127791516250636,0.8880829936444844,0.912290096282959,352396000,0.0,0.0
2016-04-28 00:00:00-04:00,0.9066662073033466,0.9120455827893329,0.8829481603963073,0.8851487636566162,381224000,0.0,0.0
2016-04-29 00:00:00-04:00,0.8814812256440496,0.883437330769729,0.8592302237790097,0.8687663674354553,321904000,0.0,0.0
2016-05-02 00:00:00-04:00,0.87707972705206,0.8856378164418792,0.8729229607646214,0.8802584409713745,256076000,0.0,0.0
2016-05-03 00:00:00-04:00,0.8702334754816375,0.8739011871668176,0.8621644398175702,0.8697444200515747,224024000,0.0,0.0
2016-05-04 00:00:00-04:00,0.8592297959920175,0.8599633496232376,0.8411356285477827,0.8499382138252258,525764000,0.0,0.0
2016-05-05 00:00:00-04:00,0.8570293764440631,0.8650984098137097,0.8487157862803114,0.8550732135772705,246884000,0.0,0.0
2016-05-06 00:00:00-04:00,0.85360640601211,0.8660767664919966,0.851894799337857,0.8638761043548584,183240000,0.0,0.0
2016-05-09 00:00:00-04:00,0.8660765873122248,0.8697442984847576,0.8555623925618965,0.862653374671936,333336000,0.0,0.0
2016-05-10 00:00:00-04:00,0.8680325815397806,0.8807474363515378,0.8597190495308057,0.8792803287506104,269676000,0.0,0.0
2016-05-11 00:00:00-04:00,0.8819698680283952,0.8915059489216604,0.8770794909100145,0.8817253112792969,328176000,0.0,0.0
2016-05-12 00:00:00-04:00,0.8880831533691532,0.8919954219179776,0.8540954041535028,0.8697444200515747,670540000,0.0,0.0
2016-05-13 00:00:00-04:00,0.9582587308578793,1.002516150804179,0.953612969435929,1.002027153968811,2110256000,0.0,0.0
2016-05-16 00:00:00-04:00,0.9944474909405496,1.0465295209464924,0.9912687771363524,1.0316139459609985,973032000,0.0,0.0
2016-05-17 00:00:00-04:00,1.026968127415455,1.0411500903200404,1.013764275143554,1.0338146686553955,628392000,0.0,0.0
2016-05-18 00:00:00-04:00,1.026968256557638,1.0722038677538763,1.026968256557638,1.0602225065231323,541072000,0.0,0.0
2016-05-19 00:00:00-04:00,1.0560656839179803,1.0724483686943007,1.0545986926728328,1.0648683309555054,398880000,0.0,0.0
2016-05-20 00:00:00-04:00,1.071470384586725,1.0883420684390337,1.0697587780039637,1.0839407444000244,391084000,0.0,0.0
2016-05-23 00:00:00-04:00,1.0885864478749936,1.0927431562948848,1.0790503051313263,1.085652232170105,413636000,0.0,0.0
2016-05-24 00:00:00-04:00,1.0889611828559178,1.115437570365509,1.086019349032946,1.112005352973938,415788000,0.002875,0.0
2016-05-25 00:00:00-04:00,1.1154384328979596,1.120096203672687,1.098522933784241,1.1073484420776367,458076000,0.0,0.0
2016-05-26 00:00:00-04:00,1.1093093130132536,1.1272053411597993,1.1061223442927504,1.1191153526306152,309964000,0.0,0.0
2016-05-27 00:00:00-04:00,1.1203411208859957,1.126960191688791,1.1166637684088339,1.125244140625,277416000,0.0,0.0
2016-05-31 00:00:00-04:00,1.1301470781064782,1.1477979712616193,1.1294115609056956,1.1453464031219482,412524000,0.0,0.0
2016-06-01 00:00:00-04:00,1.1399532452592693,1.1585846742509023,1.136521142994948,1.1475529670715332,387132000,0.0,0.0
2016-06-02 00:00:00-04:00,1.1536814467404037,1.165448785983371,1.1424044912306899,1.1556427478790283,329208000,0.0,0.0
2016-06-03 00:00:00-04:00,1.1443657258820865,1.1458365263048094,1.119360248340785,1.1394625902175903,461076000,0.0,0.0
2016-06-06 00:00:00-04:00,1.142404642856774,1.1512301484603682,1.1276955837479945,1.1335792541503906,322512000,0.0,0.0
2016-06-07 00:00:00-04:00,1.1404433462666688,1.1468172829437324,1.1352951936191633,1.135785460472107,193400000,0.0,0.0
2016-06-08 00:00:00-04:00,1.136030460465287,1.1401980789173947,1.1227923218131113,1.1321080923080444,234616000,0.0,0.0
2016-06-09 00:00:00-04:00,1.1281863020942886,1.1632428507620003,1.1257347330672414,1.1615267992019653,472168000,0.0,0.0
2016-06-10 00:00:00-04:00,1.1477979611034117,1.1580942666456189,1.1311276018339123,1.1325985193252563,400024000,0.0,0.0
2016-06-13 00:00:00-04:00,1.1338243984198233,1.1693713208295293,1.1338243984198233,1.1470625400543213,475588000,0.0,0.0
2016-06-14 00:00:00-04:00,1.1443659650027995,1.1546622714964516,1.1316180901646324,1.1492689847946167,298344000,0.0,0.0
2016-06-15 00:00:00-04:00,1.1588296969339313,1.1710871859129512,1.1460818242297717,1.1610360145568848,301036000,0.0,0.0
2016-06-16 00:00:00-04:00,1.1524557398337274,1.1676550633011744,1.1411787847136245,1.1656938791275024,246456000,0.0,0.0
2016-06-17 00:00:00-04:00,1.167164915355649,1.1674100487901755,1.1406885171743357,1.1453464031219482,471000000,0.0,0.0
2016-06-20 00:00:00-04:00,1.16373313185243,1.1808936459360952,1.1629976144504244,1.165939450263977,293768000,0.0,0.0
2016-06-21 00:00:00-04:00,1.1708425262889732,1.1740294957546438,1.1571139974763773,1.158830165863037,212508000,0.0,0.0
2016-06-22 00:00:00-04:00,1.1612806968295664,1.1688804141963223,1.1558874131257881,1.157848596572876,202620000,0.0,0.0
2016-06-23 00:00:00-04:00,1.168880897880426,1.1899638916793653,1.168145380722693,1.1887381076812744,297880000,0.0,0.0
2016-06-24 00:00:00-04:00,1.1399536271652024,1.1610366316358203,1.110535497703492,1.1210769414901733,1017684000,0.0,0.0
2016-06-27 00:00:00-04:00,1.1117606868962842,1.1203410586356932,1.0926388759074828,1.1090641021728516,449088000,0.0,0.0
2016-06-28 00:00:00-04:00,1.1301471603640043,1.1313728276258468,1.1097995641536702,1.125244140625,381920000,0.0,0.0
2016-06-29 00:00:00-04:00,1.1350500121403113,1.1524557705521272,1.132108177352794,1.1436302661895752,318932000,0.0,0.0
2016-06-30 00:00:00-04:00,1.1455916048793235,1.1595652635555473,1.1362759493257177,1.1524559259414673,430940000,0.0,0.0
2016-07-01 00:00:00-04:00,1.1460819143919077,1.1610361058954652,1.139953110971649,1.1438754796981812,218488000,0.0,0.0
2016-07-05 00:00:00-04:00,1.1375017253225173,1.1627523433540266,1.1284312023508685,1.1607911586761475,371084000,0.0,0.0
2016-07-06 00:00:00-04:00,1.1527010777591915,1.1750098585479323,1.1468174072970847,1.1681455373764038,273104000,0.0,0.0
2016-07-07 00:00:00-04:00,1.175990701300732,1.2027122419559795,1.1705974132250894,1.1985446214675903,395400000,0.0,0.0
2016-07-08 00:00:00-04:00,1.2112920478809204,1.2524775027835227,1.2066341620944834,1.2465938329696655,481932000,0.0,0.0
2016-07-11 00:00:00-04:00,1.264490325540401,1.2845926766602362,1.263019407544164,1.275277018547058,448776000,0.0,0.0
2016-07-12 00:00:00-04:00,1.2894952887778266,1.3061655300747737,1.2733151974167733,1.294398307800293,436760000,0.0,0.0
2016-07-13 00:00:00-04:00,1.2968497154775824,1.304204302213836,1.2919466966191437,1.293907880783081,324604000,0.0,0.0
2016-07-14 00:00:00-04:00,1.3007721341957919,1.318913291354762,1.2899854464998601,1.3071459531784058,316892000,0.0,0.0
2016-07-15 00:00:00-04:00,1.290475732257729,1.2978303187260427,1.2708636575384735,1.2919466495513916,428616000,0.0,0.0
2016-07-18 00:00:00-04:00,1.30788115591065,1.3098423395029395,1.2936623702965284,1.29856538772583,252992000,0.0,0.0
2016-07-19 00:00:00-04:00,1.297830242848316,1.3171971830358689,1.2953786752031469,1.3120490312576294,382652000,0.0,0.0
2016-07-20 00:00:00-04:00,1.3164621669012382,1.3363194983119067,1.3110688796857557,1.3292100429534912,296460000,0.0,0.0
2016-07-21 00:00:00-04:00,1.326267913536191,1.3304355324364117,1.3002819002331154,1.304694652557373,361308000,0.0,0.0
2016-07-22 00:00:00-04:00,1.3093526358323544,1.3402416706085205,1.2997917301995878,1.3402416706085205,315768000,0.0,0.0
2016-07-25 00:00:00-04:00,1.3483316736522284,1.368188885464996,1.3424480033830197,1.365001916885376,312528000,0.0,0.0
2016-07-26 00:00:00-04:00,1.3770141656226336,1.395400456860547,1.375052981486102,1.3882911205291748,514508000,0.0,0.0
2016-07-27 00:00:00-04:00,1.4003035392743257,1.4027551072292705,1.3659824061854593,1.3743175268173218,446676000,0.0,0.0
2016-07-28 00:00:00-04:00,1.3775046263135655,1.3875557987130118,1.3730918737123918,1.3772594928741455,221916000,0.0,0.0
2016-07-29 00:00:00-04:00,1.382407888909457,1.4034908880709767,1.357647653715535,1.3998136520385742,409588000,0.0,0.0
2016-08-01 00:00:00-04:00,1.405696846696789,1.4108449987764464,1.3816720200945347,1.390742540359497,301120000,0.0,0.0
2016-08-02 00:00:00-04:00,1.3973620265637579,1.3980975438786474,1.360589433941465,1.373827576637268,282748000,0.0,0.0
2016-08-03 00:00:00-04:00,1.3721115384529612,1.380201527610192,1.3645118162454954,1.377504825592041,299828000,0.0,0.0
2016-08-04 00:00:00-04:00,1.384123677428783,1.4093742916915315,1.3814270927356338,1.4030003547668457,272712000,0.0,0.0
2016-08-05 00:00:00-04:00,1.4191802647780114,1.4275153857017777,1.4123160612992858,1.4267799854278564,371588000,0.0,0.0
2016-08-08 00:00:00-04:00,1.4463921138898534,1.4498242157519516,1.4248187351892336,1.4400181770324707,305064000,0.0,0.0
2016-08-09 00:00:00-04:00,1.4471272888964415,1.4576688431722002,1.440017952845644,1.4436951875686646,372344000,0.0,0.0
2016-08-10 00:00:00-04:00,1.456442859108663,1.4586491762597769,1.4297213354479044,1.43437922000885,375740000,0.0,0.0
2016-08-11 00:00:00-04:00,1.4419796851654685,1.4696817566128244,1.4390378495096519,1.4635529518127441,681064000,0.0,0.0
2016-08-12 00:00:00-04:00,1.5174858477128506,1.5537681650768191,1.4863516827846512,1.5454330444335938,1425744000,0.0,0.0
2016-08-15 00:00:00-04:00,1.5471493281155504,1.5567102341769845,1.5231244962353223,1.5439623594284058,573304000,0.0,0.0
2016-08-16 00:00:00-04:00,1.5417559676811485,1.5442074189939246,1.5299887442059688,1.5346466302871704,287652000,0.0,0.0
2016-08-17 00:00:00-04:00,1.5346464062905154,1.5380785077657773,1.4870870186540277,1.4990993738174438,595212000,0.0,0.0
2016-08-18 00:00:00-04:00,1.4968931882846745,1.5248403862602766,1.4910095184383587,1.5223889350891113,331684000,0.0,0.0
2016-08-19 00:00:00-04:00,1.5216531549175252,1.5378331273012582,1.5150340859330145,1.5263110399246216,291560000,0.0,0.0
2016-08-22 00:00:00-04:00,1.5309695861405315,1.5348920726866182,1.5128284219444161,1.53268563747406,244748000,0.0,0.0
2016-08-23 00:00:00-04:00,1.548280774292429,1.555157626031504,1.5406670500883968,1.5450879335403442,339764000,0.002875,0.0
2016-08-24 00:00:00-04:00,1.550491288234533,1.551228043593383,1.5141419969415018,1.5212644338607788,298448000,0.0,0.0
2016-08-25 00:00:00-04:00,1.5217561658175558,1.5224929213916605,1.4922838348259797,1.511195182800293,406032000,0.0,0.0
2016-08-26 00:00:00-04:00,1.5151244521003648,1.5320709964526953,1.5030898443576794,1.523474931716919,300024000,0.0,0.0
2016-08-29 00:00:00-04:00,1.529615441534952,1.5357554225126715,1.520036916621038,1.5224928855895996,274652000,0.0,0.0
2016-08-30 00:00:00-04:00,1.5205281055238493,1.5286330023103538,1.5094759522490466,1.5136512517929077,285544000,0.0,0.0
2016-08-31 00:00:00-04:00,1.5165981879263453,1.5207733694756407,1.5021076108469529,1.506528377532959,388544000,0.0,0.0
2016-09-01 00:00:00-04:00,1.507756331719656,1.5566312844309527,1.5065282889956668,1.5509824752807617,428492000,0.0,0.0
2016-09-02 00:00:00-04:00,1.5541758104801227,1.5558950239955511,1.5183177947438904,1.5357555150985718,323148000,0.0,0.0
2016-09-06 00:00:00-04:00,1.5411585258516194,1.550245761871338,1.5332992155692873,1.550245761871338,306812000,0.0,0.0
2016-09-07 00:00:00-04:00,1.5453336695097946,1.5529473944570613,1.518563015292561,1.5274046659469604,397988000,0.0,0.0
2016-09-08 00:00:00-04:00,1.5259311368836437,1.5409130026077478,1.5084934195861075,1.538456916809082,315808000,0.0,0.0
2016-09-09 00:00:00-04:00,1.5215107258522487,1.530106793933783,1.4490578174146211,1.4618291854858398,697760000,0.0,0.0
2016-09-12 00:00:00-04:00,1.4424262935379462,1.4949852678336306,1.4077962078848354,1.4920380115509033,598260000,0.0,0.0
2016-09-13 00:00:00-04:00,1.4883537743488233,1.505546021985956,1.4620742911808993,1.470424771308899,471768000,0.0,0.0
2016-09-14 00:00:00-04:00,1.4738634245029267,1.488354003670617,1.4615833461094108,1.483441948890686,319048000,0.0,0.0
2016-09-15 00:00:00-04:00,1.4858977648571328,1.5414039854964279,1.4824592217345849,1.539684772491455,515212000,0.0,0.0
2016-09-16 00:00:00-04:00,1.545088148759264,1.5534386294788132,1.5256855164266654,1.543368935585022,902444000,0.0,0.0
2016-09-19 00:00:00-04:00,1.5595789015512267,1.6028050551298638,1.5524564629041646,1.5637542009353638,417128000,0.0,0.0
2016-09-20 00:00:00-04:00,1.5816829242218968,1.5816829242218968,1.5409128639560041,1.5495089292526245,331112000,0.0,0.0
2016-09-21 00:00:00-04:00,1.5541757109909025,1.595928237314501,1.5539301258062246,1.592980980873108,336212000,0.0,0.0
2016-09-22 00:00:00-04:00,1.6023136992423588,1.607225753595312,1.5878231213342549,1.5969103574752808,308732000,0.0,0.0
2016-09-23 00:00:00-04:00,1.5988752496469598,1.60354160166866,1.5880686833826256,1.5951911211013794,276132000,0.0,0.0
2016-09-26 00:00:00-04:00,1.577016890191805,1.5865954157833824,1.5603159252636054,1.580209732055664,230040000,0.0,0.0
2016-09-27 00:00:00-04:00,1.5740694751686228,1.636698263017439,1.573332719633842,1.6342421770095825,402752000,0.0,0.0
2016-09-28 00:00:00-04:00,1.6366979350901538,1.64136440388001,1.619260102688607,1.6401363611221313,319788000,0.0,0.0
2016-09-29 00:00:00-04:00,1.6374346764263832,1.6605214350485007,1.6222073445422058,1.65536367893219,336684000,0.0,0.0
2016-09-30 00:00:00-04:00,1.6644512874172306,1.6993269572874405,1.6546271781520543,1.6828715801239014,429932000,0.0,0.0
2016-10-03 00:00:00-04:00,1.6828714355621224,1.70718612147165,1.6782049664951288,1.681152105331421,242596000,0.0,0.0
2016-10-04 00:00:00-04:00,1.6836085173065176,1.7118528052137567,1.6649426374207623,1.6774684190750122,281624000,0.0,0.0
2016-10-05 00:00:00-04:00,1.6917131503496974,1.7089053992941716,1.670591304732974,1.6757489442825317,305440000,0.0,0.0
2016-10-06 00:00:00-04:00,1.6556094652018367,1.6659247437328033,1.6273650661424728,1.6538902521133423,360212000,0.0,0.0
2016-10-07 00:00:00-04:00,1.6649424813031555,1.6693633656688198,1.6371893663807364,1.6418558359146118,286260000,0.0,0.0
2016-10-10 00:00:00-04:00,1.6504517982219755,1.6592935663953907,1.6325227938350453,1.6479958295822144,287876000,0.0,0.0
2016-10-11 00:00:00-04:00,1.6425925013371354,1.6450484698220746,1.6116464317936088,1.6241722106933594,388540000,0.0,0.0
2016-10-12 00:00:00-04:00,1.617541246630831,1.6401367230667026,1.6040331246510098,1.6315406560897827,419920000,0.0,0.0
2016-10-13 00:00:00-04:00,1.6123840168450778,1.616068029756789,1.5644913805421972,1.6050158739089966,390116000,0.0,0.0
2016-10-14 00:00:00-04:00,1.6246634537518354,1.6357156052107098,1.6111553336979958,1.6207338571548462,330636000,0.0,0.0
2016-10-17 00:00:00-04:00,1.6204881953973975,1.6357155278816184,1.6091904593243929,1.611400842666626,195328000,0.0,0.0
2016-10-18 00:00:00-04:00,1.633750672490751,1.6452939932963364,1.627119405583555,1.6359610557556152,269372000,0.0,0.0
2016-10-19 00:00:00-04:00,1.6249094504197656,1.6401367863828094,1.6165588511910993,1.6325230598449707,199060000,0.0,0.0
2016-10-20 00:00:00-04:00,1.6516801667139198,1.6688724190320234,1.6283479330296569,1.6634690761566162,312084000,0.0,0.0
2016-10-21 00:00:00-04:00,1.6575742281057828,1.6617494096120329,1.6430836511757856,1.6588022708892822,279508000,0.0,0.0
2016-10-24 00:00:00-04:00,1.670100422043264,1.7386236102437063,1.669854719735397,1.7366588115692139,339836000,0.0,0.0
2016-10-25 00:00:00-04:00,1.7337115103586693,1.7757096225904412,1.725361028372623,1.765148639678955,397460000,0.0,0.0
2016-10-26 00:00:00-04:00,1.7504118467124339,1.7916731885830337,1.7486926338938746,1.7722705602645874,333792000,0.0,0.0
2016-10-27 00:00:00-04:00,1.7857789146930392,1.789217340786452,1.7287990647930735,1.7359215021133423,388664000,0.0,0.0
2016-10-28 00:00:00-04:00,1.7442722662743055,1.770797337026611,1.7297816880007935,1.7329745292663574,290856000,0.0,0.0
2016-10-31 00:00:00-04:00,1.7386233512577225,1.7592540270483255,1.737640893510506,1.7477107048034668,252388000,0.0,0.0
2016-11-01 00:00:00-04:00,1.754096295689411,1.7636748190517701,1.6772225236447271,1.6958884000778198,473224000,0.0,0.0
2016-11-02 00:00:00-04:00,1.7089053883213938,1.731992032126004,1.6858186274041695,1.6887658834457397,295848000,0.0,0.0
2016-11-03 00:00:00-04:00,1.6966253385550216,1.6980989667014903,1.6366982233449174,1.66911780834198,309664000,0.0,0.0
2016-11-04 00:00:00-04:00,1.6580653564183168,1.68802896716943,1.635224299941186,1.659538984298706,328780000,0.0,0.0
2016-11-07 00:00:00-05:00,1.7081688832994044,1.7614647373287957,1.7069408401657447,1.7504125833511353,487580000,0.0,0.0
2016-11-08 00:00:00-05:00,1.7570435263952433,1.7626924534946564,1.731500913206411,1.7477107048034668,429884000,0.0,0.0
2016-11-09 00:00:00-05:00,1.7003095838683298,1.7413253582045916,1.687783918572133,1.7182385921478271,456532000,0.0,0.0
2016-11-10 00:00:00-05:00,1.7558155956736674,1.756061180831628,1.6396453838499685,1.664451241493225,869280000,0.0,0.0
2016-11-11 00:00:00-05:00,1.9527891591575337,2.180217408756554,1.9279831846676532,2.160569190979004,2175344000,0.0,0.0
2016-11-14 00:00:00-05:00,2.163517046827138,2.1659731332865033,2.0537326054168337,2.0542237758636475,1348796000,0.0,0.0
2016-11-15 00:00:00-05:00,2.070186884594065,2.1477973996777946,2.061345118081629,2.116851568222046,626092000,0.0,0.0
2016-11-16 00:00:00-05:00,2.1450960385411486,2.2733006104421447,2.120781354122835,2.250459671020508,987984000,0.0,0.0
2016-11-17 00:00:00-05:00,2.267160784609888,2.328070350906106,2.2263906055738483,2.2691256999969482,832988000,0.0,0.0
2016-11-18 00:00:00-05:00,2.2691263918916,2.316773203747608,2.2546358098911194,2.292949914932251,576060000,0.0,0.0
2016-11-21 00:00:00-05:00,2.310878246752644,2.317263929054057,2.2693711946808492,2.283616304397583,436436000,0.0,0.0
2016-11-22 00:00:00-05:00,2.2914758875173695,2.3022823385489417,2.268880410469345,2.300071954727173,330368000,0.0,0.0
2016-11-23 00:00:00-05:00,2.30523717741466,2.3428706618902813,2.2818701314228718,2.3113865852355957,443236000,0.0035,0.0
2016-11-25 00:00:00-05:00,2.322454353372389,2.339180313701126,2.297611131060066,2.316059112548828,195564000,0.0,0.0
2016-11-28 00:00:00-05:00,2.3089264895275723,2.3303259095950093,2.302285176952766,2.3148298263549805,278736000,0.0,0.0
2016-11-29 00:00:00-05:00,2.312124129078461,2.3229469920887627,2.275966599397766,2.2936763763427734,444568000,0.0,0.0
2016-11-30 00:00:00-05:00,2.302285428050717,2.31605996034228,2.2653899207192554,2.2678496837615967,440500000,0.0,0.0
2016-12-01 00:00:00-05:00,2.2653892932785173,2.267111080016093,2.0850928876625425,2.155686378479004,1035524000,0.0,0.0
2016-12-02 00:00:00-05:00,2.1214978616455276,2.1842204352693853,2.0937031856660773,2.1756114959716797,478292000,0.0,0.0
2016-12-05 00:00:00-05:00,2.213489575494441,2.2779339004862798,2.189138489022861,2.2599780559539795,602284000,0.0,0.0
2016-12-06 00:00:00-05:00,2.268095782265944,2.305483434201044,2.252353625376215,2.2971203327178955,498796000,0.0,0.0
2016-12-07 00:00:00-05:00,2.2835916891393184,2.344100307813604,2.265389772225389,2.3384430408477783,480804000,0.0,0.0
2016-12-08 00:00:00-05:00,2.3413946725190264,2.376568389776538,2.288757014402109,2.2993335723876953,381544000,0.0,0.0
2016-12-09 00:00:00-05:00,2.31704347575751,2.3187652627520303,2.231199726982871,2.25850248336792,382312000,0.0,0.0
2016-12-12 00:00:00-05:00,2.210046193880821,2.212505956665766,2.153226987173576,2.203650951385498,601332000,0.0,0.0
2016-12-13 00:00:00-05:00,2.2159493543035063,2.2700629583843956,2.2149655430982143,2.242514133453369,387796000,0.0,0.0
2016-12-14 00:00:00-05:00,2.2762124571013977,2.388621230889203,2.252353272628307,2.372387170791626,983980000,0.0,0.0
2016-12-15 00:00:00-05:00,2.383455507456011,2.458230795617796,2.376076453599585,2.427976369857788,746548000,0.0,0.0
2016-12-16 00:00:00-05:00,2.4555249756365605,2.4769243961360994,2.4038711292175683,2.4697914123535156,1089528000,0.0,0.0
2016-12-19 00:00:00-05:00,2.452327666505828,2.51996950750262,2.4351095599472945,2.499799966812134,744656000,0.0,0.0
2016-12-20 00:00:00-05:00,2.572360310036144,2.610485683356122,2.56104554539667,2.5868725776672363,848056000,0.0,0.0
2016-12-21 00:00:00-05:00,2.5984344728543616,2.6060595982339696,2.5509621677815075,2.6031079292297363,576136000,0.0,0.0
2016-12-22 00:00:00-05:00,2.6274590749093742,2.6778830499906707,2.6203258551257553,2.634592294692993,718612000,0.0,0.0
2016-12-23 00:00:00-05:00,2.6166362828062293,2.701742313097032,2.6139306838299827,2.7002663612365723,647692000,0.0,0.0
2016-12-27 00:00:00-05:00,2.756347992202716,2.8867124092181764,2.735686307050103,2.885728597640991,1194272000,0.0,0.0
2016-12-28 00:00:00-05:00,2.9418092408280483,2.9499262711117824,2.6734553357773043,2.687229633331299,2295764000,0.0,0.0
2016-12-29 00:00:00-05:00,2.580232117574343,2.742326876986516,2.5285782705828,2.7408509254455566,2175368000,0.0,0.0
2016-12-30 00:00:00-05:00,2.738883741355182,2.7529041103596503,2.61466851240196,2.625491142272949,1212932000,0.0,0.0
2017-01-03 00:00:00-05:00,2.5679337648356935,2.6163901120639688,2.4444565206291022,2.5091469287872314,1501996000,0.0,0.0
2017-01-04 00:00:00-05:00,2.5433364240118728,2.5949902671628715,2.497339847336833,2.567687511444092,1199220000,0.0,0.0
2017-01-05 00:00:00-05:00,2.5711316720815462,2.6028618201830502,2.485533741389581,2.5025057792663574,984296000,0.0,0.0
2017-01-06 00:00:00-05:00,2.5298086433596483,2.5642446262342946,2.4892234867390743,2.5359580516815186,822856000,0.0,0.0
2017-01-09 00:00:00-05:00,2.5457969228365154,2.656483694573767,2.5457969228365154,2.6387736797332764,916248000,0.0,0.0
2017-01-10 00:00:00-05:00,2.651809780371361,2.685753617760832,2.5981880739184255,2.618849754333496,880920000,0.0,0.0
2017-01-11 00:00:00-05:00,2.607289404216634,2.612208696030333,2.561784723416295,2.586627721786499,525664000,0.0,0.0
2017-01-12 00:00:00-05:00,2.5637523826738877,2.5753129873046032,2.4995538818778806,2.544320583343506,625616000,0.0,0.0
2017-01-13 00:00:00-05:00,2.548255611827115,2.5826915840619202,2.5349732223621153,2.544074296951294,457820000,0.0,0.0
2017-01-17 00:00:00-05:00,2.5334987436892105,2.5384180366548907,2.473727844598693,2.4870102405548096,580612000,0.0,0.0
2017-01-18 00:00:00-05:00,2.4656097866418096,2.539154956948126,2.4378151244008808,2.5322678089141846,654424000,0.0,0.0
2017-01-19 00:00:00-05:00,2.5352199377249076,2.618603939591291,2.533006244679947,2.586627721786499,644872000,0.0,0.0
2017-01-20 00:00:00-05:00,2.6092571453701883,2.6269671596843973,2.5364499342809452,2.5583412647247314,492024000,0.0,0.0
2017-01-23 00:00:00-05:00,2.553175951524843,2.604829809068661,2.5507161881713407,2.5849061012268066,369904000,0.0,0.0
2017-01-24 00:00:00-05:00,2.594990197848599,2.6461521340145744,2.580231856810001,2.640002727508545,428052000,0.0,0.0
2017-01-25 00:00:00-05:00,2.6823104855582245,2.688459893959086,2.6154066111036545,2.651318311691284,522760000,0.0,0.0
2017-01-26 00:00:00-05:00,2.654023772984051,2.7044477463760166,2.6245073179187,2.697068691253662,458800000,0.0,0.0
2017-01-27 00:00:00-05:00,2.703956034605218,2.7521663183762977,2.6773912465984466,2.7492146492004395,471996000,0.0,0.0
2017-01-30 00:00:00-05:00,2.728306044307573,2.730519736665078,2.654268977912736,2.7061686515808105,496004000,0.0,0.0
2017-01-31 00:00:00-05:00,2.679851220982972,2.706907916886474,2.661403228537527,2.6855084896087646,362756000,0.0,0.0
2017-02-01 00:00:00-05:00,2.71994292181555,2.8070165406635503,2.7022331485362923,2.80283522605896,590004000,0.0,0.0
2017-02-02 00:00:00-05:00,2.7868471581214727,2.8468640974941195,2.756346900129385,2.838254928588867,483240000,0.0,0.0
2017-02-03 00:00:00-05:00,2.839731616303163,2.850800316047078,2.8016062252829723,2.813412666320801,372744000,0.0,0.0
2017-02-06 00:00:00-05:00,2.804065695958869,2.8859739785412897,2.804065695958869,2.8854820728302,506768000,0.0,0.0
2017-02-07 00:00:00-05:00,2.919671943672788,2.9742774646626557,2.899994308037366,2.930248737335205,746224000,0.0,0.0
2017-02-08 00:00:00-05:00,2.9122929339811763,2.9346761686253675,2.862606703843993,2.9174582958221436,449580000,0.0,0.0
2017-02-09 00:00:00-05:00,2.9236080173598533,2.928527544555304,2.8434217414273326,2.86260724067688,842568000,0.0,0.0
2017-02-10 00:00:00-05:00,2.949926372911236,2.96886603270157,2.7696299132529547,2.7947189807891846,1651092000,0.0,0.0
2017-02-13 00:00:00-05:00,2.7890618020379416,2.8035740775941367,2.661402991177167,2.665830612182617,1180724000,0.0,0.0
2017-02-14 00:00:00-05:00,2.656236919298027,2.7093667151400602,2.614421891252086,2.675668716430664,850632000,0.0,0.0
2017-02-15 00:00:00-05:00,2.678621050995418,2.7007582173115274,2.6505803119220257,2.6810805797576904,373020000,0.0,0.0
2017-02-16 00:00:00-05:00,2.690673197388687,2.691903078890702,2.5989261016064082,2.638035535812378,647176000,0.0,0.0
2017-02-17 00:00:00-05:00,2.6245071179613686,2.6419710602619375,2.5775267228442647,2.6375434398651123,563740000,0.0,0.0
2017-02-21 00:00:00-05:00,2.662140065843984,2.735931300334792,2.661893995758564,2.7319958209991455,551952000,0.0,0.0
2017-02-22 00:00:00-05:00,2.7440642173313523,2.75342292595636,2.708845869637881,2.7278096675872803,433772000,0.0035,0.0
2017-02-23 00:00:00-05:00,2.5982657220057583,2.6201846784903453,2.4549301724327126,2.4748787879943848,1592888000,0.0,0.0
2017-02-24 00:00:00-05:00,2.3906504250915286,2.51206700687691,2.3569098959544026,2.498767852783203,1029904000,0.0,0.0
2017-02-27 00:00:00-05:00,2.5169930888980403,2.5864442626313653,2.501231065421149,2.5714211463928223,715400000,0.0,0.0
2017-02-28 00:00:00-05:00,2.5810264310405633,2.5908779028680007,2.482021534869381,2.4992611408233643,625360000,0.0,0.0
2017-03-01 00:00:00-05:00,2.556151434892164,2.5704358775653255,2.4901481873153526,2.5315234661102295,504804000,0.0,0.0
2017-03-02 00:00:00-05:00,2.5187171501493224,2.532755213880659,2.4354740557425822,2.438183069229126,754332000,0.0,0.0
2017-03-03 00:00:00-05:00,2.42759314243817,2.4325186428186987,2.369716927581068,2.424145221710205,864692000,0.0,0.0
2017-03-06 00:00:00-05:00,2.3879410007071664,2.4160171183303945,2.343856718744178,2.4054269790649414,883568000,0.0,0.0
2017-03-07 00:00:00-05:00,2.405426513065591,2.451234745927306,2.392619890126027,2.4317784309387207,603400000,0.0,0.0
2017-03-08 00:00:00-05:00,2.4800510476773274,2.4948280196774317,2.4251304577269446,2.42734694480896,638712000,0.0,0.0
2017-03-09 00:00:00-05:00,2.411339438556659,2.4492665798810505,2.3987789501757706,2.4268550872802734,478060000,0.0,0.0
2017-03-10 00:00:00-05:00,2.4532059844641183,2.465027324288302,2.4229133754592485,2.4411380290985107,499740000,0.0,0.0
2017-03-13 00:00:00-04:00,2.451482103054784,2.5182242563516914,2.4507431958945807,2.5083730220794678,774136000,0.0,0.0
2017-03-14 00:00:00-04:00,2.521179365441611,2.5305378373023526,2.4743858317782754,2.5066487789154053,522016000,0.0,0.0
2017-03-15 00:00:00-04:00,2.5182244635217144,2.5364491192450664,2.470692013504071,2.5256128311157227,615036000,0.0,0.0
2017-03-16 00:00:00-04:00,2.53620282156962,2.5571367242259133,2.522164759571124,2.5566439628601074,523100000,0.0,0.0
2017-03-17 00:00:00-04:00,2.5741295240609903,2.613534690457664,2.5566435445942948,2.6123032569885254,1119688000,0.0,0.0
2017-03-20 00:00:00-04:00,2.629789757833636,2.699487308875962,2.613781354432952,2.6955466270446777,748568000,0.0,0.0
2017-03-21 00:00:00-04:00,2.67830635041675,2.7081064281075036,2.6004815443602918,2.6083624362945557,913484000,0.0,0.0
2017-03-22 00:00:00-04:00,2.5972809967194537,2.6662398906234817,2.593340548892028,2.661560535430908,616764000,0.0,0.0
2017-03-23 00:00:00-04:00,2.6536787795462105,2.6736276295999932,2.6278193765801605,2.6374242305755615,533940000,0.0,0.0
2017-03-24 00:00:00-04:00,2.683725422133769,2.6916063164516815,2.6209237088064854,2.6467831134796143,439500000,0.0,0.0
2017-03-27 00:00:00-04:00,2.6002361023902445,2.6699336610431588,2.5509799228403383,2.6659932136535645,506644000,0.0,0.0
2017-03-28 00:00:00-04:00,2.6672242908280603,2.6817548794675865,2.64185741459823,2.6522011756896973,432444000,0.0,0.0
2017-03-29 00:00:00-04:00,2.659590278198326,2.671904383561515,2.6413656183430683,2.6435821056365967,349992000,0.0,0.0
2017-03-30 00:00:00-04:00,2.6507222552615555,2.7090909661497036,2.645057850580555,2.6943140029907227,525532000,0.0,0.0
2017-03-31 00:00:00-04:00,2.6847107911527397,2.706383605385506,2.6696876731167554,2.6827404499053955,440808000,0.0,0.0
2017-04-03 00:00:00-04:00,2.6832334798423716,2.700473086711525,2.645552255743749,2.6691954135894775,445232000,0.0,0.0
2017-04-04 00:00:00-04:00,2.546546032303542,2.571666757037447,2.4711840929737328,2.482020378112793,1271280000,0.0,0.0
2017-04-05 00:00:00-04:00,2.4633037100857216,2.5211799232172014,2.450497080657409,2.463550090789795,747048000,0.0,0.0
2017-04-06 00:00:00-04:00,2.468721891571607,2.493596242380354,2.4236523093317857,2.4815285205841064,635120000,0.0,0.0
2017-04-07 00:00:00-04:00,2.487931421215467,2.505417401568764,2.4559148540102713,2.470937967300415,429068000,0.0,0.0
2017-04-10 00:00:00-04:00,2.4716775683250187,2.478327029416072,2.403703968452938,2.407890796661377,756332000,0.0,0.0
2017-04-11 00:00:00-04:00,2.377843840877245,2.4357200469240055,2.3729183412465127,2.4165101051330566,618148000,0.0,0.0
2017-04-12 00:00:00-04:00,2.4165102342073284,2.430794442258566,2.3913895036201556,2.39656138420105,414092000,0.0,0.0
2017-04-13 00:00:00-04:00,2.3724264529857795,2.3940990329863405,2.351738691329956,2.351738691329956,506892000,0.0,0.0
2017-04-17 00:00:00-04:00,2.364544780272681,2.4440935636431433,2.359372899763019,2.443847417831421,497292000,0.0,0.0
2017-04-18 00:00:00-04:00,2.429562876195133,2.451482065887874,2.4037034746995816,2.4453248977661133,370116000,0.0,0.0
2017-04-19 00:00:00-04:00,2.4628111998558007,2.4869466443917414,2.4482806100187,2.454930305480957,380828000,0.0,0.0
2017-04-20 00:00:00-04:00,2.469459597257772,2.498520761656104,2.4482793230917297,2.4938414096832275,404016000,0.0,0.0
2017-04-21 00:00:00-04:00,2.4834979244727755,2.5068946891057147,2.4716765867150037,2.504185676574707,341896000,0.0,0.0
2017-04-24 00:00:00-04:00,2.535710194209574,2.548516823214267,2.5147765253189474,2.53546404838562,371820000,0.0,0.0
2017-04-25 00:00:00-04:00,2.5499944180038687,2.5940787085073245,2.528567989566946,2.5795481204986572,388440000,0.0,0.0
2017-04-26 00:00:00-04:00,2.5930929155164253,2.5955555472008918,2.559844921621365,2.5618152618408203,327004000,0.0,0.0
2017-04-27 00:00:00-04:00,2.5692052649509267,2.610087795445344,2.5512267503945556,2.6017143726348877,319700000,0.0,0.0
2017-04-28 00:00:00-04:00,2.5948185025375374,2.6017143453227103,2.5630480677275256,2.5687127113342285,348248000,0.0,0.0
2017-05-01 00:00:00-04:00,2.579548274976923,2.631513696847482,2.5724060534462483,2.6263415813446045,307732000,0.0,0.0
2017-05-02 00:00:00-04:00,2.5994966326968756,2.6007280661669334,2.5258584143676903,2.548516273498535,629972000,0.0,0.0
2017-05-03 00:00:00-04:00,2.5416202179323193,2.5770847002910715,2.526843487291447,2.5674798488616943,336904000,0.0,0.0
2017-05-04 00:00:00-04:00,2.573637035601412,2.5847197021151764,2.54974774266605,2.557628870010376,209788000,0.0,0.0
2017-05-05 00:00:00-04:00,2.5460535797273933,2.5650171379884874,2.5305377062782215,2.557874917984009,228428000,0.0,0.0
2017-05-08 00:00:00-04:00,2.569697649573515,2.571175229444741,2.519702556747399,2.531031608581543,365240000,0.0,0.0
2017-05-09 00:00:00-04:00,2.536695815037538,2.5842280360874095,2.528322158484752,2.5352180004119873,847672000,0.0,0.0
2017-05-10 00:00:00-04:00,2.8147463369231915,3.000196047330052,2.8080968776533934,2.987143039703369,2129096000,0.0,0.0
2017-05-11 00:00:00-04:00,2.95660467620869,3.2122444879911485,2.953156755790905,3.1154558658599854,1939792000,0.0,0.0
2017-05-12 00:00:00-04:00,3.1186569668088726,3.191802421850196,3.0977230681347754,3.149688243865967,962620000,0.0,0.0
2017-05-15 00:00:00-04:00,3.1908181002633813,3.3102643524987374,3.186384891902223,3.3078014850616455,1087540000,0.0,0.0
2017-05-16 00:00:00-04:00,3.3587815108643055,3.384887529056603,3.28440484262376,3.3693716526031494,1120700000,0.0,0.0
2017-05-17 00:00:00-04:00,3.3026283065434003,3.3213457159148296,3.1413143107564063,3.145501136779785,1271368000,0.0,0.0
2017-05-18 00:00:00-04:00,3.189340479217032,3.2861291084895776,3.129001632581832,3.2772629261016846,1156032000,0.0,0.0
2017-05-19 00:00:00-04:00,3.3783439246924383,3.407682111391923,3.3337201618292505,3.35295033454895,1018372000,0.0035,0.0
2017-05-22 00:00:00-04:00,3.396588244938052,3.4387465497366225,3.385740309750181,3.4244472980499268,836608000,0.0,0.0
2017-05-23 00:00:00-04:00,3.4441701699636695,3.4463889907630767,3.3458004885291315,3.3783438205718994,681248000,0.0,0.0
2017-05-24 00:00:00-04:00,3.475234763322068,3.4779468648983247,3.404231074114113,3.416311740875244,815996000,0.0,0.0
2017-05-25 00:00:00-04:00,3.4515667476823078,3.4523064330806963,3.3637983492650685,3.4086687564849854,608228000,0.0,0.0
2017-05-26 00:00:00-04:00,3.4005330786977535,3.5817402566336582,3.380316812794464,3.4969303607940674,779140000,0.0,0.0
2017-05-30 00:00:00-04:00,3.542786057449428,3.6066399874781485,3.5267610324698913,3.57163143157959,989652000,0.0,0.0
2017-05-31 00:00:00-04:00,3.616502190512127,3.6241449791864877,3.5021074708039275,3.558811902999878,887316000,0.0,0.0
2017-06-01 00:00:00-04:00,3.574590410731282,3.5755767363194138,3.5136949745751664,3.559058427810669,503340000,0.0,0.0
2017-06-02 00:00:00-04:00,3.5560995067070698,3.582232782038283,3.535390198560589,3.541307210922241,487456000,0.0,0.0
2017-06-05 00:00:00-04:00,3.525036010434045,3.6618658225670244,3.5134486243272063,3.649045705795288,817376000,0.0,0.0
2017-06-06 00:00:00-04:00,3.644362098414073,3.6904652463203975,3.619215140573693,3.632528305053711,758728000,0.0,0.0
2017-06-07 00:00:00-04:00,3.656934811807027,3.6951485185639883,3.641402830016917,3.6764113903045654,612612000,0.0,0.0
2017-06-08 00:00:00-04:00,3.783410228405534,3.9446477758382437,3.7422380123881336,3.9431686401367188,1161744000,0.0,0.0
2017-06-09 00:00:00-04:00,4.061507510996559,4.154206582673078,3.5193647501734735,3.6882450580596924,3692928000,0.0,0.0
2017-06-12 00:00:00-04:00,3.5965325130376598,3.7400190145561973,3.503586789949396,3.6973674297332764,1697532000,0.0,0.0
2017-06-13 00:00:00-04:00,3.8065850591265993,3.815707219011461,3.590862130547796,3.7326231002807617,1672504000,0.0,0.0
2017-06-14 00:00:00-04:00,3.7355814453238203,3.7982026555501305,3.6611262093365955,3.7405121326446533,1184640000,0.0,0.0
2017-06-15 00:00:00-04:00,3.623158946445584,3.7868617173313996,3.6118179657780725,3.756537437438965,963824000,0.0,0.0
2017-06-16 00:00:00-04:00,3.766152339550402,3.8139812523710908,3.704024174964848,3.738046646118164,924960000,0.0,0.0
2017-06-19 00:00:00-04:00,3.7821773378940327,3.883752175590543,3.7784793812368624,3.878574848175049,778176000,0.0,0.0
2017-06-20 00:00:00-04:00,3.920732731158925,3.987545170280228,3.868712822433157,3.872903823852539,1095444000,0.0,0.0
2017-06-21 00:00:00-04:00,3.9005170545393497,3.935279212289208,3.8386352928456047,3.9315810203552246,682652000,0.0,0.0
2017-06-22 00:00:00-04:00,3.9397168249575203,3.9530302217722477,3.8805471651736716,3.904461622238159,469132000,0.0,0.0
2017-06-23 00:00:00-04:00,3.9121040049522513,3.927882626280343,3.7774927960440103,3.792531967163086,1088588000,0.0,0.0
2017-06-26 00:00:00-04:00,3.8253227397297986,3.8608245885393195,3.656935656880327,3.7511141300201416,1063960000,0.0,0.0
2017-06-27 00:00:00-04:00,3.7336092056554144,3.7422380852138897,3.608120139106439,3.613790512084961,999492000,0.0,0.0
2017-06-28 00:00:00-04:00,3.6813430687002087,3.7459367053598016,3.5933280169054256,3.7412524223327637,994948000,0.0,0.0
2017-06-29 00:00:00-04:00,3.7128989414171176,3.7158572121181925,3.552154477361708,3.616255044937134,1064424000,0.0,0.0
2017-06-30 00:00:00-04:00,3.63351371740465,3.6470735195796826,3.5378561221156817,3.5639894008636475,731060000,0.0,0.0
2017-07-03 00:00:00-04:00,3.5760696175737685,3.5908619144048175,3.416557853152628,3.4350483417510986,709072000,0.0,0.0
2017-07-05 00:00:00-04:00,3.498409198821919,3.555606674924944,3.4794256652149875,3.526761531829834,820188000,0.0,0.0
2017-07-06 00:00:00-04:00,3.4976704399444802,3.584206121454342,3.4456502809061513,3.537363290786743,746284000,0.0,0.0
2017-07-07 00:00:00-04:00,3.5940668603958397,3.6364718027947545,3.571138495932102,3.61822772026062,654972000,0.0,0.0
2017-07-10 00:00:00-04:00,3.6916973695128217,3.796723532064029,3.6655640901880857,3.789327383041382,958492000,0.0,0.0
2017-07-11 00:00:00-04:00,3.7930249239539844,3.8507154407131643,3.7511130281552103,3.8430726528167725,757956000,0.0,0.0
2017-07-12 00:00:00-04:00,3.902735437994072,4.018609284166019,3.859837450895551,4.006528854370117,1145208000,0.0,0.0
2017-07-13 00:00:00-04:00,4.018610023184086,4.0999683706151675,3.913830497181783,3.9601800441741943,1369132000,0.0,0.0
2017-07-14 00:00:00-04:00,3.9764515769203514,4.06816457721264,3.9695484731477424,4.066685676574707,941948000,0.0,0.0
2017-07-17 00:00:00-04:00,4.100707495383947,4.129552873332304,3.9877919149582803,4.049427032470703,930792000,0.0,0.0
2017-07-18 00:00:00-04:00,3.9885323639354753,4.106132484092921,3.976698336345437,4.091586589813232,776640000,0.0,0.0
2017-07-19 00:00:00-04:00,4.100706868864145,4.127086781652957,4.058302166542235,4.070382595062256,687044000,0.0,0.0
2017-07-20 00:00:00-04:00,4.0908460892615714,4.12979924622593,4.041044997461201,4.129552841186523,699596000,0.0,0.0
2017-07-21 00:00:00-04:00,4.109090554629179,4.173930827871632,4.0947910661383045,4.144345760345459,648332000,0.0,0.0
2017-07-24 00:00:00-04:00,4.151496348793714,4.161111320810862,4.085669975349175,4.09627103805542,652524000,0.0,0.0
2017-07-25 00:00:00-04:00,4.073341998949852,4.090846634090149,4.032909465886904,4.076547145843506,496556000,0.0,0.0
2017-07-26 00:00:00-04:00,4.1339909012936165,4.189462606282366,4.088873851870943,4.123636245727539,640404000,0.0,0.0
2017-07-27 00:00:00-04:00,4.1485373784960675,4.160125001493352,3.8844924487719226,3.987546443939209,782856000,0.0,0.0
2017-07-28 00:00:00-04:00,3.9517972947574473,4.077286594312323,3.9268969821075874,4.0528788566589355,513348000,0.0,0.0
2017-07-31 00:00:00-04:00,4.066438193290225,4.1024330776482305,3.9599329108716357,4.006528854370117,559672000,0.0,0.0
2017-08-01 00:00:00-04:00,3.997160537931892,4.057069880558753,3.9693017202164262,4.055344104766846,431384000,0.0,0.0
2017-08-02 00:00:00-04:00,4.086408754079938,4.090353115961001,3.975958627352933,4.0528788566589355,478444000,0.0,0.0
2017-08-03 00:00:00-04:00,4.052385261440039,4.108103359243933,4.03537391096739,4.104405403137207,442420000,0.0,0.0
2017-08-04 00:00:00-04:00,4.127086714185362,4.19291305746018,4.10440522801529,4.122402667999268,589096000,0.0,0.0
2017-08-07 00:00:00-04:00,4.151494071884039,4.249616860095262,4.141878634901765,4.249124050140381,717412000,0.0,0.0
2017-08-08 00:00:00-04:00,4.287092404837844,4.303610477857931,4.159384522329569,4.19858455657959,755336000,0.0,0.0
2017-08-09 00:00:00-04:00,4.15248103545533,4.245673392527062,4.133743907981555,4.243207931518555,530784000,0.0,0.0
2017-08-10 00:00:00-04:00,4.244440392951123,4.256767697895053,4.051399452891337,4.061507701873779,1328088000,0.0,0.0
2017-08-11 00:00:00-04:00,3.8741368726237617,3.9199933679386967,3.769850406464079,3.8450450897216797,1497196000,0.0,0.0
2017-08-14 00:00:00-04:00,3.93651164109645,4.155439461200298,3.924924256068309,4.1517415046691895,1279020000,0.0,0.0
2017-08-15 00:00:00-04:00,4.156918718738203,4.183051759260188,4.082463488395804,4.116732597351074,764532000,0.0,0.0
2017-08-16 00:00:00-04:00,4.131769977207492,4.155191141510082,4.0393173446216375,4.071613788604736,596632000,0.0,0.0
2017-08-17 00:00:00-04:00,4.063234471191188,4.080245356768138,3.9786709725266807,3.9808895587921143,525444000,0.0,0.0
2017-08-18 00:00:00-04:00,4.035126727793906,4.052138074985962,3.9357707450653354,3.9816272258758545,601204000,0.0,0.0
2017-08-21 00:00:00-04:00,4.006037632252105,4.01737838121562,3.879808846814626,3.9236929416656494,623672000,0.0,0.0
2017-08-22 00:00:00-04:00,3.9602116504407814,4.016965770877216,3.9409645456509406,4.011043548583984,450456000,0.0035,0.0
2017-08-23 00:00:00-04:00,3.9777321521283993,4.102344515279784,3.9690952043589016,4.091240406036377,579520000,0.0,0.0
2017-08-24 00:00:00-04:00,4.123318779692817,4.127760800017181,4.049785411456159,4.076188087463379,469700000,0.0,0.0
2017-08-25 00:00:00-04:00,4.1003709983707495,4.110488149882312,4.035720254035323,4.042136192321777,357200000,0.0,0.0
2017-08-28 00:00:00-04:00,4.061135861021363,4.073967265100088,4.005615317348737,4.070759296417236,389496000,0.0,0.0
2017-08-29 00:00:00-04:00,4.012030972141169,4.085811422734201,4.003887740004805,4.064096450805664,324096000,0.0,0.0
2017-08-30 00:00:00-04:00,4.083836751052391,4.0993828776275105,4.053485775773115,4.088278770446777,384400000,0.0,0.0
2017-08-31 00:00:00-04:00,4.108512965871701,4.185007671842753,4.1011105408551645,4.181059837341309,612684000,0.0,0.0
2017-09-01 00:00:00-04:00,4.193645373682579,4.241763027562376,4.185008425187449,4.2062296867370605,445432000,0.0,0.0
2017-09-05 00:00:00-04:00,4.154902164391834,4.159837426803597,4.035965446575024,4.0939531326293945,695364000,0.0,0.0
2017-09-06 00:00:00-04:00,4.126772202983144,4.140590561210384,4.0566929828428275,4.091485500335693,397672000,0.0,0.0
2017-09-07 00:00:00-04:00,4.108266451135546,4.142812357188386,4.070265954477423,4.110487461090088,352868000,0.0,0.0
2017-09-08 00:00:00-04:00,4.098888580407005,4.113693897659314,4.014990998223004,4.039173126220703,498856000,0.0,0.0
2017-09-11 00:00:00-04:00,4.084824452960619,4.180813119196103,4.0793954746670025,4.170202255249023,567444000,0.0,0.0
2017-09-12 00:00:00-04:00,4.194878486230284,4.194878486230284,4.12011107040449,4.18525505065918,411488000,0.0,0.0
2017-09-13 00:00:00-04:00,4.16008586041196,4.232879365402599,4.127760960038494,4.204009056091309,580960000,0.0,0.0
2017-09-14 00:00:00-04:00,4.165020371431807,4.258048161900318,4.140591616384034,4.180072784423828,513712000,0.0,0.0
2017-09-15 00:00:00-04:00,4.2654500058805205,4.44434928894043,4.260268120930441,4.44434928894043,1364792000,0.0,0.0
2017-09-18 00:00:00-04:00,4.568469414273191,4.71800471658635,4.561560232770174,4.6279377937316895,1684460000,0.0,0.0
2017-09-19 00:00:00-04:00,4.577600555791013,4.6846933619649,4.5556389553687335,4.623003959655762,874280000,0.0,0.0
2017-09-20 00:00:00-04:00,4.626704319543304,4.674081632462228,4.545520964361181,4.585742473602295,724920000,0.0,0.0
2017-09-21 00:00:00-04:00,4.482104596185672,4.508261121943649,4.382661321073634,4.460390090942383,1075600000,0.0,0.0
2017-09-22 00:00:00-04:00,4.4490385055449515,4.498636822570755,4.407089705956855,4.416959762573242,491232000,0.0,0.0
2017-09-25 00:00:00-04:00,4.386116582481831,4.3873506341420905,4.198827828334802,4.219555377960205,874580000,0.0,0.0
2017-09-26 00:00:00-04:00,4.35403671827964,4.409063541897769,4.2035144747692925,4.243242263793945,1125620000,0.0,0.0
2017-09-27 00:00:00-04:00,4.333554172252984,4.349593537425442,4.262734625996785,4.336268424987793,713720000,0.0,0.0
2017-09-28 00:00:00-04:00,4.3434266161571795,4.3473749218148425,4.287659446164227,4.3350372314453125,435244000,0.0,0.0
2017-09-29 00:00:00-04:00,4.418935396823112,4.434974302180255,4.373778616070399,4.411285877227783,619092000,0.0,0.0
2017-10-02 00:00:00-04:00,4.461376193978597,4.49049359050854,4.367608538186016,4.416959762573242,503480000,0.0,0.0
2017-10-03 00:00:00-04:00,4.423128893844561,4.455947975556622,4.381920428192538,4.426090240478516,390332000,0.0,0.0
2017-10-04 00:00:00-04:00,4.43225860398216,4.4853115091058555,4.395738313594542,4.463103294372559,427848000,0.0,0.0
2017-10-05 00:00:00-04:00,4.487532997964961,4.490987588596641,4.430778403891061,4.460636138916016,437364000,0.0,0.0
2017-10-06 00:00:00-04:00,4.432999599030392,4.487039470734371,4.416960225862189,4.473714351654053,318800000,0.0,0.0
2017-10-09 00:00:00-04:00,4.5104818137742,4.6077045525628355,4.491728184255044,4.574638843536377,563492000,0.0,0.0
2017-10-10 00:00:00-04:00,4.723680517653766,4.761187777227535,4.620782646523738,4.661991119384766,974876000,0.0,0.0
2017-10-11 00:00:00-04:00,4.678522207209927,4.71306857897507,4.632625577253638,4.711587905883789,529508000,0.0,0.0
2017-10-12 00:00:00-04:00,4.7150435477905255,4.764641871539029,4.686666484024716,4.713809967041016,528292000,0.0,0.0
2017-10-13 00:00:00-04:00,4.775992483557607,4.81177244288442,4.729108885804572,4.801655292510986,628728000,0.0,0.0
2017-10-16 00:00:00-04:00,4.831512160915083,4.887032696334766,4.768342108586349,4.884071350097656,576640000,0.0,0.0
2017-10-17 00:00:00-04:00,4.863343145009253,4.908006189215612,4.845083238099856,4.879629135131836,478596000,0.0,0.0
2017-10-18 00:00:00-04:00,4.888514804632245,4.889254670756122,4.770317896773758,4.875436305999756,567316000,0.0,0.0
2017-10-19 00:00:00-04:00,4.7979539723186315,4.8857994136257155,4.748849365587751,4.88086462020874,570772000,0.0,0.0
2017-10-20 00:00:00-04:00,4.897890474990252,4.92503348342569,4.849772360974303,4.85865592956543,451620000,0.0,0.0
2017-10-23 00:00:00-04:00,4.88037167861789,4.906774827855026,4.831513686155317,4.851747989654541,428696000,0.0,0.0
2017-10-24 00:00:00-04:00,4.8608742880223295,4.904303740949262,4.834964871781445,4.902576446533203,407244000,0.0,0.0
2017-10-25 00:00:00-04:00,4.863097870424959,4.915904159649188,4.71726425537581,4.7787065505981445,828160000,0.0,0.0
2017-10-26 00:00:00-04:00,4.806343456132076,4.840395646017998,4.782407944959618,4.828798294067383,322744000,0.0,0.0
2017-10-27 00:00:00-04:00,4.880864507969773,4.981294729149223,4.854954607526209,4.981048107147217,572192000,0.0,0.0
2017-10-30 00:00:00-04:00,4.981047815313874,5.085425865020742,4.965255065709937,5.029905796051025,504056000,0.0,0.0
2017-10-31 00:00:00-04:00,5.061735826923568,5.129840655255996,5.0560602284573255,5.103190898895264,411908000,0.0,0.0
2017-11-01 00:00:00-04:00,5.165868281800248,5.181167315021661,5.048658371741765,5.1128153800964355,502576000,0.0,0.0
2017-11-02 00:00:00-04:00,5.083204839959226,5.1278678893756435,5.025216674046036,5.081724166870117,342308000,0.0,0.0
2017-11-03 00:00:00-04:00,5.112816895637146,5.14958381652832,5.0669202530208235,5.14958381652832,353640000,0.0,0.0
2017-11-06 00:00:00-05:00,5.112815568743943,5.181414128159518,5.100477881188919,5.1727776527404785,389944000,0.0,0.0
2017-11-07 00:00:00-05:00,5.195478631552166,5.253466787894444,5.183387568176141,5.231998443603516,427700000,0.0,0.0
2017-11-08 00:00:00-05:00,5.22755853142906,5.231260214699131,5.113803663070127,5.1611809730529785,522988000,0.0,0.0
2017-11-09 00:00:00-05:00,5.065192696409627,5.091348750075029,4.9442815447434665,5.0664262771606445,978564000,0.0,0.0
2017-11-10 00:00:00-05:00,5.257910610678226,5.39584810052816,5.222130648916055,5.333418369293213,1253256000,0.0,0.0
2017-11-13 00:00:00-05:00,5.333418976702378,5.35883469761431,5.231508059038229,5.246807098388672,582376000,0.0,0.0
2017-11-14 00:00:00-05:00,5.255935379277143,5.300351811490341,5.212259283687851,5.28505277633667,529292000,0.0,0.0
2017-11-15 00:00:00-05:00,5.230025000999075,5.231259052032383,5.12762088590515,5.181413650512695,501948000,0.0,0.0
2017-11-16 00:00:00-05:00,5.255443295247785,5.285547657566101,5.212754148850714,5.22163724899292,441768000,0.0,0.0
2017-11-17 00:00:00-05:00,5.278638478503995,5.313924727703556,5.200416460834727,5.215468406677246,515664000,0.0,0.0
2017-11-20 00:00:00-05:00,5.2310119706509575,5.294675731703782,5.194245062612149,5.2825846672058105,396100000,0.0,0.0
2017-11-21 00:00:00-05:00,5.322313686323042,5.342794608271641,5.29048203373205,5.3311967849731445,399176000,0.0,0.0
2017-11-22 00:00:00-05:00,5.358357815061934,5.358357815061934,5.274648736882422,5.307243347167969,356640000,0.00375,0.0
2017-11-24 00:00:00-05:00,5.323541324645499,5.358358491793912,5.299095128354143,5.357370376586914,180752000,0.0,0.0
2017-11-27 00:00:00-05:00,5.366015160016123,5.367249597978002,5.284528125139112,5.28773832321167,422896000,0.0,0.0
2017-11-28 00:00:00-05:00,5.292922832387818,5.302306160495451,5.142049202613219,5.203040599822998,512752000,0.0,0.0
2017-11-29 00:00:00-05:00,5.1857549931611935,5.1884711326174875,4.7220223386650035,4.8501787185668945,1396788000,0.0,0.0
2017-11-30 00:00:00-05:00,4.918825857593671,5.004757046867638,4.8558591677924925,4.956111907958984,823768000,0.0,0.0
2017-12-01 00:00:00-05:00,4.921541315397551,4.941789672100705,4.752641893589117,4.88129186630249,811548000,0.0,0.0
2017-12-04 00:00:00-05:00,4.939812723853701,4.945986323495465,4.5558386577001135,4.609175205230713,1240844000,0.0,0.0
2017-12-05 00:00:00-05:00,4.503984534332593,4.758321553039635,4.459043655943532,4.635844707489014,981488000,0.0,0.0
2017-12-06 00:00:00-05:00,4.585470584268819,4.695107099743963,4.564234585032365,4.673377513885498,467032000,0.0,0.0
2017-12-07 00:00:00-05:00,4.740048085684807,4.780544796670754,4.694613153463657,4.74078893661499,542600000,0.0,0.0
2017-12-08 00:00:00-05:00,4.790668978299987,4.809682898113768,4.72004746235049,4.728443145751953,466876000,0.0,0.0
2017-12-11 00:00:00-05:00,4.742517713464227,4.809682707027843,4.726714462613752,4.8067193031311035,372748000,0.0,0.0
2017-12-12 00:00:00-05:00,4.763258568072041,4.786469850084182,4.68893282439536,4.712390899658203,455016000,0.0,0.0
2017-12-13 00:00:00-05:00,4.753383006986645,4.754617444692472,4.589915855326775,4.597323894500732,554280000,0.0,0.0
2017-12-14 00:00:00-05:00,4.590903388771166,4.675353337787176,4.558308770760704,4.604484558105469,438164000,0.0,0.0
2017-12-15 00:00:00-05:00,4.648438809323871,4.750420516997268,4.583496359015741,4.730172157287598,670036000,0.0,0.0
2017-12-18 00:00:00-05:00,4.770668021901644,4.889687882002822,4.741036806785302,4.886724948883057,477704000,0.0,0.0
2017-12-19 00:00:00-05:00,4.877343142165118,4.882528629976872,4.814129172762928,4.842525959014893,373100000,0.0,0.0
2017-12-20 00:00:00-05:00,4.8817870008954465,4.890923065976782,4.8040042251326005,4.85956335067749,288820000,0.0,0.0
2017-12-21 00:00:00-05:00,4.863019352411665,4.887959137740349,4.828696239545288,4.83709192276001,300904000,0.0,0.0
2017-12-22 00:00:00-05:00,4.800299318064418,4.831165439374797,4.722516560487966,4.821782112121582,466276000,0.0,0.0
2017-12-26 00:00:00-05:00,4.76646912350389,4.883019611346507,4.736590650682599,4.875364780426025,355080000,0.0,0.0
2017-12-27 00:00:00-05:00,4.862029975057048,4.937836948345283,4.847461166781961,4.868696689605713,329488000,0.0,0.0
2017-12-28 00:00:00-05:00,4.8924044879063056,4.923270614664793,4.868205550027107,4.874378681182861,240248000,0.0,0.0
2017-12-29 00:00:00-05:00,4.900553514670071,4.900553514670071,4.778076648712158,4.778076648712158,279964000,0.0,0.0
2018-01-02 00:00:00-05:00,4.83437689051606,4.926234907237626,4.802770377943248,4.922530651092529,355616000,0.0,0.0
2018-01-03 00:00:00-05:00,5.0398209418013105,5.276873030919499,5.031178464326242,5.246500492095947,914704000,0.0,0.0
2018-01-04 00:00:00-05:00,5.327739439924537,5.384286195923432,5.2519319720719775,5.274155616760254,583268000,0.0,0.0
2018-01-05 00:00:00-05:00,5.288971564597203,5.356136083669661,5.212176454343494,5.318850040435791,580124000,0.0,0.0
2018-01-08 00:00:00-05:00,5.442316266167222,5.555903398465564,5.3973749058474505,5.48182487487793,881216000,0.0,0.0
2018-01-09 00:00:00-05:00,5.4872563701388914,5.526764973194895,5.3988558354776055,5.480342388153076,497000000,0.0,0.0
2018-01-10 00:00:00-05:00,5.387988766722007,5.526762882629595,5.333664575813712,5.523305892944336,582664000,0.0,0.0
2018-01-11 00:00:00-05:00,5.555903674897513,5.587263864224587,5.511703163551604,5.533186435699463,406032000,0.0,0.0
2018-01-12 00:00:00-05:00,5.521333074143963,5.555656193077837,5.4655271567039865,5.506023406982422,359916000,0.0,0.0
2018-01-16 00:00:00-05:00,5.532442776542369,5.617879880051857,5.35070307127935,5.435152530670166,702348000,0.0,0.0
2018-01-17 00:00:00-05:00,5.449723250238655,5.558865734748603,5.3558904323801855,5.5489888191223145,538408000,0.0,0.0
2018-01-18 00:00:00-05:00,5.529726520095098,5.596397447654057,5.498613608959416,5.5420732498168945,408632000,0.0,0.0
2018-01-19 00:00:00-05:00,5.632202609560371,5.706281108604967,5.605287537749139,5.682082176208496,609380000,0.0,0.0
2018-01-22 00:00:00-05:00,5.689983649183062,5.772211035255632,5.632449252459123,5.770482540130615,550944000,0.0,0.0
2018-01-23 00:00:00-05:00,5.8238200022750926,5.92209791736987,5.805300610615454,5.899380683898926,475228000,0.0,0.0
2018-01-24 00:00:00-05:00,5.902590912175308,5.938395731799471,5.767026937908631,5.8225860595703125,579972000,0.0,0.0
2018-01-25 00:00:00-05:00,5.8769098979758745,5.920122754728152,5.8213512508338745,5.836166858673096,409884000,0.0,0.0
2018-01-26 00:00:00-05:00,5.879872543227689,6.008769303849789,5.867032225829724,6.0085225105285645,516356000,0.0,0.0
2018-01-29 00:00:00-05:00,5.993954648363556,6.126555684728212,5.9413589328460334,6.095442295074463,455116000,0.0,0.0
2018-01-30 00:00:00-05:00,5.9537066797234335,6.084826046674096,5.887035719379744,5.993462085723877,570832000,0.0,0.0
2018-01-31 00:00:00-05:00,6.068772946829248,6.155198176737527,6.036178331753405,6.06951379776001,478576000,0.0,0.0
2018-02-01 00:00:00-05:00,5.889750569156849,6.096677388489884,5.878391951500347,5.938642501831055,519224000,0.0,0.0
2018-02-02 00:00:00-05:00,5.8522170708127845,5.8761692122464035,5.70825742887083,5.766285419464111,718464000,0.0,0.0
2018-02-05 00:00:00-05:00,5.605287660717667,5.759124205306844,5.062043752540937,5.276872158050537,1165204000,0.0,0.0
2018-02-06 00:00:00-05:00,5.047229109841391,5.5731876953241075,5.037351723344579,5.570224761962891,1114800000,0.0,0.0
2018-02-07 00:00:00-05:00,5.668996165660121,5.802090790643219,5.5978805855485,5.649735450744629,802932000,0.0,0.0
2018-02-08 00:00:00-05:00,5.775174844993028,5.808263048004478,5.370951866705575,5.371199131011963,1144000000,0.0,0.0
2018-02-09 00:00:00-05:00,5.8830834821942375,5.898886734378586,5.371199687913183,5.7307281494140625,1674604000,0.0,0.0
2018-02-12 00:00:00-05:00,5.81172046764165,5.814683871700082,5.556643061315796,5.630721569061279,1093172000,0.0,0.0
2018-02-13 00:00:00-05:00,5.594424365063581,5.790486177336943,5.562076532711806,5.74431037902832,625524000,0.0,0.0
2018-02-14 00:00:00-05:00,5.704060004472654,5.990250813952045,5.692948180613447,5.961359977722168,744988000,0.0,0.0
2018-02-15 00:00:00-05:00,6.0445753538453975,6.1329758918394175,5.963829649192791,6.0868000984191895,698900000,0.0,0.0
2018-02-16 00:00:00-05:00,6.059637690216526,6.1732248004750225,6.011980198829314,6.021116733551025,637656000,0.0,0.0
2018-02-20 00:00:00-05:00,6.043586590630636,6.219399989606605,6.039882335841647,6.150506973266602,686240000,0.0,0.0
2018-02-21 00:00:00-05:00,6.2149551508922505,6.22186913163197,5.959877301517261,5.963581085205078,892292000,0.0,0.0
2018-02-22 00:00:00-05:00,5.997430377159219,6.069084017401863,5.917622785182669,5.983099460601807,534364000,0.00375,0.0
2018-02-23 00:00:00-05:00,6.042894427609289,6.076497554779053,5.992242554545335,6.076497554779053,415300000,0.0,0.0
2018-02-26 00:00:00-05:00,6.122702853482647,6.127150250558239,6.030293887903493,6.092558860778809,469312000,0.0,0.0
2018-02-27 00:00:00-05:00,6.065874408051468,6.1501299029866745,6.056732665879377,6.079711437225342,455436000,0.0,0.0
2018-02-28 00:00:00-05:00,6.090582207639398,6.130115361349495,5.967782295909265,5.979395389556885,523116000,0.0,0.0
2018-03-01 00:00:00-05:00,5.9771719199946896,6.031035999276228,5.636445271654892,5.737502098083496,1040120000,0.0,0.0
2018-03-02 00:00:00-05:00,5.63002056840413,5.850912528953584,5.481524056473077,5.844488143920898,913428000,0.0,0.0
2018-03-05 00:00:00-05:00,5.79432989276352,5.86203051741551,5.671035629274928,5.822497367858887,620776000,0.0,0.0
2018-03-06 00:00:00-05:00,5.907740260386819,6.002620096098202,5.86474797473906,5.983347415924072,636808000,0.0,0.0
2018-03-07 00:00:00-05:00,5.880561610998472,6.02757595760045,5.879326406215545,5.9754414558410645,581208000,0.0,0.0
2018-03-08 00:00:00-05:00,6.002868183974079,6.002868183974079,5.914906608712613,5.959134578704834,411912000,0.0,0.0
2018-03-09 00:00:00-05:00,6.006573892223446,6.074521467925761,5.9905138731861145,6.061673641204834,505524000,0.0,0.0
2018-03-12 00:00:00-04:00,6.102937080439439,6.251186182577723,6.094783125334736,6.171131610870361,605060000,0.0,0.0
2018-03-13 00:00:00-04:00,6.213876817556124,6.288248784927967,6.079216858231815,6.120479583740234,619772000,0.0,0.0
2018-03-14 00:00:00-04:00,6.163471023940503,6.190650241531687,6.083663411876089,6.145928382873535,505496000,0.0,0.0
2018-03-15 00:00:00-04:00,6.159520429052355,6.241798483208457,6.118751586532945,6.160755634307861,401952000,0.0,0.0
2018-03-16 00:00:00-04:00,6.17706093479271,6.207946239466674,6.139504298744164,6.188920974731445,399456000,0.0,0.0
2018-03-19 00:00:00-04:00,6.1320919277643275,6.161000243993237,5.855853764205862,5.954686641693115,713772000,0.0,0.0
2018-03-20 00:00:00-04:00,5.957651760642879,6.205475515716861,5.957651760642879,6.166683673858643,554696000,0.0,0.0
2018-03-21 00:00:00-04:00,6.160259246634437,6.226477725635134,6.111089987723472,6.141481399536133,438688000,0.0,0.0
2018-03-22 00:00:00-04:00,6.078228862529954,6.1246802990746865,5.9383801881357465,5.97568941116333,551196000,0.0,0.0
2018-03-23 00:00:00-04:00,5.9892774237332,5.991748304328897,5.745160264654728,5.756278991699219,735620000,0.0,0.0
2018-03-26 00:00:00-04:00,5.880561753784872,6.041906553384697,5.828674668740064,6.040671348571777,611424000,0.0,0.0
2018-03-27 00:00:00-04:00,6.1214667902168935,6.177060428326292,5.43210709147728,5.572202682495117,1409000000,0.0,0.0
2018-03-28 00:00:00-04:00,5.537858501727341,5.667823629263365,5.361688892153834,5.469169616699219,945904000,0.0,0.0
2018-03-29 00:00:00-04:00,5.537365261847326,5.818792190266626,5.453110234557236,5.7221832275390625,916628000,0.0,0.0
2018-04-02 00:00:00-04:00,5.651763826874527,5.79778944981991,5.37404303062302,5.461757183074951,922092000,0.0,0.0
2018-04-03 00:00:00-04:00,5.628537141413006,5.691542944931062,5.46916888314603,5.568001747131348,667432000,0.0,0.0
2018-04-04 00:00:00-04:00,5.31251870810874,5.600369939066566,5.287563426422367,5.589992523193359,789168000,0.0,0.0
2018-04-05 00:00:00-04:00,5.648304155360375,5.661399398934045,5.3985039130729096,5.469910621643066,701240000,0.0,0.0
2018-04-06 00:00:00-04:00,5.367371394706079,5.47534648193211,5.2645850157665715,5.293740749359131,662988000,0.0,0.0
2018-04-09 00:00:00-04:00,5.35674835816118,5.484490052108278,5.302389909766068,5.322403907775879,499524000,0.0,0.0
2018-04-10 00:00:00-04:00,5.552436272948301,5.658187426207416,5.495360010454197,5.631255626678467,761676000,0.0,0.0
2018-04-11 00:00:00-04:00,5.616430427510846,5.657693144322585,5.557377652942625,5.589992523193359,460244000,0.0,0.0
2018-04-12 00:00:00-04:00,5.682895452087172,5.814343192923242,5.638667489395287,5.796553134918213,593920000,0.0,0.0
2018-04-13 00:00:00-04:00,5.8600534187104,5.868454318867843,5.671776832869516,5.7199578285217285,503036000,0.0,0.0
2018-04-16 00:00:00-04:00,5.726629581698572,5.753067488839465,5.625572768210806,5.7197113037109375,350792000,0.0,0.0
2018-04-17 00:00:00-04:00,5.771846621525627,5.8904460934350125,5.716252971795476,5.869196891784668,447224000,0.0,0.0
2018-04-18 00:00:00-04:00,5.8187910634443485,5.911446975099655,5.751337853833223,5.840287208557129,391364000,0.0,0.0
2018-04-19 00:00:00-04:00,5.7261342244867155,5.759490403833536,5.603828704820635,5.659174919128418,471996000,0.0,0.0
2018-04-20 00:00:00-04:00,5.650528546341313,5.7347835656376525,5.619890657406888,5.651022911071777,386200000,0.0,0.0
2018-04-23 00:00:00-04:00,5.668812361040737,5.719958133507901,5.505737995704806,5.531681537628174,427508000,0.0,0.0
2018-04-24 00:00:00-04:00,5.557378239507013,5.653245873112171,5.400233890919394,5.465463638305664,414596000,0.0,0.0
2018-04-25 00:00:00-04:00,5.435813617197795,5.474852876017845,5.196143822824847,5.353288173675537,588492000,0.0,0.0
2018-04-26 00:00:00-04:00,5.514880154243845,5.572944680228743,5.4489090917317045,5.564790725708008,375824000,0.0,0.0
2018-04-27 00:00:00-04:00,5.67054340428723,5.69030998488131,5.54996693277262,5.592217922210693,400848000,0.0,0.0
2018-04-30 00:00:00-04:00,5.608523949501842,5.658187570873458,5.537611601019302,5.556883811950684,327844000,0.0,0.0
2018-05-01 00:00:00-04:00,5.548730126055674,5.614948128368746,5.490171241475929,5.61223030090332,253788000,0.0,0.0
2018-05-02 00:00:00-04:00,5.608771714342306,5.65324615876647,5.565532003516295,5.5917229652404785,268248000,0.0,0.0
2018-05-03 00:00:00-04:00,5.62359615167403,5.782964431798426,5.57837992758132,5.756773471832275,443144000,0.0,0.0
2018-05-04 00:00:00-04:00,5.728113020450745,5.909965732782992,5.710817323017908,5.9067535400390625,400660000,0.0,0.0
2018-05-07 00:00:00-04:00,6.011268575294066,6.201522160099138,6.001385051852191,6.144445896148682,687616000,0.0,0.0
2018-05-08 00:00:00-04:00,6.144692559760127,6.189661835313137,6.095770252030358,6.186944007873535,506616000,0.0,0.0
2018-05-09 00:00:00-04:00,6.206957436148472,6.322097743834752,6.17977821961558,6.319873809814453,596760000,0.0,0.0
2018-05-10 00:00:00-04:00,6.372749907244618,6.4364970300968425,6.3549598480978355,6.4273552894592285,994080000,0.0,0.0
2018-05-11 00:00:00-04:00,6.245749828996159,6.4189546705779925,6.190403604251868,6.288989067077637,1214456000,0.0,0.0
2018-05-14 00:00:00-04:00,6.327041427073991,6.386835533099713,6.2857786963626925,6.309498310089111,523140000,0.0,0.0
2018-05-15 00:00:00-04:00,6.245996110622868,6.2487144092462685,5.967040139842372,6.067355632781982,963528000,0.0,0.0
2018-05-16 00:00:00-04:00,6.028811375794899,6.140492554509258,5.991996051165664,6.078474998474121,553828000,0.0,0.0
2018-05-17 00:00:00-04:00,6.0802051164367485,6.214123764289259,6.064144624607503,6.120479583740234,519784000,0.0,0.0
2018-05-18 00:00:00-04:00,6.172365217962953,6.235617964779235,6.071802318835874,6.076744079589844,483716000,0.0,0.0
2018-05-21 00:00:00-04:00,6.174095676278785,6.177801761741882,5.942085018079283,6.034740924835205,640624000,0.0,0.0
2018-05-22 00:00:00-04:00,6.048084422250063,6.073286655171677,5.9361558188208825,5.9966912269592285,518264000,0.0,0.0
2018-05-23 00:00:00-04:00,5.940568644889118,6.121297837896558,5.939826874995442,6.12006139755249,442956000,0.00375,0.0
2018-05-24 00:00:00-04:00,6.116351575562364,6.1660459026312795,6.063195970849392,6.123768329620361,437372000,0.0,0.0
2018-05-25 00:00:00-04:00,6.136377433061832,6.179396303956652,6.100775787742008,6.163078784942627,292112000,0.0,0.0
2018-05-29 00:00:00-04:00,6.14503201996083,6.214010960221167,6.099293630790483,6.146020889282227,352684000,0.0,0.0
2018-05-30 00:00:00-04:00,6.179645825724187,6.263458284830537,6.154922204233035,6.254805088043213,390996000,0.0,0.0
2018-05-31 00:00:00-04:00,6.222909980268595,6.309442394267159,6.2122790477876615,6.235024452209473,493868000,0.0,0.0
2018-06-01 00:00:00-04:00,6.279774631680784,6.375454920453975,6.271121436515737,6.369273662567139,421968000,0.0,0.0
2018-06-04 00:00:00-04:00,6.40339274467173,6.570029246817029,6.371252370342508,6.548025608062744,642024000,0.0,0.0
2018-06-05 00:00:00-04:00,6.551239103160533,6.591044274303789,6.506489585670984,6.553464412689209,391712000,0.0,0.0
2018-06-06 00:00:00-04:00,6.463470416586725,6.5586560350376475,6.447152895468389,6.555441856384277,371356000,0.0,0.0
2018-06-07 00:00:00-04:00,6.551733202346104,6.563600575670102,6.409572764990452,6.499814033508301,369448000,0.0,0.0
2018-06-08 00:00:00-04:00,6.427128385230457,6.5270112719663675,6.408338451209349,6.484487056732178,360456000,0.0,0.0
2018-06-11 00:00:00-04:00,6.471876245199073,6.513411580308076,6.430588009495123,6.44344425201416,265372000,0.0,0.0
2018-06-12 00:00:00-04:00,6.469897764087574,6.504015869054464,6.4197087683621366,6.491901397705078,319160000,0.0,0.0
2018-06-13 00:00:00-04:00,6.493387148700687,6.568299311392896,6.478305593439592,6.487453460693359,338208000,0.0,0.0
2018-06-14 00:00:00-04:00,6.53245004787599,6.655573003442621,6.51761559322839,6.598956108093262,430016000,0.0,0.0
2018-06-15 00:00:00-04:00,6.541843262192052,6.613047027250425,6.510938861735974,6.558160781860352,432260000,0.0,0.0
2018-06-18 00:00:00-04:00,6.5141537228346875,6.571512382860502,6.486958168246381,6.553958892822266,356268000,0.0,0.0
2018-06-19 00:00:00-04:00,6.4508629586160255,6.518111270675243,6.304994571222938,6.432320594787598,594932000,0.0,0.0
2018-06-20 00:00:00-04:00,6.473361162652067,6.538136587845209,6.435039526343012,6.485228538513184,369780000,0.0,0.0
2018-06-21 00:00:00-04:00,6.517121818613466,6.535417081326621,6.349001760839848,6.356666088104248,359516000,0.0,0.0
2018-06-22 00:00:00-04:00,6.377432969323854,6.390783883407651,6.189039933407088,6.2043681144714355,434160000,0.0,0.0
2018-06-25 00:00:00-04:00,6.098057271523718,6.101765649132433,5.8233789115244,5.91188907623291,665816000,0.0,0.0
2018-06-26 00:00:00-04:00,6.025123366416597,6.073334165648005,5.931420804969788,5.982845783233643,478884000,0.0,0.0
2018-06-27 00:00:00-04:00,6.026358646530971,6.092617600471763,5.822389396022876,5.827828884124756,453892000,0.0,0.0
2018-06-28 00:00:00-04:00,5.817939830519477,5.966775746026835,5.810275503778183,5.95490837097168,338012000,0.0,0.0
2018-06-29 00:00:00-04:00,6.019931340017258,6.032540013347362,5.85576677164779,5.857003211975098,392300000,0.0,0.0
2018-07-02 00:00:00-04:00,5.787530159257591,5.99273540122519,5.7670095879044485,5.98902702331543,357572000,0.0,0.0
2018-07-03 00:00:00-04:00,6.023640310620422,6.02957399870947,5.847114150989946,5.855520248413086,222732000,0.0,0.0
2018-07-05 00:00:00-04:00,5.910653165265387,6.006085894889845,5.871837331918492,6.001141548156738,306216000,0.0,0.0
2018-07-06 00:00:00-04:00,5.9766655474698736,6.123276168934231,5.9554032041949405,6.114870071411133,296352000,0.0,0.0
2018-07-09 00:00:00-04:00,6.189040085660409,6.198682150756022,6.083717724780583,6.1623382568359375,303880000,0.0,0.0
2018-07-10 00:00:00-04:00,6.174700891949751,6.283236970522963,6.134401516993033,6.261233329772949,360016000,0.0,0.0
2018-07-11 00:00:00-04:00,6.168518424251351,6.203131201326417,6.109181561317353,6.119812965393066,367508000,0.0,0.0
2018-07-12 00:00:00-04:00,6.165058249355427,6.259254534040166,6.155168613242787,6.2112908363342285,345508000,0.0,0.0
2018-07-13 00:00:00-04:00,6.229832492568009,6.229832492568009,6.122037742789538,6.16406774520874,246988000,0.0,0.0
2018-07-16 00:00:00-04:00,6.136377334594727,6.189285838740548,6.124015763731801,6.136377334594727,197036000,0.0,0.0
2018-07-17 00:00:00-04:00,6.087179171672873,6.287192493015592,6.061713782436663,6.272110939025879,362136000,0.0,0.0
2018-07-18 00:00:00-04:00,6.264696670644712,6.2785417898037625,6.171983414935491,6.22291374206543,277640000,0.0,0.0
2018-07-19 00:00:00-04:00,6.204123007482641,6.264695867602945,6.1890419210021355,6.231071472167969,235752000,0.0,0.0
2018-07-20 00:00:00-04:00,6.228597159860733,6.2674129879557,6.192006169603679,6.202884674072266,222352000,0.0,0.0
2018-07-23 00:00:00-04:00,6.176430355628103,6.178160994623873,6.0147382161009535,6.166293621063232,301584000,0.0,0.0
2018-07-24 00:00:00-04:00,6.214257858821427,6.300790287758488,6.131433807610705,6.148987770080566,354620000,0.0,0.0
2018-07-25 00:00:00-04:00,6.158381417753605,6.239721911841027,6.100528096846305,6.227112770080566,319112000,0.0,0.0
2018-07-26 00:00:00-04:00,6.207087845992745,6.337380444989533,6.1902756543473405,6.30054235458374,325124000,0.0,0.0
2018-07-27 00:00:00-04:00,6.337133794000203,6.344056350681981,6.1769251778891014,6.230822563171387,295420000,0.0,0.0
2018-07-30 00:00:00-04:00,6.244914898588753,6.25084858563641,6.000893374499714,6.0357537269592285,340340000,0.0,0.0
2018-07-31 00:00:00-04:00,6.025368594006729,6.128465617950486,5.9865527729230505,6.053800582885742,283988000,0.0,0.0
2018-08-01 00:00:00-04:00,6.085200371609465,6.14033371720076,6.02981945505752,6.093605995178223,283556000,0.0,0.0
2018-08-02 00:00:00-04:00,6.0224032739077815,6.200165384823572,5.96356154089931,6.196209907531738,269668000,0.0,0.0
2018-08-03 00:00:00-04:00,6.220685533246548,6.256534755260272,6.203873812770747,6.232800006866455,214288000,0.0,0.0
2018-08-06 00:00:00-04:00,6.220191827825918,6.283978379739529,6.173711668170743,6.280517101287842,207508000,0.0,0.0
2018-08-07 00:00:00-04:00,6.329221640708941,6.371251646403029,6.3025202863527126,6.35270881652832,258132000,0.0,0.0
2018-08-08 00:00:00-04:00,6.353945886167342,6.43404995717187,6.319085532312254,6.389052867889404,262100000,0.0,0.0
2018-08-09 00:00:00-04:00,6.406854206079471,6.409573714626693,6.33293091860253,6.340595245361328,204280000,0.0,0.0
2018-08-10 00:00:00-04:00,6.2587603984752835,6.331694815070367,6.247634793517938,6.299306869506836,256396000,0.0,0.0
2018-08-13 00:00:00-04:00,6.307960609315679,6.452840585689636,6.306229969985618,6.332189559936523,375208000,0.0,0.0
2018-08-14 00:00:00-04:00,6.437510398377402,6.477562664453501,6.354439258750255,6.463469982147217,466220000,0.0,0.0
2018-08-15 00:00:00-04:00,6.484238823873163,6.518110310173274,6.3267501822412875,6.405371189117432,591136000,0.0,0.0
2018-08-16 00:00:00-04:00,6.475090509203012,6.477562917977438,6.304745175685963,6.364823341369629,801260000,0.0,0.0
2018-08-17 00:00:00-04:00,6.253568622621382,6.2543103925105195,6.025864600772823,6.052813529968262,1143188000,0.0,0.0
2018-08-20 00:00:00-04:00,6.012266134159834,6.259995547129348,5.9019989683404335,6.127477645874023,854388000,0.0,0.0
2018-08-21 00:00:00-04:00,6.1437972255572175,6.267414874073202,6.124018420657216,6.262964725494385,673988000,0.0,0.0
2018-08-22 00:00:00-04:00,6.230327431510983,6.502780453475233,6.2268661536883085,6.497835636138916,749856000,0.0,0.0
2018-08-23 00:00:00-04:00,6.459268251708762,6.662495759442093,6.445423137541601,6.597225666046143,720684000,0.0,0.0
2018-08-24 00:00:00-04:00,6.605628659271022,6.744821977016871,6.601178513460186,6.7302350997924805,531512000,0.0,0.0
2018-08-27 00:00:00-04:00,6.759903895807996,6.895388854199207,6.728505300320473,6.821218490600586,505776000,0.0,0.0
2018-08-28 00:00:00-04:00,6.815287517358268,6.838033400094436,6.663732080296084,6.783641338348389,475384000,0.0,0.0
2018-08-29 00:00:00-04:00,6.77597383314589,6.914006733155431,6.755194798521667,6.889022350311279,420108000,0.00375,0.0
2018-08-30 00:00:00-04:00,6.857851907460349,6.96892158076988,6.8353412912755545,6.872199535369873,346608000,0.0,0.0
2018-08-31 00:00:00-04:00,6.852162521502722,6.956058142533176,6.842267475775179,6.94319486618042,306592000,0.0,0.0
2018-09-04 00:00:00-04:00,6.930083591166378,7.055500412361464,6.901636043631954,7.017900466918945,391720000,0.0,0.0
2018-09-05 00:00:00-04:00,7.0003375439705895,7.035711437732241,6.806398978892806,6.887289047241211,393156000,0.0,0.0
2018-09-06 00:00:00-04:00,6.8709615062607785,6.873435267421616,6.713386742071153,6.746286869049072,322796000,0.0,0.0
2018-09-07 00:00:00-04:00,6.654265481017739,6.850430552376574,6.6094914867958945,6.725013732910156,295420000,0.0,0.0
2018-09-10 00:00:00-04:00,6.7475251346492575,6.825694207721541,6.703740545471441,6.796009540557861,220140000,0.0,0.0
2018-09-11 00:00:00-04:00,6.749750576286906,6.837319746683039,6.728971547071906,6.748266696929932,243112000,0.0,0.0
2018-09-12 00:00:00-04:00,6.7084408696793165,6.727983257381165,6.4791283908914625,6.634477138519287,419092000,0.0,0.0
2018-09-13 00:00:00-04:00,6.700276708044495,6.8026879738979895,6.682960850511504,6.712150573730469,305536000,0.0,0.0
2018-09-14 00:00:00-04:00,6.802441158943348,6.90411025548557,6.765582914854368,6.838062286376953,386936000,0.0,0.0
2018-09-17 00:00:00-04:00,6.812582661877284,6.8615620013963285,6.7569242142825265,6.776218891143799,205528000,0.0,0.0
2018-09-18 00:00:00-04:00,6.7801785777711885,6.8828370966635966,6.697556915936694,6.704235553741455,299520000,0.0,0.0
2018-09-19 00:00:00-04:00,6.685682284622454,6.74579332075343,6.63571352908889,6.727982521057129,224860000,0.0,0.0
2018-09-20 00:00:00-04:00,6.606027784289586,6.648328013817437,6.53305348337467,6.58698034286499,430584000,0.0,0.0
2018-09-21 00:00:00-04:00,6.598854386601227,6.6443705539703535,6.483827087597518,6.516974449157715,435128000,0.0,0.0
2018-09-24 00:00:00-04:00,6.486052096522362,6.576095006641241,6.398977888047615,6.5726318359375,293912000,0.0,0.0
2018-09-25 00:00:00-04:00,6.638682868957547,6.664656661298978,6.553092499731298,6.63967227935791,280388000,0.0,0.0
2018-09-26 00:00:00-04:00,6.644618533251586,6.684939948246591,6.586981260005063,6.602812767028809,268548000,0.0,0.0
2018-09-27 00:00:00-04:00,6.637938801426124,6.659212770347407,6.583270235767039,6.614686012268066,214428000,0.0,0.0
2018-09-28 00:00:00-04:00,6.746536464489695,6.973869658510778,6.718583380184811,6.951606273651123,709396000,0.0,0.0
2018-10-01 00:00:00-04:00,7.029279494349549,7.224701923867471,6.990689666354365,7.157912254333496,622060000,0.0,0.0
2018-10-02 00:00:00-04:00,7.130452110684609,7.2420157443280875,7.064404163500253,7.086667537689209,383964000,0.0,0.0
2018-10-03 00:00:00-04:00,7.15692221834448,7.16434350227602,6.988957930209659,7.092853546142578,320552000,0.0,0.0
2018-10-04 00:00:00-04:00,7.056736601494195,7.080978798767862,6.831876774863411,6.908809185028076,391220000,0.0,0.0
2018-10-05 00:00:00-04:00,6.88407290090465,6.946162752757861,6.618149457920154,6.675539493560791,426636000,0.0,0.0
2018-10-08 00:00:00-04:00,6.592423650802323,6.707698204267434,6.433611742656048,6.574365615844727,408612000,0.0,0.0
2018-10-09 00:00:00-04:00,6.5538334262312885,6.648328942870429,6.50089644123862,6.568675994873047,273500000,0.0,0.0
2018-10-10 00:00:00-04:00,6.462799416557249,6.508563283682194,6.075417345038092,6.077643871307373,684940000,0.0,0.0
2018-10-11 00:00:00-04:00,5.990570441807956,6.123903487582544,5.794900781144436,5.816421985626221,725436000,0.0,0.0
2018-10-12 00:00:00-04:00,6.073193540733258,6.1728838261079435,5.928234312350573,6.098672389984131,608236000,0.0,0.0
2018-10-15 00:00:00-04:00,6.0853130926397165,6.0853130926397165,5.8216161998223575,5.822605609893799,449760000,0.0,0.0
2018-10-16 00:00:00-04:00,5.935160414186905,6.092240738309164,5.885933831894159,6.081109046936035,408712000,0.0,0.0
2018-10-17 00:00:00-04:00,6.143197197421929,6.181292549564624,5.963606305902995,6.012585639953613,329668000,0.0,0.0
2018-10-18 00:00:00-04:00,6.081850186742388,6.120192305746902,5.864906095134859,5.925264358520508,524020000,0.0,0.0
2018-10-19 00:00:00-04:00,5.980428804861731,5.999970717753412,5.6326258798969935,5.668989181518555,613608000,0.0,0.0
2018-10-22 00:00:00-04:00,5.721184210752967,5.821121713091837,5.61704136141607,5.719699859619141,368844000,0.0,0.0
2018-10-23 00:00:00-04:00,5.45278760002083,5.545799241394186,5.360765840725064,5.468372344970703,626436000,0.0,0.0
2018-10-24 00:00:00-04:00,5.430030355210597,5.4765359451811015,4.9189628629854765,4.9328155517578125,884288000,0.0,0.0
2018-10-25 00:00:00-04:00,4.835351186645003,5.188596121781388,4.791071657561693,5.141348361968994,951720000,0.0,0.0
2018-10-26 00:00:00-04:00,4.905603874712344,5.067136769292304,4.777218817229926,4.905109405517578,664784000,0.0,0.0
2018-10-29 00:00:00-04:00,5.046110572330848,5.049573744027559,4.353967871259537,4.591691017150879,758016000,0.0,0.0
2018-10-30 00:00:00-04:00,4.614696653597426,5.031515796486237,4.5916910961498605,5.021620750427246,807192000,0.0,0.0
2018-10-31 00:00:00-04:00,5.186122753346794,5.258849837672039,5.0466055184262295,5.215312480926514,745772000,0.0,0.0
2018-11-01 00:00:00-04:00,5.251675563438202,5.404798245307036,5.125269318126723,5.395398139953613,566528000,0.0,0.0
2018-11-02 00:00:00-04:00,5.385997012579226,5.491624206588815,5.199974233183098,5.31648588180542,452960000,0.0,0.0
2018-11-05 00:00:00-05:00,5.303375822452559,5.326629086762901,5.078021475818935,5.238564968109131,379332000,0.0,0.0
2018-11-06 00:00:00-05:00,5.230648964413517,5.314754966188575,5.183895675237758,5.221001625061035,299012000,0.0,0.0
2018-11-07 00:00:00-05:00,5.287543800590485,5.3780812001815415,5.223969597297446,5.2885332107543945,483812000,0.0,0.0
2018-11-08 00:00:00-05:00,5.229412899747814,5.230155075512188,5.0421534144207465,5.095585823059082,511352000,0.0,0.0
2018-11-09 00:00:00-05:00,5.006779295123947,5.177959556225846,4.973136983488978,5.087669372558594,413240000,0.0,0.0
2018-11-12 00:00:00-05:00,4.996388890300503,5.018405036415534,4.666891233283571,4.688660144805908,617116000,0.0,0.0
2018-11-13 00:00:00-05:00,4.786371907222003,5.051552728895751,4.7801872674293575,4.9303412437438965,644712000,0.0,0.0
2018-11-14 00:00:00-05:00,5.103253037449535,5.117600665630977,4.770045426671228,4.877898693084717,526580000,0.0,0.0
2018-11-15 00:00:00-05:00,4.871961542286755,5.078516139035172,4.836092709345151,5.006531238555908,840708000,0.0,0.0
2018-11-16 00:00:00-05:00,4.04005532435077,4.221625092561433,3.9977546126045596,4.067513465881348,1963520000,0.0,0.0
2018-11-19 00:00:00-05:00,4.002206600417226,4.002948304090768,3.5777187833329442,3.5794503688812256,1697820000,0.0,0.0
2018-11-20 00:00:00-05:00,3.316248780002668,3.8159370406636093,3.297696040674896,3.6877992153167725,1692032000,0.0,0.0
2018-11-21 00:00:00-05:00,3.824842270731728,3.8416634234545715,3.5524874183724475,3.579698085784912,1025496000,0.0,0.0
2018-11-23 00:00:00-05:00,3.5450658623026983,3.7004143271210364,3.532202588078987,3.586871385574341,411968000,0.0,0.0
2018-11-26 00:00:00-05:00,3.707835723938029,3.7963942952430196,3.625461319468034,3.7860047817230225,814832000,0.0,0.0
2018-11-27 00:00:00-05:00,3.760030992984124,3.8839636950579135,3.7241623984982883,3.802826166152954,738060000,0.0,0.0
2018-11-28 00:00:00-05:00,3.9203270967711465,3.9648538567933307,3.787983933272836,3.9596590995788574,804524000,0.0,0.0
2018-11-29 00:00:00-05:00,3.9618876933348006,3.999030296001051,3.86630723207846,3.8965165615081787,549172000,0.004,0.0
2018-11-30 00:00:00-05:00,3.9061743557532105,4.057468988240912,3.85590787831367,4.046821594238281,729564000,0.0,0.0
2018-12-03 00:00:00-05:00,4.273887730507437,4.325392331824314,4.143640390405806,4.2104973793029785,890804000,0.0,0.0
2018-12-04 00:00:00-05:00,4.165924821161724,4.17087729419902,3.875221360444782,3.8903262615203857,812112000,0.0,0.0
2018-12-06 00:00:00-05:00,3.7499267512291925,3.924497410513186,3.7343268862961385,3.9195451736450195,692308000,0.0,0.0
2018-12-07 00:00:00-05:00,3.9237541617113907,3.9339065888486973,3.6058128359465345,3.6550886631011963,681676000,0.0,0.0
2018-12-10 00:00:00-05:00,3.6102703696963077,3.785088756441355,3.606556014736308,3.760326862335205,629472000,0.0,0.0
2018-12-11 00:00:00-05:00,3.8519455835220526,3.860116975709195,3.5904610335335025,3.6694512367248535,671912000,0.0,0.0
2018-12-12 00:00:00-05:00,3.6751469505445433,3.783108383838456,3.5860045411823034,3.687032699584961,654136000,0.0,0.0
2018-12-13 00:00:00-05:00,3.733832059604428,3.797965080222705,3.6508800174820264,3.686784505844116,471384000,0.0,0.0
2018-12-14 00:00:00-05:00,3.645184206394901,3.7288791571454554,3.602841649028397,3.6263654232025146,471820000,0.0,0.0
2018-12-17 00:00:00-05:00,3.5964037205874115,3.6684604100559453,3.497356383112273,3.5552990436553955,662868000,0.0,0.0
2018-12-18 00:00:00-05:00,3.5991271888681555,3.722440974942913,3.5718892969335556,3.638498544692993,564372000,0.0,0.0
2018-12-19 00:00:00-05:00,3.6048222500158973,3.658307868542155,3.3782518207392216,3.4297564029693604,745364000,0.0,0.0
2018-12-20 00:00:00-05:00,3.4213380375423146,3.5112233516860103,3.2856432890227416,3.3453192710876465,749588000,0.0,0.0
2018-12-21 00:00:00-05:00,3.371814015403391,3.404747300038811,3.1809005712858642,3.208386182785034,863740000,0.0,0.0
2018-12-24 00:00:00-05:00,3.132120004078285,3.2185386771140743,3.0828439351668155,3.1467294692993164,463840000,0.0,0.0
2018-12-26 00:00:00-05:00,3.1927860386286473,3.2967856023218456,3.081853202175488,3.295795202255249,695100000,0.0,0.0
2018-12-27 00:00:00-05:00,3.2435474004611327,3.2779662791145765,3.0996812956400186,3.24800443649292,637044000,0.0,0.0
2018-12-28 00:00:00-05:00,3.2685569568075237,3.4020231610470932,3.226709603672185,3.3094139099121094,628728000,0.0,0.0
2018-12-31 00:00:00-05:00,3.3527478587170454,3.385185710467524,3.274995771165083,3.3057005405426025,465140000,0.0,0.0
2019-01-02 00:00:00-05:00,3.234881381222815,3.429013743136944,3.2202719163607765,3.3730521202087402,508752000,0.0,0.0
2019-01-03 00:00:00-05:00,3.3128808158221736,3.34680449917898,3.161833936081145,3.169262409210205,705552000,0.0,0.0
2019-01-04 00:00:00-05:00,3.242309862485577,3.410442449788006,3.211605332463338,3.372309446334839,585620000,0.0,0.0
2019-01-07 00:00:00-05:00,3.4295090569356015,3.5877369282498313,3.3782519546193495,3.550841808319092,709160000,0.0,0.0
2019-01-08 00:00:00-05:00,3.632308561774112,3.6345373165933417,3.3898905036888123,3.462442636489868,786016000,0.0,0.0
2019-01-09 00:00:00-05:00,3.513698909920698,3.5778321572029506,3.4631849627780333,3.5305371284484863,617260000,0.0,0.0
2019-01-10 00:00:00-05:00,3.5112228156861867,3.6048222344457934,3.45080392460482,3.5961556434631348,523156000,0.0,0.0
2019-01-11 00:00:00-05:00,3.57387062673555,3.7080797783897244,3.5461375306410936,3.6852989196777344,874764000,0.0,0.0
2019-01-14 00:00:00-05:00,3.633051296496179,3.7504222233939752,3.6095275202617363,3.7251651287078857,730168000,0.0,0.0
2019-01-15 00:00:00-05:00,3.7578503426020893,3.797221699312551,3.6927269296751715,3.7110507488250732,617012000,0.0,0.0
2019-01-16 00:00:00-05:00,3.738288382204007,3.771221427393537,3.6800982464634497,3.6855456829071045,470104000,0.0,0.0
2019-01-17 00:00:00-05:00,3.6526134277595066,3.7967270572444844,3.6253752950622045,3.7568604946136475,493436000,0.0,0.0
2019-01-18 00:00:00-05:00,3.8066311124384677,3.911868797573999,3.755126529017135,3.885868787765503,651336000,0.0,0.0
2019-01-22 00:00:00-05:00,3.8556588066068365,3.867296832296205,3.6536025798186964,3.683811902999878,661552000,0.0,0.0
2019-01-23 00:00:00-05:00,3.7390312028053936,3.8276783812887025,3.665488687412012,3.696688413619995,591020000,0.0,0.0
2019-01-24 00:00:00-05:00,3.7811270421483245,3.9259833480829425,3.776422286838493,3.908402681350708,708972000,0.0,0.0
2019-01-25 00:00:00-05:00,3.848974381611275,3.9836785018556333,3.7464606319697302,3.965602397918701,1154572000,0.0,0.0
2019-01-28 00:00:00-05:00,3.3812238348954637,3.507261357582652,3.24379600096317,3.4173760414123535,2511528000,0.0,0.0
2019-01-29 00:00:00-05:00,3.3713183594934417,3.4196040207088623,3.2440427472905946,3.2586522102355957,1153932000,0.0,0.0
2019-01-30 00:00:00-05:00,3.3346716185944336,3.4163855399650047,3.255186215779982,3.4020237922668457,974228000,0.0,0.0
2019-01-31 00:00:00-05:00,3.3988046746644693,3.595165806236764,3.377014216677439,3.559508800506592,842852000,0.0,0.0
2019-02-01 00:00:00-05:00,3.5780798883137495,3.634784430377582,3.5305373742978947,3.583775043487549,625048000,0.0,0.0
2019-02-04 00:00:00-05:00,3.599622614798295,3.7311078003189513,3.5775846762279366,3.693965196609497,528592000,0.0,0.0
2019-02-05 00:00:00-05:00,3.7058500632451805,3.7496784508051646,3.6721741021013155,3.713031053543091,542424000,0.0,0.0
2019-02-06 00:00:00-05:00,3.7462128231283276,3.8529363617477665,3.740765385567621,3.78855562210083,702464000,0.0,0.0
2019-02-07 00:00:00-05:00,3.7422507749665708,3.744479293492757,3.6075466655780306,3.6503844261169434,637120000,0.0,0.0
2019-02-08 00:00:00-05:00,3.5832795804759408,3.6796029558674137,3.5689178345378014,3.6689555644989014,461604000,0.0,0.0
2019-02-11 00:00:00-05:00,3.6248795868615664,3.6791078903680257,3.5780797566191254,3.6263654232025146,495180000,0.0,0.0
2019-02-12 00:00:00-05:00,3.664746075053052,3.7588409338348012,3.6503840927126143,3.7432408332824707,591060000,0.0,0.0
2019-02-13 00:00:00-05:00,3.7727071129005743,3.858630572041273,3.7590880500417443,3.785583257675171,605372000,0.0,0.0
2019-02-14 00:00:00-05:00,3.784593687951043,3.8546695815008256,3.741507971816293,3.8264410495758057,827264000,0.0,0.0
2019-02-15 00:00:00-05:00,4.034934774498316,4.057715393110544,3.873240272941682,3.8960211277008057,1516748000,0.0,0.0
2019-02-19 00:00:00-05:00,3.885373888543268,3.959164132900291,3.8663073863818664,3.878688097000122,551892000,0.0,0.0
2019-02-20 00:00:00-05:00,3.907907088268035,3.9930876443945174,3.8967644957676106,3.925983190536499,540988000,0.0,0.0
2019-02-21 00:00:00-05:00,3.938611744491741,3.9631256834479633,3.8425358444025264,3.857145309448242,448548000,0.0,0.0
2019-02-22 00:00:00-05:00,3.908897822960406,3.960649894447038,3.8952787573494283,3.94183087348938,401740000,0.0,0.0
2019-02-25 00:00:00-05:00,4.025278707547542,4.092630651065868,3.9207836827699745,3.929450511932373,656020000,0.0,0.0
2019-02-26 00:00:00-05:00,3.9247449069045306,3.980706526390799,3.8566498236755344,3.89007830619812,488464000,0.0,0.0
2019-02-27 00:00:00-05:00,3.875717168040082,3.9022121456582624,3.7912792893798266,3.848231554031372,500256000,0.0,0.0
2019-02-28 00:00:00-05:00,3.8420345503860722,3.86434317592044,3.8013834557961195,3.8236918449401855,324944000,0.004,0.0
2019-03-01 00:00:00-05:00,3.8735145504391952,3.920114645041173,3.8152644321867233,3.877976417541504,357188000,0.0,0.0
2019-03-04 00:00:00-05:00,3.9163965477958653,3.939200883740636,3.8296408345573885,3.8861560821533203,409992000,0.0,0.0
2019-03-05 00:00:00-05:00,3.8705392050412786,3.9178829732090192,3.816255018887514,3.8797106742858887,362924000,0.0,0.0
2019-03-06 00:00:00-05:00,3.870787047533414,3.8792145963499296,3.7661845981278033,3.768911123275757,403524000,0.0,0.0
2019-03-07 00:00:00-05:00,3.7453638631214803,3.7550310443588213,3.653650810029538,3.6997551918029785,450104000,0.0,0.0
2019-03-08 00:00:00-05:00,3.610520703719502,3.7446201836708006,3.589203500745577,3.733961582183838,422416000,0.0,0.0
2019-03-11 00:00:00-04:00,3.757509054703572,4.017031980745326,3.710413025385301,3.994227886199951,859728000,0.0,0.0
2019-03-12 00:00:00-04:00,4.021990761412275,4.074787593786374,3.9458936443828994,4.028435707092285,579576000,0.0,0.0
2019-03-13 00:00:00-04:00,4.065863733470836,4.208886474846685,4.058427367884118,4.179637432098389,768900000,0.0,0.0
2019-03-14 00:00:00-04:00,4.188809953562058,4.200707952374391,4.096105224995038,4.103789329528809,519384000,0.0,0.0
2019-03-15 00:00:00-04:00,4.1469176058016615,4.251768029432475,4.143447396897777,4.209134101867676,661484000,0.0,0.0
2019-03-18 00:00:00-04:00,4.240613433612085,4.294402140783058,4.16079816141345,4.187816619873047,486992000,0.0,0.0
2019-03-19 00:00:00-04:00,4.282256034301148,4.399748130589831,4.2654009372849435,4.3553786277771,854972000,0.0,0.0
2019-03-20 00:00:00-04:00,4.3843802661933795,4.4376730319595605,4.2882053617096085,4.3229079246521,719148000,0.0,0.0
2019-03-21 00:00:00-04:00,4.345961202599472,4.5856543609111515,4.341003624958164,4.559379577636719,824312000,0.0,0.0
2019-03-22 00:00:00-04:00,4.532114156712057,4.580697097140036,4.385868915737095,4.399749755859375,747644000,0.0,0.0
2019-03-25 00:00:00-04:00,4.3590980863019135,4.423296963469352,4.2413582249487405,4.307540416717529,525212000,0.0,0.0
2019-03-26 00:00:00-04:00,4.449074933679083,4.5050942228643125,4.327864886303869,4.384132385253906,703508000,0.0,0.0
2019-03-27 00:00:00-04:00,4.4096634610220855,4.45601533427444,4.305556721575917,4.374960899353027,474372000,0.0,0.0
2019-03-28 00:00:00-04:00,4.400987718648294,4.459238062152531,4.340506796604897,4.393551826477051,480264000,0.0,0.0
2019-03-29 00:00:00-04:00,4.460229161411316,4.475101890242775,4.409911133261652,4.450809955596924,456896000,0.0,0.0
2019-04-01 00:00:00-04:00,4.542524289975378,4.548473288345791,4.470889045273274,4.518232822418213,483824000,0.0,0.0
2019-04-02 00:00:00-04:00,4.542276137523133,4.580448440193339,4.499393994882644,4.536078929901123,440920000,0.0,0.0
2019-04-03 00:00:00-04:00,4.585654069826234,4.734378080160501,4.5806964924996185,4.675384044647217,783504000,0.0,0.0
2019-04-04 00:00:00-04:00,4.660014617003079,4.70884574803014,4.603747594715975,4.666459560394287,457376000,0.0,0.0
2019-04-05 00:00:00-04:00,4.709590303097136,4.750489603716596,4.673153105395864,4.733138084411621,481744000,0.0,0.0
2019-04-08 00:00:00-04:00,4.7026502006155395,4.778995283235704,4.678606470878102,4.753960132598877,424192000,0.0,0.0
2019-04-09 00:00:00-04:00,4.720496982792374,4.73165129477477,4.649109480661156,4.691247940063477,439972000,0.0,0.0
2019-04-10 00:00:00-04:00,4.690504119471046,4.787422242324242,4.686042489364285,4.761643409729004,444772000,0.0,0.0
2019-04-11 00:00:00-04:00,4.764121827522224,4.795601918392759,4.698435593307482,4.747762203216553,374600000,0.0,0.0
2019-04-12 00:00:00-04:00,4.786431210547088,4.79039736695356,4.701162866442991,4.709838390350342,471708000,0.0,0.0
2019-04-15 00:00:00-04:00,4.702154097545933,4.707111674658761,4.538557835067221,4.578217506408691,440092000,0.0,0.0
2019-04-16 00:00:00-04:00,4.617382435474857,4.684060108921409,4.584663177793732,4.665221691131592,394964000,0.0,0.0
2019-04-17 00:00:00-04:00,4.700170874822639,4.720992129672078,4.62010785478453,4.642416477203369,351004000,0.0,0.0
2019-04-18 00:00:00-04:00,4.649109843021277,4.683068255652355,4.590115806147697,4.61787748336792,380988000,0.0,0.0
2019-04-22 00:00:00-04:00,4.5943287023701025,4.6872811316969,4.562849085292997,4.671665191650391,279936000,0.0,0.0
2019-04-23 00:00:00-04:00,4.684803417118198,4.757430556442091,4.6751364719379405,4.726198196411133,346856000,0.0,0.0
2019-04-24 00:00:00-04:00,4.736607879880067,4.779242281427009,4.675879222350462,4.738591194152832,318204000,0.0,0.0
2019-04-25 00:00:00-04:00,4.698435532353966,4.720744153643242,4.553429966754181,4.632997035980225,499296000,0.0,0.0
2019-04-26 00:00:00-04:00,4.479315954390358,4.483778057349987,4.295642123758112,4.414373397827148,868988000,0.0,0.0
2019-04-29 00:00:00-04:00,4.422305273533989,4.472871519131866,4.350174087910344,4.445109844207764,391920000,0.0,0.0
2019-04-30 00:00:00-04:00,4.412886471536055,4.512035657356276,4.393800318272996,4.486505031585693,362920000,0.0,0.0
2019-05-01 00:00:00-04:00,4.538805714430242,4.580944171260318,4.4731190044189075,4.473367214202881,354280000,0.0,0.0
2019-05-02 00:00:00-04:00,4.4830342512147485,4.582431161421947,4.439904372692867,4.540788650512695,394684000,0.0,0.0
2019-05-03 00:00:00-04:00,4.549216779186023,4.559131460862227,4.474854539101852,4.536327362060547,336824000,0.0,0.0
2019-05-06 00:00:00-04:00,4.3501735919769935,4.470144483988638,4.312992714045154,4.457998752593994,422176000,0.0,0.0
2019-05-07 00:00:00-04:00,4.409662946539725,4.409662946539725,4.242844256793309,4.290931701660156,555220000,0.0,0.0
2019-05-08 00:00:00-04:00,4.263417907341127,4.3910724144750946,4.251519914220429,4.311009407043457,419168000,0.0,0.0
2019-05-09 00:00:00-04:00,4.2421013189180234,4.2517682624256565,4.099822273281469,4.218553066253662,660248000,0.0,0.0
2019-05-10 00:00:00-04:00,4.187817103269643,4.253255601624408,4.065119682464196,4.184594631195068,569500000,0.0,0.0
2019-05-13 00:00:00-04:00,4.052726536980217,4.075778844553139,3.911686638804407,3.9275505542755127,656912000,0.0,0.0
2019-05-14 00:00:00-04:00,3.9672101006105938,4.051735230769413,3.9285420862692155,4.016537189483643,524880000,0.0,0.0
2019-05-15 00:00:00-04:00,3.961013019664122,3.991997164948317,3.90177149084388,3.9555599689483643,502320000,0.0,0.0
2019-05-16 00:00:00-04:00,3.9501064795673853,4.013314161077269,3.9077202882386697,3.970679759979248,781088000,0.0,0.0
2019-05-17 00:00:00-04:00,3.9287902508678076,4.057932163280862,3.8405474063361402,3.8799591064453125,1022068000,0.0,0.0
2019-05-20 00:00:00-04:00,3.7813058779379296,3.8363337612673276,3.7366886241269976,3.7614760398864746,572064000,0.0,0.0
2019-05-21 00:00:00-04:00,3.8222051014554737,3.8593859901925756,3.7835368447903055,3.843522071838379,361848000,0.0,0.0
2019-05-22 00:00:00-04:00,3.804853278528092,3.8308798480781565,3.761723163231834,3.772629737854004,325868000,0.0,0.0
2019-05-23 00:00:00-04:00,3.7104134146446532,3.7104134146446532,3.5919301179758825,3.651667594909668,591844000,0.0,0.0
2019-05-24 00:00:00-04:00,3.670506072343846,3.705704114217534,3.5911867278095704,3.597879409790039,357584000,0.0,0.0
2019-05-28 00:00:00-04:00,3.615478059102354,3.6481973089986552,3.550783006705381,3.5527660846710205,428356000,0.0,0.0
2019-05-29 00:00:00-04:00,3.5051749996643733,3.540125071095557,3.4439503813001386,3.4786527156829834,559800000,0.0,0.0
2019-05-30 00:00:00-04:00,3.4818785056992767,3.5176129997385956,3.413883688106398,3.4520998001098633,394300000,0.004,0.0
2019-05-31 00:00:00-04:00,3.403213198882425,3.4704634892612543,3.359785827593994,3.361522912979126,389720000,0.0,0.0
2019-06-03 00:00:00-04:00,3.3726901373838083,3.4114025308764644,3.2905506069540187,3.3198330402374268,478644000,0.0,0.0
2019-06-04 00:00:00-04:00,3.3838566011741076,3.553843638882873,3.361770770092565,3.5486323833465576,641836000,0.0,0.0
2019-06-05 00:00:00-04:00,3.6223351684382408,3.6277946810863457,3.469719200713851,3.5059499740600586,511616000,0.0,0.0
2019-06-06 00:00:00-04:00,3.510168309378134,3.5925560834584522,3.507686691465688,3.567988634109497,408140000,0.0,0.0
2019-06-07 00:00:00-04:00,3.573944473908411,3.64491694860971,3.5548362996995038,3.6106715202331543,348856000,0.0,0.0
2019-06-10 00:00:00-04:00,3.666754525432909,3.751872169648638,3.666754525432909,3.6833810806274414,402780000,0.0,0.0
2019-06-11 00:00:00-04:00,3.74318609127667,3.7809059201648365,3.701496053023524,3.740952730178833,383872000,0.0,0.0
2019-06-12 00:00:00-04:00,3.6975258640966544,3.7037299087080866,3.612904730873607,3.628042221069336,358892000,0.0,0.0
2019-06-13 00:00:00-04:00,3.650127384214823,3.6975251877396107,3.6325082793974346,3.679161787033081,308080000,0.0,0.0
2019-06-14 00:00:00-04:00,3.5861042821856657,3.6104234768649275,3.5446622539774637,3.5893301963806152,394428000,0.0,0.0
2019-06-17 00:00:00-04:00,3.5875925454851405,3.6359831440619303,3.5647621832656573,3.5990078449249268,276040000,0.0,0.0
2019-06-18 00:00:00-04:00,3.6603025933790496,3.8491493120688105,3.6493838060369956,3.7938106060028076,581920000,0.0,0.0
2019-06-19 00:00:00-04:00,3.829048729718864,3.8404637930278342,3.7737097883346435,3.7997663021087646,331644000,0.0,0.0
2019-06-20 00:00:00-04:00,3.8903429595785717,3.9042396397667134,3.8096922792094254,3.824085235595703,350168000,0.0,0.0
2019-06-21 00:00:00-04:00,3.8091960649060783,3.858330959221177,3.759564657724691,3.766016721725464,434428000,0.0,0.0
2019-06-24 00:00:00-04:00,3.7873587448378245,3.817881983735955,3.7402089492520556,3.78835129737854,282948000,0.0,0.0
2019-06-25 00:00:00-04:00,3.793314392133921,3.868257549349684,3.756339089777915,3.759068727493286,311868000,0.0,0.0
2019-06-26 00:00:00-04:00,3.8863722111186365,4.013180117954762,3.8734680843302263,3.9521334171295166,584072000,0.0,0.0
2019-06-27 00:00:00-04:00,4.037747423194393,4.06975948452506,4.001764679171801,4.050651550292969,445440000,0.0,0.0
2019-06-28 00:00:00-04:00,4.094576480462772,4.103758420847202,4.02881525208753,4.07546854019165,397668000,0.0,0.0
2019-07-01 00:00:00-04:00,4.282430761166285,4.316676431741512,4.0861391515964955,4.123610973358154,709756000,0.0,0.0
2019-07-02 00:00:00-04:00,4.106983432433489,4.1280769479164805,4.012684318865418,4.02583646774292,400228000,0.0,0.0
2019-07-03 00:00:00-04:00,4.049163146200974,4.054870914754963,3.9789352049404316,4.038740634918213,246636000,0.0,0.0
2019-07-05 00:00:00-04:00,3.9804240518733294,3.9848907745607325,3.9129252787163464,3.976205348968506,396552000,0.0,0.0
2019-07-08 00:00:00-04:00,3.9166477915283986,3.935507708463473,3.8712353210074615,3.901262044906616,329788000,0.0,0.0
2019-07-09 00:00:00-04:00,3.8590760398522117,3.9317858436962787,3.846420165710537,3.9037442207336426,342860000,0.0,0.0
2019-07-10 00:00:00-04:00,3.9471715391660767,4.029311065055204,3.933274856114401,3.971987247467041,452076000,0.0,0.0
2019-07-11 00:00:00-04:00,4.044943986198475,4.1670369236067675,4.007720668204289,4.126339435577393,682560000,0.0,0.0
2019-07-12 00:00:00-04:00,4.154131512365433,4.230315683153101,4.154131512365433,4.1593427658081055,506392000,0.0,0.0
2019-07-15 00:00:00-04:00,4.180437480835474,4.196567285208484,4.12261716355152,4.150906562805176,289840000,0.0,0.0
2019-07-16 00:00:00-04:00,4.1360190100675105,4.173242342434457,4.090606288986848,4.146193504333496,341444000,0.0,0.0
2019-07-17 00:00:00-04:00,4.147929633119086,4.218406070489946,4.1186472030368435,4.2114577293396,348204000,0.0,0.0
2019-07-18 00:00:00-04:00,4.22188059377172,4.285904734954432,4.165300833974736,4.223121166229248,442192000,0.0,0.0
2019-07-19 00:00:00-04:00,4.261337115323473,4.267788943467835,4.17398586566886,4.179941654205322,344896000,0.0,0.0
2019-07-22 00:00:00-04:00,4.201282562002257,4.264314135155811,4.1938377091150825,4.251410007476807,315940000,0.0,0.0
2019-07-23 00:00:00-04:00,4.290618559250615,4.361094506318851,4.274984322109431,4.359109401702881,428176000,0.0,0.0
2019-07-24 00:00:00-04:00,4.402289498828608,4.439264802250148,4.32635378692082,4.433557033538818,366236000,0.0,0.0
2019-07-25 00:00:00-04:00,4.392113682197384,4.404769788137761,4.279202700927219,4.302529335021973,392700000,0.0,0.0
2019-07-26 00:00:00-04:00,4.32957936095483,4.3911218696456285,4.32957936095483,4.344468593597412,274160000,0.0,0.0
2019-07-29 00:00:00-04:00,4.337271436277209,4.354394263662138,4.25016870768611,4.338263988494873,248160000,0.0,0.0
2019-07-30 00:00:00-04:00,4.291859974102234,4.366058598546031,4.277466779509722,4.353899002075195,197772000,0.0,0.0
2019-07-31 00:00:00-04:00,4.322381776910833,4.323374802458657,4.144702148503868,4.186888694763184,359416000,0.0,0.0
2019-08-01 00:00:00-04:00,4.197311458041356,4.287640342732247,4.040476836852374,4.092589855194092,421212000,0.0,0.0
2019-08-02 00:00:00-04:00,4.000028610229492,4.069264478587115,3.952631028904131,4.000028610229492,428348000,0.0,0.0
2019-08-05 00:00:00-04:00,3.8166411229256076,3.81788193191472,3.6950446819140272,3.741946220397949,589156000,0.0,0.0
2019-08-06 00:00:00-04:00,3.816642198019295,3.862054683844286,3.733013589209113,3.7806594371795654,361272000,0.0,0.0
2019-08-07 00:00:00-04:00,3.7198595651799287,3.8307854573829028,3.702488715391575,3.818873882293701,372560000,0.0,0.0
2019-08-08 00:00:00-04:00,3.876447061037143,3.9285598589107837,3.8191230070421525,3.927319049835205,309300000,0.0,0.0
2019-08-09 00:00:00-04:00,3.8863734516219903,3.889847622507796,3.775695786273872,3.8260715007781982,341816000,0.0,0.0
2019-08-12 00:00:00-04:00,3.7739579119890703,3.826070701043557,3.7364863362244636,3.758324146270752,279200000,0.0,0.0
2019-08-13 00:00:00-04:00,3.7568354485894377,3.918385086800619,3.717875040369741,3.872476100921631,351956000,0.0,0.0
2019-08-14 00:00:00-04:00,3.7843801116930753,3.7955471539062873,3.6804027985599177,3.7240781784057617,419880000,0.0,0.0
2019-08-15 00:00:00-04:00,3.742938233229948,3.7627907008729746,3.6575725750329156,3.6918179988861084,477200000,0.0,0.0
2019-08-16 00:00:00-04:00,3.9543682115310657,4.008714135678641,3.893073472406718,3.9595794677734375,1007960000,0.0,0.0
2019-08-19 00:00:00-04:00,4.072739255318222,4.253893147176015,4.056608971617907,4.238010883331299,815112000,0.0,0.0
2019-08-20 00:00:00-04:00,4.23255052653228,4.233047039437114,4.144703241392675,4.165796756744385,463188000,0.0,0.0
2019-08-21 00:00:00-04:00,4.2318061266537566,4.304267667180546,4.210216571039822,4.249176979064941,427244000,0.0,0.0
2019-08-22 00:00:00-04:00,4.25885575491386,4.301290336647535,4.216172680040969,4.2553815841674805,303488000,0.0,0.0
2019-08-23 00:00:00-04:00,4.178948538511534,4.233294687427818,4.011194876201635,4.031047344207764,568056000,0.0,0.0
2019-08-26 00:00:00-04:00,4.109713614737591,4.133784788125039,4.067527056360016,4.105742931365967,318208000,0.0,0.0
2019-08-27 00:00:00-04:00,4.143959091471172,4.146688729399361,3.9858838515691355,4.015166282653809,290968000,0.0,0.0
2019-08-28 00:00:00-04:00,3.988836052711197,4.057394715003418,3.9495883352004126,4.004733562469482,255612000,0.004,0.0
2019-08-29 00:00:00-04:00,4.096146031767372,4.180602690054442,4.092668421383395,4.148310661315918,357976000,0.0,0.0
2019-08-30 00:00:00-04:00,4.194511654964686,4.244192191922564,4.142844048140882,4.160977363586426,290616000,0.0,0.0
2019-09-03 00:00:00-04:00,4.088197031600992,4.121234328276047,4.055159734925938,4.078012466430664,296140000,0.0,0.0
2019-09-04 00:00:00-04:00,4.138621628327595,4.19948026916108,4.138621628327595,4.192028045654297,227728000,0.0,0.0
2019-09-05 00:00:00-04:00,4.294121111738001,4.470983126943168,4.292382307110529,4.464773178100586,695676000,0.0,0.0
2019-09-06 00:00:00-04:00,4.441424239867134,4.498308278194488,4.399692916918379,4.4376983642578125,376976000,0.0,0.0
2019-09-09 00:00:00-04:00,4.468749090650275,4.570097277410667,4.46725855072438,4.4836530685424805,417524000,0.0,0.0
2019-09-10 00:00:00-04:00,4.450861807319939,4.576801470938794,4.441174250223567,4.550222873687744,352812000,0.0,0.0
2019-09-11 00:00:00-04:00,4.564878797911657,4.626979230477164,4.535815651439235,4.578789234161377,361512000,0.0,0.0
2019-09-12 00:00:00-04:00,4.625239889847557,4.679888093607152,4.569349412258967,4.577298164367676,327840000,0.0,0.0
2019-09-13 00:00:00-04:00,4.510727553957993,4.547739457034524,4.475702720883678,4.519421577453613,324592000,0.0,0.0
2019-09-16 00:00:00-04:00,4.4444047777332525,4.5109763688048865,4.433971948267542,4.4764485359191895,231832000,0.0,0.0
2019-09-17 00:00:00-04:00,4.483155132699058,4.502033719880627,4.436703934474506,4.4978108406066895,223048000,0.0,0.0
2019-09-18 00:00:00-04:00,4.490855456841406,4.506504699218102,4.38429089143522,4.470734596252441,258152000,0.0,0.0
2019-09-19 00:00:00-04:00,4.4766967988047615,4.495078856815174,4.384539664785912,4.39522123336792,245476000,0.0,0.0
2019-09-20 00:00:00-04:00,4.394227465347032,4.4178254630479215,4.279465873580673,4.289649963378906,350244000,0.0,0.0
2019-09-23 00:00:00-04:00,4.289898053534859,4.388513382593779,4.286171705354058,4.343055725097656,249712000,0.0,0.0
2019-09-24 00:00:00-04:00,4.37435601241722,4.403915698846809,4.25015510779471,4.2856764793396,317268000,0.0,0.0
2019-09-25 00:00:00-04:00,4.2851792158550435,4.44688902648033,4.2404668170869675,4.427265167236328,308432000,0.0,0.0
2019-09-26 00:00:00-04:00,4.417575071904398,4.426269091809877,4.354232385406141,4.405154705047607,234564000,0.0,0.0
2019-09-27 00:00:00-04:00,4.3634241897647055,4.414098253267089,4.205937321136508,4.266547679901123,362056000,0.0,0.0
2019-09-30 00:00:00-04:00,4.292382559403392,4.334113872915561,4.261083600480512,4.323929309844971,186184000,0.0,0.0
2019-10-01 00:00:00-04:00,4.347029594926277,4.496070704367189,4.317469922551285,4.3221893310546875,366008000,0.0,0.0
2019-10-02 00:00:00-04:00,4.300332636444396,4.31225600791318,4.226060540831684,4.298345565795898,293372000,0.0,0.0
2019-10-03 00:00:00-04:00,4.302815239189767,4.509982207751677,4.272510290120743,4.503772258758545,450588000,0.0,0.0
2019-10-04 00:00:00-04:00,4.50600817250666,4.549478768616811,4.4409271216900095,4.520167350769043,265524000,0.0,0.0
2019-10-07 00:00:00-04:00,4.584999182660187,4.678398096787563,4.576305160004113,4.578789234161377,480984000,0.0,0.0
2019-10-08 00:00:00-04:00,4.48713118208393,4.48713118208393,4.38429291766069,4.402426242828369,444436000,0.0,0.0
2019-10-09 00:00:00-04:00,4.4791806772945035,4.538300515433616,4.450366264875093,4.488868236541748,292412000,0.0,0.0
2019-10-10 00:00:00-04:00,4.486632242810454,4.597419205277108,4.481415829074276,4.546496868133545,309124000,0.0,0.0
2019-10-11 00:00:00-04:00,4.630457031874789,4.703238559929826,4.611578446526381,4.62002420425415,446404000,0.0,0.0
2019-10-14 00:00:00-04:00,4.611329704263812,4.6543032887412705,4.580279486712769,4.633437633514404,200040000,0.0,0.0
2019-10-15 00:00:00-04:00,4.723609141454484,4.950400027083253,4.709698226547822,4.877866268157959,664124000,0.0,0.0
2019-10-16 00:00:00-04:00,4.843834979818206,4.948660756655363,4.812784755588602,4.824211120605469,428944000,0.0,0.0
2019-10-17 00:00:00-04:00,4.86867372326133,4.9136343731653165,4.7717967319464405,4.826197147369385,263436000,0.0,0.0
2019-10-18 00:00:00-04:00,4.826693821535992,4.859234576136827,4.657532308727944,4.731804370880127,307440000,0.0,0.0
2019-10-21 00:00:00-04:00,4.7931591612441276,4.8823356610131095,4.7742805786822595,4.868921756744385,261868000,0.0,0.0
2019-10-22 00:00:00-04:00,4.92580670192421,5.030880725953008,4.851286366161707,4.858986854553223,328720000,0.0,0.0
2019-10-23 00:00:00-04:00,4.7770146283676835,4.860228993304525,4.745219137599581,4.846070289611816,279916000,0.0,0.0
2019-10-24 00:00:00-04:00,4.887303293197778,4.9235699189172255,4.853272476100206,4.890036106109619,232020000,0.0,0.0
2019-10-25 00:00:00-04:00,4.9705200867657355,5.101676207157545,4.962819596834486,5.080810546875,423092000,0.0,0.0
2019-10-28 00:00:00-04:00,5.124527570807019,5.189112078588046,5.095216158575196,5.136699676513672,330792000,0.0,0.0
2019-10-29 00:00:00-04:00,5.122789661614695,5.129248350416009,5.021193709756403,5.040568828582764,211236000,0.0,0.0
2019-10-30 00:00:00-04:00,5.0673965602975635,5.073109979768941,4.974494151837034,5.042556285858154,205960000,0.0,0.0
2019-10-31 00:00:00-04:00,5.021688404898659,5.042554055635316,4.913633803734813,4.993370532989502,209732000,0.0,0.0
2019-11-01 00:00:00-04:00,4.958098503171702,5.064663061893138,4.9330099691241465,5.0323710441589355,283640000,0.0,0.0
2019-11-04 00:00:00-05:00,5.1133506463871905,5.241277891080467,5.090249651247196,5.228857517242432,376716000,0.0,0.0
2019-11-05 00:00:00-05:00,5.228608152456501,5.254690221348743,5.158807229667227,5.206748962402344,300868000,0.0,0.0
2019-11-06 00:00:00-05:00,5.182654128470489,5.208239193813134,5.070127883140323,5.157565593719482,269012000,0.0,0.0
2019-11-07 00:00:00-05:00,5.244008799548261,5.2586645050238925,5.130489029983029,5.175201416015625,280340000,0.0,0.0
2019-11-08 00:00:00-05:00,5.158310994282021,5.192838822826329,5.120802086957309,5.161291599273682,189100000,0.0,0.0
2019-11-11 00:00:00-05:00,5.1605454129544865,5.194327965803184,5.074349989554942,5.171226978302002,243436000,0.0,0.0
2019-11-12 00:00:00-05:00,5.209481301935524,5.262639448449089,5.174456471002572,5.206748962402344,283504000,0.0,0.0
2019-11-13 00:00:00-05:00,5.17545020261961,5.203022811864566,5.114592039558323,5.180915355682373,300188000,0.0,0.0
2019-11-14 00:00:00-05:00,5.1898580791915965,5.213456550501658,5.12999344609169,5.211220741271973,518080000,0.0,0.0
2019-11-15 00:00:00-05:00,5.208984457760898,5.260652066558472,4.983932441136792,5.072115421295166,1053628000,0.0,0.0
2019-11-18 00:00:00-05:00,5.064662552633288,5.299650362796563,5.061681948100534,5.273071765899658,574588000,0.0,0.0
2019-11-19 00:00:00-05:00,5.242022545733795,5.2656205425735925,5.108382371167746,5.166508197784424,414564000,0.0,0.0
2019-11-20 00:00:00-05:00,5.143655568076796,5.329459888793397,5.130986930145402,5.245748519897461,472588000,0.0,0.0
2019-11-21 00:00:00-05:00,5.241276334073819,5.296918076214719,5.199296288413104,5.220907211303711,288388000,0.0,0.0
2019-11-22 00:00:00-05:00,5.243513093405742,5.289964295422484,5.214946944987763,5.2385454177856445,224100000,0.0,0.0
2019-11-25 00:00:00-05:00,5.366470766397429,5.4998626526423084,5.3535538656231445,5.494894504547119,506476000,0.0,0.0
2019-11-26 00:00:00-05:00,5.4772591154009564,5.481978999429625,5.383860181618634,5.390318870544434,385244000,0.0,0.0
2019-11-27 00:00:00-05:00,5.435810759201238,5.470115151714942,5.398771535986935,5.425121307373047,215784000,0.004,0.0
2019-11-29 00:00:00-05:00,5.39429514122711,5.422633439116357,5.363967359032828,5.387831687927246,141556000,0.0,0.0
2019-12-02 00:00:00-05:00,5.380870546472608,5.394294348036424,5.18647719119734,5.201640605926514,372036000,0.0,0.0
2019-12-03 00:00:00-05:00,5.018186615594766,5.166094553868876,4.980898951860107,5.1621174812316895,465232000,0.0,0.0
2019-12-04 00:00:00-05:00,5.245641816283171,5.268014509863485,5.177281018849271,5.205868244171143,273424000,0.0,0.0
2019-12-05 00:00:00-05:00,5.227744148479269,5.243404939480599,5.158388607295451,5.18896484375,184884000,0.0,0.0
2019-12-06 00:00:00-05:00,5.258071837333856,5.307043224374402,5.248128206322438,5.274229526519775,232236000,0.0,0.0
2019-12-09 00:00:00-05:00,5.2513599338149906,5.32891854880573,5.242659493749211,5.274229526519775,211880000,0.0,0.0
2019-12-10 00:00:00-05:00,5.304308434137687,5.370929624486733,5.251608422137787,5.319223880767822,256388000,0.0,0.0
2019-12-11 00:00:00-05:00,5.329663470004647,5.408216340025426,5.327177562670897,5.40274715423584,233796000,0.0,0.0
2019-12-12 00:00:00-05:00,5.373911504079874,5.588191691238599,5.364962616953304,5.570044994354248,404348000,0.0,0.0
2019-12-13 00:00:00-05:00,5.573028398203756,5.692100660056325,5.514113388523606,5.568056583404541,454704000,0.0,0.0
2019-12-16 00:00:00-05:00,5.615534511934864,5.669228766850408,5.58744419410932,5.596890449523926,320976000,0.0,0.0
2019-12-17 00:00:00-05:00,5.615535365278752,5.6975683989039565,5.606089108428681,5.674947261810303,321196000,0.0,0.0
2019-12-18 00:00:00-05:00,5.709749502030859,5.7656812284331656,5.701297512416588,5.705275058746338,343548000,0.0,0.0
2019-12-19 00:00:00-05:00,5.739829113698079,5.86660755208629,5.734857298669903,5.853183746337891,445360000,0.0,0.0
2019-12-20 00:00:00-05:00,5.91955469427086,5.975734864041908,5.900413732209764,5.950379371643066,603044000,0.0,0.0
2019-12-23 00:00:00-05:00,5.97896696941142,6.011034365228068,5.926018522750285,5.936707496643066,355060000,0.0,0.0
2019-12-24 00:00:00-05:00,5.92129499046584,5.948887942345335,5.886990136964135,5.931735515594482,138864000,0.0,0.0
2019-12-26 00:00:00-05:00,5.935216236710832,5.973995536815829,5.91632372070032,5.945905685424805,182852000,0.0,0.0
2019-12-27 00:00:00-05:00,5.961068893221164,5.974492697227238,5.861883424733075,5.888233661651611,254644000,0.0,0.0
2019-12-30 00:00:00-05:00,5.866356806453088,5.8715770679470305,5.74380441141354,5.775125980377197,258056000,0.0,0.0
2019-12-31 00:00:00-05:00,5.73982842397939,5.858652228527245,5.720687459973178,5.84920597076416,231004000,0.0,0.0
2020-01-02 00:00:00-05:00,5.934968095675587,5.963803768157959,5.884505550296847,5.963803768157959,237536000,0.0,0.0
2020-01-03 00:00:00-05:00,5.844233913695736,5.912097802856729,5.8193753167124,5.868346691131592,205384000,0.0,0.0
2020-01-06 00:00:00-05:00,5.775128136185318,5.898177473983396,5.749026818972195,5.8929572105407715,262636000,0.0,0.0
2020-01-07 00:00:00-05:00,5.9212948654387905,6.010039801296708,5.876301039294927,5.964300155639648,314856000,0.0,0.0
2020-01-08 00:00:00-05:00,5.960074415808599,6.01675195985036,5.920052401950536,5.975486755371094,277108000,0.0,0.0
2020-01-09 00:00:00-05:00,6.061746936440658,6.11345267607093,5.987420054256741,6.041114330291748,255112000,0.0,0.0
2020-01-10 00:00:00-05:00,6.148253347803174,6.178580656241072,6.059259958542958,6.073429107666016,316296000,0.0,0.0
2020-01-13 00:00:00-05:00,6.156457847574533,6.288953447003874,6.133836231355337,6.263846397399902,319840000,0.0,0.0
2020-01-14 00:00:00-05:00,6.221090682072867,6.2464466589538965,6.133837350880014,6.147012710571289,359088000,0.0,0.0
2020-01-15 00:00:00-05:00,6.15968810642731,6.182060796386267,6.078649335978341,6.104502201080322,263104000,0.0,0.0
2020-01-16 00:00:00-05:00,6.1579499432133975,6.193994896537789,6.134582977931164,6.188028812408447,284192000,0.0,0.0
2020-01-17 00:00:00-05:00,6.207167801208955,6.214625522525774,6.149247540649398,6.196727275848389,253792000,0.0,0.0
2020-01-21 00:00:00-05:00,6.160186089168899,6.196976854432715,6.129361406762414,6.163417816162109,217916000,0.0,0.0
2020-01-22 00:00:00-05:00,6.208659105515355,6.303867019248585,6.189766591842113,6.21735954284668,239240000,0.0,0.0
2020-01-23 00:00:00-05:00,6.25738300125643,6.294173292221765,6.168638052545545,6.285721302032471,244516000,0.0,0.0
2020-01-24 00:00:00-05:00,6.401063843902919,6.450781034287568,6.17236562158241,6.22655725479126,373512000,0.0,0.0
2020-01-27 00:00:00-05:00,5.922290610131101,6.0219734668079825,5.772891023514302,5.97101354598999,470536000,0.0,0.0
2020-01-28 00:00:00-05:00,6.036887788328454,6.196479436751818,5.9836904141412175,6.164163589477539,310976000,0.0,0.0
2020-01-29 00:00:00-05:00,6.149745001380459,6.185789943729785,6.0639828644708,6.103756904602051,258848000,0.0,0.0
2020-01-30 00:00:00-05:00,6.006062657393327,6.123892191463495,5.9511256737179945,6.11046838760376,290504000,0.0,0.0
2020-01-31 00:00:00-05:00,6.064728033562404,6.07666019690818,5.835532919670474,5.877295017242432,370420000,0.0,0.0
2020-02-03 00:00:00-05:00,5.859149875876774,5.993634486380616,5.8529353441116,5.974245071411133,255564000,0.0,0.0
2020-02-04 00:00:00-05:00,6.115936955202383,6.1624224187891,6.065971316764821,6.143280982971191,271544000,0.0,0.0
2020-02-05 00:00:00-05:00,6.264094359762809,6.2742864375752365,6.15024236438546,6.233518600463867,208220000,0.0,0.0
2020-02-06 00:00:00-05:00,6.26782374742976,6.320274829864502,6.1867849664456935,6.320274829864502,218284000,0.0,0.0
2020-02-07 00:00:00-05:00,6.2802521818150865,6.302376423964702,6.2287948985436135,6.254150867462158,189752000,0.0,0.0
2020-02-10 00:00:00-05:00,6.276771965769414,6.537786055878757,6.2718001514092725,6.537040710449219,529608000,0.0,0.0
2020-02-11 00:00:00-05:00,6.645175046983783,6.7739420040767095,6.583277238541487,6.65934419631958,638556000,0.0,0.0
2020-02-12 00:00:00-05:00,6.712043650970629,6.781399175304886,6.673264355662587,6.774935722351074,374644000,0.0,0.0
2020-02-13 00:00:00-05:00,6.717016286330041,6.7983035102749065,6.689671780436804,6.731185436248779,528016000,0.0,0.0
2020-02-14 00:00:00-05:00,7.140855180879246,7.332514260558367,7.109533596410155,7.203747272491455,1041924000,0.0,0.0
2020-02-18 00:00:00-05:00,7.100581394830494,7.390680504546585,7.08119198576001,7.372284889221191,620164000,0.0,0.0
2020-02-19 00:00:00-05:00,7.49459070572819,7.840621144248622,7.49459070572819,7.822971343994141,694332000,0.0,0.0
2020-02-20 00:00:00-05:00,7.774993056447043,7.863240616578318,7.366816442111432,7.673819065093994,810052000,0.0,0.0
2020-02-21 00:00:00-05:00,7.561707463584029,7.5868145075008995,7.2253717906862,7.310139179229736,768180000,0.0,0.0
2020-02-24 00:00:00-05:00,6.716518843394687,7.006866456625877,6.662078754814775,6.793331623077393,856916000,0.0,0.0
2020-02-25 00:00:00-05:00,6.868405127821072,6.930302945472241,6.412500210276758,6.514171600341797,1055496000,0.0,0.0
2020-02-26 00:00:00-05:00,6.514418977708999,6.847274499035752,6.512927812738994,6.653378009796143,747732000,0.0,0.0
2020-02-27 00:00:00-05:00,6.340222462355224,6.6411905100878075,6.190733538467209,6.283013820648193,906416000,0.004,0.0
2020-02-28 00:00:00-05:00,6.030797116537449,6.776998186127318,6.0141320997454795,6.717550754547119,1133252000,0.0,0.0
2020-03-02 00:00:00-05:00,6.887437432968634,6.90460012185315,6.491950746144979,6.875746726989746,890744000,0.0,0.0
2020-03-03 00:00:00-05:00,6.931462850373076,6.991158887369875,6.528265410526086,6.61358118057251,652792000,0.0,0.0
2020-03-04 00:00:00-05:00,6.720786112979837,7.086175961601068,6.646165702503717,7.076724052429199,597408000,0.0,0.0
2020-03-05 00:00:00-05:00,6.877486969671298,7.044138573937588,6.753120114977706,6.797643661499023,540328000,0.0,0.0
2020-03-06 00:00:00-05:00,6.618306340364054,6.675764049860248,6.417329367295338,6.617311477661133,515412000,0.0,0.0
2020-03-09 00:00:00-04:00,5.967121698181325,6.452152626694076,5.924339753977124,6.104920387268066,614160000,0.0,0.0
2020-03-10 00:00:00-04:00,6.3810155877339705,6.493940830230713,6.118601874560568,6.493940830230713,580648000,0.0,0.0
2020-03-11 00:00:00-04:00,6.354152540659785,6.382508269115836,6.033534832806254,6.13054084777832,499964000,0.0,0.0
2020-03-12 00:00:00-04:00,5.607951271671891,5.873101457756061,5.36767455663343,5.380360126495361,816540000,0.0,0.0
2020-03-13 00:00:00-04:00,5.733312524970292,5.99498043118963,5.4624417815793365,5.990503311157227,634836000,0.0,0.0
2020-03-16 00:00:00-04:00,5.28335358926961,5.623870451229937,4.825434836944395,4.885130882263184,726972000,0.0,0.0
2020-03-17 00:00:00-04:00,4.997308990591307,5.493532962867673,4.750814071544446,5.404237270355225,833632000,0.0,0.0
2020-03-18 00:00:00-04:00,4.977162031994791,5.221915838198457,4.494121265098619,5.0448174476623535,874268000,0.0,0.0
2020-03-19 00:00:00-04:00,5.023426414589291,5.3908064456390665,4.810261985939699,5.297282695770264,765512000,0.0,0.0
2020-03-20 00:00:00-04:00,5.447267659587445,5.728834186154782,5.102274251473931,5.1176958084106445,804636000,0.0,0.0
2020-03-23 00:00:00-04:00,5.11670186259857,5.384588507711456,4.937862326875791,5.290318012237549,643876000,0.0,0.0
2020-03-24 00:00:00-04:00,5.696002873684383,6.284507216709611,5.67237333783813,6.1979475021362305,1101644000,0.0,0.0
2020-03-25 00:00:00-04:00,6.312861800383095,6.512346261387869,6.060645815672692,6.109397888183594,793432000,0.0,0.0
2020-03-26 00:00:00-04:00,6.316343948572078,6.52229572585307,6.218343085472186,6.398426532745361,696108000,0.0,0.0
2020-03-27 00:00:00-04:00,6.21834371533813,6.54468246183584,6.185510868111897,6.286248207092285,638828000,0.0,0.0
2020-03-30 00:00:00-04:00,6.351664829525948,6.615322944620109,6.3076389446385654,6.606119632720947,602252000,0.0,0.0
2020-03-31 00:00:00-04:00,6.646165858837686,6.850127939399178,6.411112532873949,6.55662202835083,949960000,0.0,0.0
2020-04-01 00:00:00-04:00,6.358876290767554,6.505131522867154,6.001445945159804,6.045969009399414,656912000,0.0,0.0
2020-04-02 00:00:00-04:00,6.075072846746822,6.36758387464943,6.027067511719613,6.354401111602783,675764000,0.0,0.0
2020-04-03 00:00:00-04:00,6.316841179647941,6.358379663037295,5.929562996468458,6.066864013671875,663212000,0.0,0.0
2020-04-06 00:00:00-04:00,6.348678972084709,6.712825281839305,6.291221263715193,6.6760125160217285,727884000,0.0,0.0
2020-04-07 00:00:00-04:00,6.897384681264643,6.9210146839763675,6.399917332175145,6.442948341369629,784520000,0.0,0.0
2020-04-08 00:00:00-04:00,6.551894702646605,6.664819927163349,6.482000494418423,6.639946460723877,542444000,0.0,0.0
2020-04-09 00:00:00-04:00,6.765557136655976,6.7884404027807115,6.477523263677439,6.54045295715332,525564000,0.0,0.0
2020-04-13 00:00:00-04:00,6.480756170782131,6.720784212249755,6.392455827392157,6.71207857131958,398408000,0.0,0.0
2020-04-14 00:00:00-04:00,6.840177411632227,7.096870512386343,6.812567953080137,7.062794208526611,530948000,0.0,0.0
2020-04-15 00:00:00-04:00,6.894899184713868,7.068266728820845,6.849629840850387,6.985438346862793,366148000,0.0,0.0
2020-04-16 00:00:00-04:00,7.140648603185694,7.437139095357745,7.12746583956745,7.330183506011963,745620000,0.0,0.0
2020-04-17 00:00:00-04:00,7.41226513448081,7.433656345818027,7.137165873276941,7.270984649658203,539120000,0.0,0.0
2020-04-20 00:00:00-04:00,7.144627352201528,7.30033451878303,7.095626685846547,7.139901161193848,449388000,0.0,0.0
2020-04-21 00:00:00-04:00,7.022001664063456,7.083189755050889,6.643926307064967,6.703622341156006,735160000,0.0,0.0
2020-04-22 00:00:00-04:00,6.895645491403493,7.160298464980973,6.850127550160316,7.117516040802002,483356000,0.0,0.0
2020-04-23 00:00:00-04:00,7.159551578055297,7.291380147551621,7.039164167732887,7.064286231994629,424160000,0.0,0.0
2020-04-24 00:00:00-04:00,7.054087511268315,7.205068472066318,6.9794671205561025,7.203078746795654,352328000,0.0,0.0
2020-04-27 00:00:00-04:00,7.33739567875183,7.549068019332365,7.312770810511695,7.389380931854248,479388000,0.0,0.0
2020-04-28 00:00:00-04:00,7.536632034839591,7.566480291999541,7.241634092483355,7.247106075286865,442904000,0.0,0.0
2020-04-29 00:00:00-04:00,7.381671326882136,7.476439012322255,7.306553724860844,7.423707485198975,379160000,0.0,0.0
2020-04-30 00:00:00-04:00,7.369730999567452,7.423706453585619,7.25605998667929,7.269989013671875,375916000,0.0,0.0
2020-05-01 00:00:00-04:00,7.0727439323957615,7.185917767812462,6.985438429326991,7.033692836761475,342096000,0.0,0.0
2020-05-04 00:00:00-04:00,6.98643322473106,7.259045574623268,6.98643322473106,7.245365142822266,317556000,0.0,0.0
2020-05-05 00:00:00-04:00,7.34933499237457,7.468727056760737,7.245364011573555,7.306303977966309,368896000,0.0,0.0
2020-05-06 00:00:00-04:00,7.385651288802493,7.5117592899465135,7.347843653286045,7.407042026519775,323464000,0.0,0.0
2020-05-07 00:00:00-04:00,7.546083299397135,7.646322956404003,7.494844309602577,7.583144664764404,373732000,0.0,0.0
2020-05-08 00:00:00-04:00,7.6547801034035805,7.779146962839616,7.620952397339861,7.772928714752197,339216000,0.0,0.0
2020-05-11 00:00:00-04:00,7.7679541359634445,8.071409584799568,7.739349814452519,8.02464771270752,469060000,0.0,0.0
2020-05-12 00:00:00-04:00,8.082353219891191,8.131104815572956,7.753278525773543,7.762979030609131,493060000,0.0,0.0
2020-05-13 00:00:00-04:00,7.877396787105867,8.037581075925017,7.556281469377941,7.740593433380127,625852000,0.0,0.0
2020-05-14 00:00:00-04:00,7.802031017743821,7.995297231347669,7.648562162805694,7.989825248718262,602312000,0.0,0.0
2020-05-15 00:00:00-04:00,7.849788147818248,8.457444400932566,7.834117990428447,8.447744369506836,987660000,0.0,0.0
2020-05-18 00:00:00-04:00,8.716125066522661,8.871335010528153,8.636530369418866,8.705926895141602,774460000,0.0,0.0
2020-05-19 00:00:00-04:00,8.74572658115145,9.041470783714418,8.71836571880114,8.760899543762207,717320000,0.0,0.0
2020-05-20 00:00:00-04:00,8.945460766522393,8.997197432107013,8.843728564013752,8.924567222595215,587536000,0.0,0.0
2020-05-21 00:00:00-04:00,9.005656127467962,9.006650516116713,8.693246350972462,8.730805397033691,761068000,0.0,0.0
2020-05-22 00:00:00-04:00,8.780548617812489,9.046943165034369,8.669116398399483,8.980530738830566,1038764000,0.0,0.0
2020-05-26 00:00:00-04:00,9.110370081279614,9.135244023656483,8.628075582392123,8.673593521118164,770780000,0.0,0.0
2020-05-27 00:00:00-04:00,8.581313337076326,8.589023642130156,7.956245377477276,8.48206901550293,1175892000,0.0,0.0
2020-05-28 00:00:00-04:00,8.369641310493597,8.71612780265419,8.336808463910437,8.444013595581055,734896000,0.0,0.0
2020-05-29 00:00:00-04:00,8.511169349529405,8.830543518066406,8.44202141149652,8.830543518066406,745256000,0.0,0.0
2020-06-01 00:00:00-04:00,8.788508028577247,8.79596973608388,8.645485958689513,8.76164436340332,389876000,0.0,0.0
2020-06-02 00:00:00-04:00,8.751693753150318,8.792485486965848,8.614143696526794,8.780546188354492,391320000,0.0,0.0
2020-06-03 00:00:00-04:00,8.777564844600539,8.821341654091105,8.655933498137044,8.725081443786621,365440000,0.0,0.0
2020-06-04 00:00:00-04:00,8.687752876236223,8.902010324242097,8.63748582686999,8.726076126098633,424280000,0.004,0.0
2020-06-05 00:00:00-04:00,8.753948023245258,8.955513667793715,8.667846716392749,8.87886905670166,481748000,0.0,0.0
2020-06-08 00:00:00-04:00,8.836316752947287,8.84875892563933,8.645700047300858,8.764400482177734,387736000,0.0,0.0
2020-06-09 00:00:00-04:00,8.759424561032304,9.067745950107147,8.710899416736416,9.004289627075195,468488000,0.0,0.0
2020-06-10 00:00:00-04:00,9.125476073854845,9.456193647383984,9.111291031556593,9.32355785369873,632180000,0.0,0.0
2020-06-11 00:00:00-04:00,9.107807709528801,9.21854464450774,8.745486794003435,8.75568962097168,583652000,0.0,0.0
2020-06-12 00:00:00-04:00,9.120251596693144,9.14488723008976,8.663118775221182,8.891311645507812,570908000,0.0,0.0
2020-06-15 00:00:00-04:00,8.774602299815214,9.139909650009946,8.703431219632431,9.131448745727539,400004000,0.0,0.0
2020-06-16 00:00:00-04:00,9.182464923079202,9.224022372872781,8.797995385566145,9.02668571472168,535716000,0.0,0.0
2020-06-17 00:00:00-04:00,9.071724989420082,9.256120093438188,9.028424681181738,9.193410873413086,408304000,0.0,0.0
2020-06-18 00:00:00-04:00,9.184454427604352,9.239698546814658,9.072472976600096,9.175496101379395,254408000,0.0,0.0
2020-06-19 00:00:00-04:00,9.1998831293818,9.40144879419368,9.184703242099346,9.218545913696289,524160000,0.0,0.0
2020-06-22 00:00:00-04:00,9.257117593182326,9.487301102199996,9.230490376313739,9.482821464538574,398468000,0.0,0.0
2020-06-23 00:00:00-04:00,9.506958630029597,9.598036991562761,9.364120951569074,9.406424522399902,375108000,0.0,0.0
2020-06-24 00:00:00-04:00,9.432554214069048,9.51243491377942,9.102334014129077,9.192914962768555,449372000,0.0,0.0
2020-06-25 00:00:00-04:00,9.312610716944958,9.461172555518514,9.1399106647532,9.44624137878418,376072000,0.0,0.0
2020-06-26 00:00:00-04:00,9.456194784156569,9.456194784156569,9.082923937413547,9.112785339355469,592084000,0.0,0.0
2020-06-29 00:00:00-04:00,9.127467403493844,9.162057151917535,8.858960660515779,9.157577514648438,342248000,0.0,0.0
2020-06-30 00:00:00-04:00,9.271052779473228,9.482323840413832,9.223772146240533,9.45395565032959,367892000,0.0,0.0
2020-07-01 00:00:00-04:00,9.476850244240778,9.53159694518685,9.369597135978692,9.48605728149414,326648000,0.0,0.0
2020-07-02 00:00:00-04:00,9.59455267019897,9.692598718504767,9.534082792451693,9.567926406860352,364056000,0.0,0.0
2020-07-06 00:00:00-04:00,9.696829246456272,9.863059004757494,9.667713977846143,9.793879508972168,315892000,0.0,0.0
2020-07-07 00:00:00-04:00,9.90038756505966,10.023566685048234,9.805327925441164,9.826231002807617,357800000,0.0,0.0
2020-07-08 00:00:00-04:00,9.947668620000956,10.177853089859866,9.919549138442747,10.168893814086914,365480000,0.0,0.0
2020-07-09 00:00:00-04:00,10.332386498774396,10.521261277875176,10.186312717025418,10.460542678833008,494548000,0.0,0.0
2020-07-10 00:00:00-04:00,10.539926128477521,10.606119214480618,10.330894381296,10.430931091308594,497676000,0.0,0.0
2020-07-13 00:00:00-04:00,10.546145179705201,10.742485046509767,9.978772887106153,10.005897521972656,457076000,0.0,0.0
2020-07-14 00:00:00-04:00,10.028542714415202,10.35478162287087,9.740377400008319,10.329150199890137,542676000,0.0,0.0
2020-07-15 00:00:00-04:00,10.366229867151485,10.384892650763021,10.009382445924082,10.180091857910156,403984000,0.0,0.0
2020-07-16 00:00:00-04:00,9.968820569091442,10.159685972931204,9.84987143136345,10.088018417358398,344964000,0.0,0.0
2020-07-17 00:00:00-04:00,10.178348498417453,10.201242205886482,10.041234014835991,10.154458999633789,266284000,0.0,0.0
2020-07-20 00:00:00-04:00,10.226874817153762,10.482689743606029,10.109916313278463,10.462284088134766,284852000,0.0,0.0
2020-07-21 00:00:00-04:00,10.464525191224924,10.511309360060423,10.239318710124904,10.280876159667969,277036000,0.0,0.0
2020-07-22 00:00:00-04:00,10.319694993925742,10.553611049792725,10.244045222912812,10.390616416931152,367292000,0.0,0.0
2020-07-23 00:00:00-04:00,10.401816020804677,10.498368886085727,9.984997020400378,10.083043098449707,411660000,0.0,0.0
2020-07-24 00:00:00-04:00,9.829467523808882,10.31695925240339,9.731919815684156,10.147494316101074,473292000,0.0,0.0
2020-07-27 00:00:00-04:00,10.185070043943437,10.393603416599648,10.17063628726889,10.37344741821289,292132000,0.0,0.0
2020-07-28 00:00:00-04:00,10.326412591156744,10.334126413834573,10.16217347835774,10.168394088745117,271636000,0.0,0.0
2020-07-29 00:00:00-04:00,10.342838679361162,10.467759731459614,10.299290598378333,10.417243957519531,284508000,0.0,0.0
2020-07-30 00:00:00-04:00,10.327158564119097,10.574015125170751,10.247776248378544,10.565056800842285,308880000,0.0,0.0
2020-07-31 00:00:00-04:00,10.514541633004042,10.71685531257527,10.384892248538662,10.565804481506348,386080000,0.0,0.0
2020-08-03 00:00:00-04:00,10.683013803473292,11.047575106546473,10.665843280404173,10.95948314666748,412720000,0.0,0.0
2020-08-04 00:00:00-04:00,10.999045814776927,11.175975799560547,10.855709782432935,11.175975799560547,310336000,0.0,0.0
2020-08-05 00:00:00-04:00,11.192153640280633,11.319314022602223,11.114761945386586,11.234705924987793,249924000,0.0,0.0
2020-08-06 00:00:00-04:00,11.297414876107878,11.305627070056174,11.127203842921766,11.283230781555176,244316000,0.0,0.0
2020-08-07 00:00:00-04:00,11.260338450705653,11.45170224316212,10.986606845979392,11.147859573364258,342516000,0.0,0.0
2020-08-10 00:00:00-04:00,11.2819897659241,11.355647969659833,10.80644183145694,11.113519668579102,427796000,0.0,0.0
2020-08-11 00:00:00-04:00,11.022689045250187,11.085399231333554,10.745971010645114,10.799971580505371,354512000,0.0,0.0
2020-08-12 00:00:00-04:00,10.940071438029333,11.414125122757872,10.907721031284495,11.38749885559082,464412000,0.0,0.0
2020-08-13 00:00:00-04:00,11.49276161637444,11.6677019727211,11.303389402079686,11.390236854553223,374460000,0.0,0.0
2020-08-14 00:00:00-04:00,11.476834671108962,11.650779221877425,11.387747881419168,11.5106782913208,366436000,0.0,0.0
2020-08-17 00:00:00-04:00,11.79660376231853,12.352528815873693,11.762761090180327,12.28011417388916,621300000,0.0,0.0
2020-08-18 00:00:00-04:00,12.39259046666804,12.438378830260149,12.030518281471833,12.20421314239502,503448000,0.0,0.0
2020-08-19 00:00:00-04:00,12.239799549527746,12.258213621054422,12.042214226825553,12.082528114318848,622624000,0.0,0.0
2020-08-20 00:00:00-04:00,11.919781339780561,12.317936482744432,11.823974635542019,12.085015296936035,921388000,0.0,0.0
2020-08-21 00:00:00-04:00,12.145487093065004,12.749688543498525,12.139016821784638,12.625016212463379,999868000,0.0,0.0
2020-08-24 00:00:00-04:00,12.824343188832731,12.85296104070654,12.449827806001334,12.66159725189209,490564000,0.0,0.0
2020-08-25 00:00:00-04:00,12.572508413508759,12.702406509210157,12.515771085101091,12.691208839416504,289076000,0.0,0.0
2020-08-26 00:00:00-04:00,12.740230635286169,12.809161420800041,12.619290872485081,12.714101791381836,321244000,0.0,0.0
2020-08-27 00:00:00-04:00,12.722562809357813,12.790747463917562,12.50855404867162,12.570019721984863,317604000,0.0,0.0
2020-08-28 00:00:00-04:00,12.616554992173452,13.087373535062817,12.584204585857165,13.087124824523926,537160000,0.0,0.0
2020-08-31 00:00:00-04:00,13.121962673479885,13.512404027360901,12.977631777675004,13.31282901763916,500840000,0.0,0.0
2020-09-01 00:00:00-04:00,13.421857130089242,13.933391281331938,13.378544809007552,13.76138687133789,511316000,0.004,0.0
2020-09-02 00:00:00-04:00,14.640328637897767,14.663230147107154,13.840045378460548,14.28462028503418,874012000,0.0,0.0
2020-09-03 00:00:00-04:00,13.769101909402469,13.8246113357648,12.823199748148971,12.959360122680664,945128000,0.0,0.0
2020-09-04 00:00:00-04:00,12.728611687105868,13.11817478517767,11.65426602615585,12.568058013916016,1463684000,0.0,0.0
2020-09-08 00:00:00-04:00,11.683884939027743,12.495867661284716,11.653765820445578,11.861615180969238,795728000,0.0,0.0
2020-09-09 00:00:00-04:00,12.346514414990567,12.75399944583385,12.178990048023763,12.66015625,736200000,0.0,0.0
2020-09-10 00:00:00-04:00,12.933223515687224,13.008895916801286,12.114519770501584,12.258646011352539,698684000,0.0,0.0
2020-09-11 00:00:00-04:00,12.431646509399577,12.597926004409656,11.844439994967425,12.112030982971191,636928000,0.0,0.0
2020-09-14 00:00:00-04:00,13.024577957063135,13.25756789875659,12.576767920086505,12.816727638244629,1201744000,0.0,0.0
2020-09-15 00:00:00-04:00,13.222722027557282,13.241391347213609,12.772423089111419,12.934968948364258,727556000,0.0,0.0
2020-09-16 00:00:00-04:00,12.90135902858157,13.036274508808752,12.459772482282325,12.460518836975098,556384000,0.0,0.0
2020-09-17 00:00:00-04:00,12.07991998724421,12.535447115383795,11.98284068441075,12.409741401672363,792512000,0.0,0.0
2020-09-18 00:00:00-04:00,12.539429199310245,12.578011754525583,11.937039210189646,12.136673927307129,698460000,0.0,0.0
2020-09-21 00:00:00-04:00,11.873566181378445,12.46848893761649,11.853154418113043,12.463261604309082,721044000,0.0,0.0
2020-09-22 00:00:00-04:00,12.520760350235273,12.593445435426194,12.10307037011186,12.583239555358887,646452000,0.0,0.0
2020-09-23 00:00:00-04:00,12.5212581987383,12.672105439487142,12.027149449148329,12.071456909179688,647012000,0.0,0.0
2020-09-24 00:00:00-04:00,12.020178023608716,12.515282794648023,11.962178853262726,12.294737815856934,731240000,0.0,0.0
2020-09-25 00:00:00-04:00,12.393807373627538,12.827926538766437,12.192927828886564,12.818218231201172,588016000,0.0,0.0
2020-09-28 00:00:00-04:00,12.984004264530533,12.995455019452848,12.695006353439096,12.978776931762695,573808000,0.0,0.0
2020-09-29 00:00:00-04:00,12.881699222732806,13.384770004371227,12.87746797882626,13.168705940246582,621460000,0.0,0.0
2020-09-30 00:00:00-04:00,13.100749928367792,13.563744463201456,13.093531365864601,13.47214126586914,689184000,0.0,0.0
2020-10-01 00:00:00-04:00,13.69865989133984,13.703388704944128,13.402691234247321,13.555778503417969,525004000,0.0,0.0
2020-10-02 00:00:00-04:00,13.167958188027503,13.461187347792777,12.9947079495707,13.00590991973877,552496000,0.0,0.0
2020-10-05 00:00:00-04:00,13.178909786872856,13.585398755238357,13.165716588093956,13.583656311035156,479820000,0.0,0.0
2020-10-06 00:00:00-04:00,13.770348670376706,14.081003232270978,13.60606038275203,13.677251815795898,784420000,0.0,0.0
2020-10-07 00:00:00-04:00,13.93936759398313,14.058352336172709,13.803704762237526,13.90377140045166,418084000,0.0,0.0
2020-10-08 00:00:00-04:00,14.01429129045017,14.023750816263338,13.698659142162176,13.779060363769531,378900000,0.0,0.0
2020-10-09 00:00:00-04:00,13.707621361148332,13.764624457346555,13.601829820935107,13.703389167785645,346892000,0.0,0.0
2020-10-12 00:00:00-04:00,13.92916164601553,14.285119781393261,13.852494090541311,14.164641380310059,434744000,0.0,0.0
2020-10-13 00:00:00-04:00,14.234835409119126,14.28661116418,13.958283407222073,14.186793327331543,344604000,0.0,0.0
2020-10-14 00:00:00-04:00,14.228858850059002,14.280883383035329,13.89978478272532,14.034451484680176,276100000,0.0,0.0
2020-10-15 00:00:00-04:00,13.751181831148036,13.94534045823671,13.70836707735876,13.909745216369629,267224000,0.0,0.0
2020-10-16 00:00:00-04:00,13.976207032310032,14.060591666359802,13.733010226412944,13.751928329467773,242392000,0.0,0.0
2020-10-19 00:00:00-04:00,13.843033967891985,13.923186408800927,13.348924223292842,13.439532279968262,298068000,0.0,0.0
2020-10-20 00:00:00-04:00,13.524910369339894,13.740228038744753,13.448740396598476,13.58664321899414,229212000,0.0,0.0
2020-10-21 00:00:00-04:00,13.5662332545089,13.732015205253962,13.419369406982236,13.466415405273438,219596000,0.0,0.0
2020-10-22 00:00:00-04:00,13.46417579046509,13.553040456540899,13.174679330506805,13.303372383117676,290480000,0.0,0.0
2020-10-23 00:00:00-04:00,13.391987145890786,13.534619742053748,13.233922285663485,13.531632423400879,233484000,0.0,0.0
2020-10-26 00:00:00-04:00,13.369084922504582,13.633688585873971,12.98226043969902,13.084567070007324,336896000,0.0,0.0
2020-10-27 00:00:00-04:00,13.248611845559216,13.384025916925797,13.13460563102266,13.338971138000488,250520000,0.0,0.0
2020-10-28 00:00:00-04:00,13.141074699241251,13.20280755599855,12.554615408729777,12.572537422180176,376520000,0.0,0.0
2020-10-29 00:00:00-04:00,12.783124891809354,13.135846892018513,12.695006587997323,12.967824935913086,320080000,0.0,0.0
2020-10-30 00:00:00-04:00,12.794575514658112,12.880701638769581,12.246947595239426,12.479938507080078,416820000,0.0,0.0
2020-11-02 00:00:00-05:00,12.603155860418942,12.781383714965845,12.341539456733278,12.526488304138184,299652000,0.0,0.0
2020-11-03 00:00:00-05:00,12.653685165437649,13.048474603240864,12.548391206447642,12.963343620300293,272900000,0.0,0.0
2020-11-04 00:00:00-05:00,13.331496975863299,13.767857179588608,13.279472440749407,13.734749794006348,410228000,0.0,0.0
2020-11-05 00:00:00-05:00,14.101416293227553,14.277154402963731,13.9306557824455,14.098926544189453,319028000,0.0,0.0
2020-11-06 00:00:00-05:00,14.048891455608413,14.525825518344906,13.835068378723031,14.499191284179688,383348000,0.0,0.0
2020-11-09 00:00:00-05:00,14.489727894197305,14.628128260085498,13.552040536815392,13.571953773498535,582976000,0.0,0.0
2020-11-10 00:00:00-05:00,13.54781019802429,13.54781019802429,12.573780172122872,12.714919090270996,644068000,0.0,0.0
2020-11-11 00:00:00-05:00,12.997445519056676,13.377051459709095,12.892400350122854,13.360124588012695,404744000,0.0,0.0
2020-11-12 00:00:00-05:00,13.420859683905746,13.706621439955184,13.258562662827003,13.39870548248291,365812000,0.0,0.0
2020-11-13 00:00:00-05:00,13.568474209414886,13.609795307478402,13.002924202135992,13.239648818969727,346312000,0.0,0.0
2020-11-16 00:00:00-05:00,13.11568372017377,13.590626548003572,13.099255366942009,13.456955909729004,413776000,0.0,0.0
2020-11-17 00:00:00-05:00,13.494044215080645,13.53760531971783,13.246367406234198,13.36435604095459,312028000,0.0,0.0
2020-11-18 00:00:00-05:00,13.407171172523759,13.547065230799866,13.128130360392811,13.370828628540039,510924000,0.0,0.0
2020-11-19 00:00:00-05:00,13.15575975818555,13.429324433422689,13.043496030611196,13.382278442382812,565936000,0.0,0.0
2020-11-20 00:00:00-05:00,13.395969898317098,13.436294899913538,13.008646866876623,13.031299591064453,341088000,0.0,0.0
2020-11-23 00:00:00-05:00,13.114439643775567,13.324777827155184,12.959361156671875,13.083324432373047,361356000,0.0,0.0
2020-11-24 00:00:00-05:00,13.085812968215139,13.105228639441574,12.829423935275962,12.901860237121582,346500000,0.0,0.0
2020-11-25 00:00:00-05:00,12.976286647330468,13.212263899302625,12.96384075400701,13.177663803100586,259916000,0.0,0.0
2020-11-27 00:00:00-05:00,13.317308922458194,13.349669004408476,13.113690805350098,13.204049110412598,167276000,0.0,0.0
2020-11-30 00:00:00-05:00,13.207784048659422,13.354647870792293,12.916296418336144,13.343694686889648,286952000,0.0,0.0
2020-12-01 00:00:00-05:00,13.4340539339607,13.470396474680498,13.171191763899333,13.332244873046875,296948000,0.0,0.0
2020-12-02 00:00:00-05:00,13.292913867952858,13.614520589536031,13.177165264389647,13.486077308654785,283360000,0.0,0.0
2020-12-03 00:00:00-05:00,13.532891248388985,13.605100097734832,13.275431014926465,13.342161178588867,199520000,0.004,0.0
2020-12-04 00:00:00-05:00,13.394449728247713,13.505502343250445,13.33494026054711,13.503759384155273,202244000,0.0,0.0
2020-12-07 00:00:00-05:00,13.546585252766883,13.676062887003207,13.445742488055723,13.55206298828125,223244000,0.0,0.0
2020-12-08 00:00:00-05:00,13.530398944947187,13.544093756670273,13.228118603208381,13.296343803405762,271920000,0.0,0.0
2020-12-09 00:00:00-05:00,13.247044338391767,13.36008781733984,12.816531556571482,12.878780364990234,401300000,0.0,0.0
2020-12-10 00:00:00-05:00,12.817279927246037,13.016227078884357,12.797857568260008,12.920114517211914,207764000,0.0,0.0
2020-12-11 00:00:00-05:00,12.91513334344989,12.967671921625609,12.77146318057453,12.960948944091797,209264000,0.0,0.0
2020-12-14 00:00:00-05:00,13.035399712025068,13.334940779426518,13.024941957047123,13.25526237487793,270156000,0.0,0.0
2020-12-15 00:00:00-05:00,13.385733618093893,13.40988618458932,13.133751149437082,13.306802749633789,193016000,0.0,0.0
2020-12-16 00:00:00-05:00,13.368552602157862,13.383243798398896,13.159396585899268,13.189276695251465,223116000,0.0,0.0
2020-12-17 00:00:00-05:00,13.313028850638311,13.325728231536273,13.12553583695301,13.28763198852539,231384000,0.0,0.0
2020-12-18 00:00:00-05:00,13.325230684378932,13.351126215456869,13.01797117989495,13.218661308288574,342064000,0.0,0.0
2020-12-21 00:00:00-05:00,13.022200773575815,13.316264063450639,12.915381612940775,13.278665542602539,302332000,0.0,0.0
2020-12-22 00:00:00-05:00,13.26572057425923,13.283647883438702,13.001536398216391,13.224884986877441,185580000,0.0,0.0
2020-12-23 00:00:00-05:00,13.20272169186044,13.221645381169145,12.952731046047212,12.956963539123535,179144000,0.0,0.0
2020-12-24 00:00:00-05:00,12.984849615100142,13.079716910827763,12.886746210192788,12.941524505615234,97884000,0.0,0.0
2020-12-28 00:00:00-05:00,13.010000389047383,13.010000389047383,12.711953456949022,12.848153114318848,212564000,0.0,0.0
2020-12-29 00:00:00-05:00,12.873053464210267,13.019960686571482,12.790635724681074,12.891229629516602,170372000,0.0,0.0
2020-12-30 00:00:00-05:00,12.938041984526887,13.160643991606976,12.844918572910682,13.092917442321777,225396000,0.0,0.0
2020-12-31 00:00:00-05:00,13.083705468045695,13.098146858978987,12.86309526953434,13.002532958984375,192424000,0.0,0.0
2021-01-04 00:00:00-05:00,13.051582318788373,13.597629030369669,12.910401695595096,13.060794830322266,560640000,0.0,0.0
2021-01-05 00:00:00-05:00,13.04709855703658,13.389466944056863,13.034400129063407,13.350872993469238,322760000,0.0,0.0
2021-01-06 00:00:00-05:00,13.169355987451675,13.19176559346477,12.535414800402618,12.563799858093262,580424000,0.0,0.0
2021-01-07 00:00:00-05:00,12.915382094628498,13.32398392120334,12.834708264575642,13.290369033813477,461480000,0.0,0.0
2021-01-08 00:00:00-05:00,13.308795569096715,13.367059793296423,12.989583303848809,13.223389625549316,292528000,0.0,0.0
2021-01-11 00:00:00-05:00,13.364820880051957,13.904892249468213,13.308797324436568,13.566756248474121,518344000,0.0,0.0
2021-01-12 00:00:00-05:00,13.697227113464349,13.699219880759559,13.291365574551167,13.430553436279297,291476000,0.0,0.0
2021-01-13 00:00:00-05:00,13.4357823822842,13.570240034440598,13.331204841612394,13.477364540100098,210028000,0.0,0.0
2021-01-14 00:00:00-05:00,13.520441735796062,13.545092022114554,13.12752745599619,13.147197723388672,283120000,0.0,0.0
2021-01-15 00:00:00-05:00,13.174835229375097,13.271694358141557,12.79686103451609,12.807816505432129,277780000,0.0,0.0
2021-01-19 00:00:00-05:00,12.963936740649542,13.0413744649296,12.79237922661994,12.972901344299316,226188000,0.0,0.0
2021-01-20 00:00:00-05:00,13.059052877089373,13.376522184971396,13.004274570708622,13.312032699584961,258572000,0.0,0.0
2021-01-21 00:00:00-05:00,13.36456988189232,13.942986262976488,13.199735351672873,13.811765670776367,337780000,0.0,0.0
2021-01-22 00:00:00-05:00,13.68477736022851,13.78611878930567,13.572480460380298,13.657387733459473,246820000,0.0,0.0
2021-01-25 00:00:00-05:00,13.72635884482473,13.772921018082734,13.183300345613404,13.59837532043457,251112000,0.0,0.0
2021-01-26 00:00:00-05:00,13.52591884373518,13.589910611709367,13.33369468135409,13.381253242492676,163980000,0.0,0.0
2021-01-27 00:00:00-05:00,13.176826544521976,13.17956588706727,12.742330152960971,12.865832328796387,371272000,0.0,0.0
2021-01-28 00:00:00-05:00,12.944017154210293,13.28613673623266,12.90841044886563,12.998546600341797,228316000,0.0,0.0
2021-01-29 00:00:00-05:00,13.022449229079449,13.281155615738037,12.859606529711234,12.937541961669922,271552000,0.0,0.0
2021-02-01 00:00:00-05:00,13.00078904025559,13.217414637475345,12.850893606397493,13.18380069732666,217204000,0.0,0.0
2021-02-02 00:00:00-05:00,13.344897167064762,13.517450077000387,13.232101619432168,13.502262115478516,220440000,0.0,0.0
2021-02-03 00:00:00-05:00,13.581195250724157,13.875757217775313,13.4621763232891,13.476119995117188,245408000,0.0,0.0
2021-02-04 00:00:00-05:00,13.476617397100561,13.618544596229361,13.284144388776067,13.609332084655762,201340000,0.0,0.0
2021-02-05 00:00:00-05:00,13.669837251873458,13.68203796383216,13.491306974074035,13.536375045776367,169152000,0.0,0.0
2021-02-08 00:00:00-05:00,13.67207952886359,14.415579319657386,13.67207952886359,14.380720138549805,434624000,0.0,0.0
2021-02-09 00:00:00-05:00,14.283112900004856,14.524638573331769,14.165338264412211,14.205924987792969,287560000,0.0,0.0
2021-02-10 00:00:00-05:00,14.405122263766792,14.84509644211504,14.283861699388261,14.704912185668945,485352000,0.0,0.0
2021-02-11 00:00:00-05:00,14.920043907883057,15.21087016144193,14.865015793501902,15.18945598602295,450828000,0.0,0.0
2021-02-12 00:00:00-05:00,14.989513380553097,15.229793821020415,14.71561805135183,14.90112018585205,374756000,0.0,0.0
2021-02-16 00:00:00-05:00,15.003705976694079,15.310717529206354,14.88991497110362,15.268636703491211,321960000,0.0,0.0
2021-02-17 00:00:00-05:00,15.11002559817303,15.162315316732863,14.720597275681127,14.846091270446777,274756000,0.0,0.0
2021-02-18 00:00:00-05:00,14.66980213100204,14.813472286009498,14.516420797901691,14.769400596618652,233868000,0.0,0.0
2021-02-19 00:00:00-05:00,14.964117061512086,15.11600432241574,14.787081796007755,14.866511344909668,271724000,0.0,0.0
2021-02-22 00:00:00-05:00,14.715366492169814,15.072426073386676,14.267424198504681,14.298050880432129,325884000,0.0,0.0
2021-02-23 00:00:00-05:00,14.018678963854958,14.181522613543509,13.335685096571375,14.085161209106445,391780000,0.0,0.0
2021-02-24 00:00:00-05:00,14.06598916049394,14.448445641095974,13.700712460905951,14.440726280212402,448320000,0.0,0.0
2021-02-25 00:00:00-05:00,13.98905378104468,14.316980926286249,13.163136984434034,13.254019737243652,824436000,0.0,0.0
2021-02-26 00:00:00-05:00,13.697228301041338,13.798818598724198,13.307302217792548,13.659381866455078,500932000,0.0,0.0
2021-03-01 00:00:00-05:00,13.819235683276025,13.869034920751616,13.49877912411454,13.78611946105957,353184000,0.0,0.0
2021-03-02 00:00:00-05:00,13.844131545063965,13.864549332071071,13.342157553945178,13.35236644744873,264116000,0.0,0.0
2021-03-03 00:00:00-05:00,13.372288481570262,13.397436481579216,12.747309959818812,12.753286361694336,377592000,0.0,0.0
2021-03-04 00:00:00-05:00,12.749301630930296,12.922851894147273,12.035183354685007,12.320531845092773,573344000,0.0,0.0
2021-03-05 00:00:00-05:00,12.499560385516855,12.499560385516855,11.632309598213094,12.411416053771973,542840000,0.0,0.0
2021-03-08 00:00:00-05:00,12.399960789446373,12.421125153517597,11.52001165248514,11.54665470123291,543112000,0.0,0.0
2021-03-09 00:00:00-05:00,12.085666683941009,12.570378398131114,12.014927537191268,12.474233627319336,521824000,0.004,0.0
2021-03-10 00:00:00-05:00,12.793307713265953,12.932294680154964,12.411715915223251,12.422426223754883,384376000,0.0,0.0
2021-03-11 00:00:00-05:00,12.902403493519058,12.99830026920778,12.68769566195109,12.945743560791016,299916000,0.0,0.0
2021-03-12 00:00:00-05:00,12.601762440863276,12.841378959282121,12.543727056525297,12.808749198913574,243964000,0.0,0.0
2021-03-15 00:00:00-04:00,12.817468886000968,13.158211962080784,12.720327373768852,13.142768859863281,221988000,0.0,0.0
2021-03-16 00:00:00-04:00,13.307410755933141,13.462837548611631,13.068541996245397,13.242401123046875,272128000,0.0,0.0
2021-03-17 00:00:00-04:00,12.99182597197509,13.40380609566732,12.941760599252106,13.292218208312988,243864000,0.0,0.0
2021-03-18 00:00:00-04:00,13.088220142222372,13.135545224725465,12.670261569305001,12.675741195678711,293896000,0.0,0.0
2021-03-19 00:00:00-04:00,12.703139313327759,12.874009196386721,12.56614486370807,12.798537254333496,299208000,0.0,0.0
2021-03-22 00:00:00-04:00,12.8652925575449,13.34527153839692,12.859314092199842,13.137786865234375,297804000,0.0,0.0
2021-03-23 00:00:00-04:00,13.205534747108478,13.295453056393745,12.973391315699493,13.022709846496582,222048000,0.0,0.0
2021-03-24 00:00:00-04:00,13.102913101614503,13.110884070467083,12.590304455981338,12.59653091430664,245840000,0.0,0.0
2021-03-25 00:00:00-04:00,12.45356156367243,12.668020482645497,12.22689771964549,12.489179611206055,295144000,0.0,0.0
2021-03-26 00:00:00-04:00,12.508355558624196,12.808996658831685,12.32802106742745,12.792058944702148,363968000,0.0,0.0
2021-03-29 00:00:00-04:00,12.773130700711981,13.0144907889492,12.653322911949298,12.900660514831543,273520000,0.0,0.0
2021-03-30 00:00:00-04:00,12.79480328311249,12.927563800366542,12.658306699828916,12.824443817138672,200204000,0.0,0.0
2021-03-31 00:00:00-04:00,12.9676641139645,13.420991773399177,12.934785406687192,13.29919147491455,314776000,0.0,0.0
2021-04-01 00:00:00-04:00,13.522369358755661,13.819024583083182,13.46159272623592,13.76098918914795,308276000,0.0,0.0
2021-04-05 00:00:00-04:00,13.816535413893297,13.96249664222033,13.6825292174302,13.936094284057617,255672000,0.0,0.0
2021-04-06 00:00:00-04:00,13.948294816344648,14.002594132089481,13.722876689980982,13.810552597045898,191744000,0.0,0.0
2021-04-07 00:00:00-04:00,13.829732533836207,14.191149339324006,13.66110505727589,14.091517448425293,251284000,0.0,0.0
2021-04-08 00:00:00-04:00,14.20036565422222,14.418311657652836,14.19662863887845,14.264379501342773,244416000,0.0,0.0
2021-04-09 00:00:00-04:00,14.161760136622581,14.355047386702058,14.122903911178433,14.347076416015625,195172000,0.0,0.0
2021-04-12 00:00:00-04:00,14.237232700970317,15.296076767014258,14.087285519048933,15.153103828430176,869324000,0.0,0.0
2021-04-13 00:00:00-04:00,15.17551855147795,15.642296785961808,15.070157136320923,15.621871948242188,676212000,0.0,0.0
2021-04-14 00:00:00-04:00,15.567572446035657,15.662721441224473,15.171533365001741,15.22085189819336,385500000,0.0,0.0
2021-04-15 00:00:00-04:00,15.604938070709537,16.154660479530673,15.574051864074454,16.077943801879883,598480000,0.0,0.0
2021-04-16 00:00:00-04:00,15.993999034973276,16.10633564214932,15.806939219576352,15.854016304016113,335208000,0.0,0.0
2021-04-19 00:00:00-04:00,15.479397321409937,15.74940120021796,15.177012626643881,15.305289268493652,404420000,0.0,0.0
2021-04-20 00:00:00-04:00,15.266934627639428,15.440045994906509,14.90800907808252,15.115493774414062,334132000,0.0,0.0
2021-04-21 00:00:00-04:00,15.063183469763409,15.306038182131777,15.046744591326041,15.304045677185059,216776000,0.0,0.0
2021-04-22 00:00:00-04:00,15.318492618235641,15.381759641026642,14.729166263249828,14.795671463012695,277788000,0.0,0.0
2021-04-23 00:00:00-04:00,14.879361749601612,15.27863902524811,14.845487265337356,15.209145545959473,227500000,0.0,0.0
2021-04-26 00:00:00-04:00,15.129191549679522,15.422110695504312,15.069411647383998,15.421113967895508,197796000,0.0,0.0
2021-04-27 00:00:00-04:00,15.521245747812761,15.612907637346302,15.298069014608028,15.32521915435791,164572000,0.0,0.0
2021-04-28 00:00:00-04:00,15.30802995583941,15.475163771233227,15.159577417453752,15.220602035522461,209416000,0.0,0.0
2021-04-29 00:00:00-04:00,15.343402877039852,15.379768712604903,15.016110356954385,15.26842975616455,173196000,0.0,0.0
2021-04-30 00:00:00-04:00,15.118730665369561,15.308529842071689,14.941882296807739,14.954336166381836,201912000,0.0,0.0
2021-05-03 00:00:00-04:00,15.069414327595894,15.190716764280632,14.733155049114025,14.78222370147705,203912000,0.0,0.0
2021-05-04 00:00:00-04:00,14.583452004723556,14.583700949045891,13.958756633234461,14.298502922058105,405324000,0.0,0.0
2021-05-05 00:00:00-04:00,14.654938309097338,14.75905499847583,14.334620122131005,14.405359268188477,292024000,0.0,0.0
2021-05-06 00:00:00-04:00,14.441975539696038,14.517696430692741,14.165745174441199,14.469623565673828,193380000,0.0,0.0
2021-05-07 00:00:00-04:00,14.753824629308104,14.915726811597322,14.617825960036255,14.75780963897705,229328000,0.0,0.0
2021-05-10 00:00:00-04:00,14.732903760867538,14.75158504127591,14.197628684614322,14.2133207321167,268904000,0.0,0.0
2021-05-11 00:00:00-04:00,13.774187749389633,14.301990590214329,13.699463592554991,14.253668785095215,285584000,0.0,0.0
2021-05-12 00:00:00-04:00,13.958010377250185,14.20783933441675,13.658864784297744,13.70793342590332,303408000,0.0,0.0
2021-05-13 00:00:00-04:00,13.982170917934267,14.028999059175959,13.409533367126928,13.615025520324707,285404000,0.0,0.0
2021-05-14 00:00:00-04:00,13.83895053700073,14.275340485481827,13.697970119526413,14.190652847290039,258616000,0.0,0.0
2021-05-17 00:00:00-04:00,14.104970699768542,14.11717562615222,13.80258687865569,14.113439559936523,216980000,0.0,0.0
2021-05-18 00:00:00-04:00,14.214564048719183,14.35130955439113,13.952530178000735,13.964237213134766,186256000,0.0,0.0
2021-05-19 00:00:00-04:00,13.516639700292195,14.02775479367314,13.493475521861324,14.014055252075195,344000000,0.0,0.0
2021-05-20 00:00:00-04:00,14.249933897946976,14.629783072668266,14.218051917786887,14.558794975280762,321592000,0.0,0.0
2021-05-21 00:00:00-04:00,15.108017088006374,15.16605342254954,14.814849033504863,14.936649322509766,672992000,0.0,0.0
2021-05-24 00:00:00-04:00,15.156590063922868,15.687133265807587,15.120224232908976,15.554622650146484,554816000,0.0,0.0
2021-05-25 00:00:00-04:00,15.708054812680162,15.760361630715945,15.42559704511767,15.590239524841309,435408000,0.0,0.0
2021-05-26 00:00:00-04:00,15.676420212978273,15.73570126750248,15.52896440963548,15.642295837402344,370440000,0.0,0.0
2021-05-27 00:00:00-04:00,15.642049757647367,15.692115130559111,15.40318098520956,15.43107795715332,581476000,0.0,0.0
2021-05-28 00:00:00-04:00,15.44403099782794,16.21767694767889,15.44403099782794,16.184797286987305,644536000,0.0,0.0
2021-06-01 00:00:00-04:00,16.21020775073869,16.328023072260283,15.8448048527253,16.204727172851562,472804000,0.0,0.0
2021-06-02 00:00:00-04:00,16.19251743061265,16.85656787926671,16.17582865881313,16.716583251953125,594168000,0.0,0.0
2021-06-03 00:00:00-04:00,16.639368724927916,17.19556736897667,16.522051333849653,16.907379150390625,580008000,0.0,0.0
2021-06-04 00:00:00-04:00,17.049601597313153,17.5960856255782,17.032665784160628,17.513641357421875,617120000,0.0,0.0
2021-06-07 00:00:00-04:00,17.506675722418404,17.74703820489032,17.12956674334457,17.554248809814453,575756000,0.0,0.0
2021-06-08 00:00:00-04:00,17.462830794677384,17.556734115441593,17.18759528524921,17.392839431762695,323848000,0.0,0.0
2021-06-09 00:00:00-04:00,17.45537445495699,17.5144200997862,17.196270441472134,17.298416137695312,381656000,0.004,0.0
2021-06-10 00:00:00-04:00,17.29019648734641,17.43170722377166,17.116796462616325,17.36493682861328,287772000,0.0,0.0
2021-06-11 00:00:00-04:00,17.419244544356054,17.87741082097193,17.383618344263905,17.763803482055664,416308000,0.0,0.0
2021-06-14 00:00:00-04:00,17.84427977971432,17.97731876578179,17.601868346834245,17.956640243530273,321376000,0.0,0.0
2021-06-15 00:00:00-04:00,17.85324933990934,17.954150035131732,17.666893640244776,17.727184295654297,243032000,0.0,0.0
2021-06-16 00:00:00-04:00,17.729425885437355,17.892860137369315,17.523885687576584,17.748857498168945,307124000,0.0,0.0
2021-06-17 00:00:00-04:00,17.713230770641097,18.770074396069546,17.69504416542192,18.592937469482422,809656000,0.0,0.0
2021-06-18 00:00:00-04:00,18.71925067030263,19.30821305776164,18.51993932359038,18.574501037597656,968856000,0.0,0.0
2021-06-21 00:00:00-04:00,18.371703230531587,18.472605819565104,17.76131527148521,18.363731384277344,672384000,0.0,0.0
2021-06-22 00:00:00-04:00,18.407833844865117,18.89838762561246,18.32262782687247,18.821651458740234,580144000,0.0,0.0
2021-06-23 00:00:00-04:00,18.942229189755093,19.086729825944072,18.842573513046347,18.991558074951172,332356000,0.0,0.0
2021-06-24 00:00:00-04:00,19.161468094808583,19.353054663315966,19.022447418636773,19.139293670654297,320924000,0.0,0.0
2021-06-25 00:00:00-04:00,19.214042880819722,19.27881936597167,18.829373695027133,18.965402603149414,278364000,0.0,0.0
2021-06-28 00:00:00-04:00,19.294510415626913,20.00953782998567,19.25240637349924,19.91611099243164,495436000,0.0,0.0
2021-06-29 00:00:00-04:00,19.81396615542745,20.029470225090638,19.589243331185592,19.957719802856445,367632000,0.0,0.0
2021-06-30 00:00:00-04:00,19.93031286945108,20.093000115257194,19.795279984425818,19.933551788330078,326568000,0.0,0.0
2021-07-01 00:00:00-04:00,20.055628261505312,20.385486666849392,19.949992750888118,20.1423282623291,480136000,0.0,0.0
2021-07-02 00:00:00-04:00,20.36979576583469,20.43457225231236,20.21782125954532,20.416383743286133,342764000,0.0,0.0
2021-07-06 00:00:00-04:00,20.666020436292737,20.770160059245526,20.28010622792403,20.627155303955078,446708000,0.0,0.0
2021-07-07 00:00:00-04:00,20.781622741141774,20.803048270219904,20.26192060678892,20.301532745361328,418428000,0.0,0.0
2021-07-08 00:00:00-04:00,19.788056528694977,20.063602249461436,19.632843115344528,19.83414649963379,503300000,0.0,0.0
2021-07-09 00:00:00-04:00,19.893695008399515,20.011039327552577,19.686162736623558,19.981142044067383,296624000,0.0,0.0
2021-07-12 00:00:00-04:00,20.170233652591747,20.46197396708829,20.118163846582572,20.441795349121094,321984000,0.0,0.0
2021-07-13 00:00:00-04:00,20.330179245184596,20.390720799183015,20.044667777946696,20.180198669433594,290708000,0.0,0.0
2021-07-14 00:00:00-04:00,20.287576714298133,20.34736936190273,19.684662607285635,19.77310562133789,380100000,0.0,0.0
2021-07-15 00:00:00-04:00,19.743453728305386,19.778581922709602,18.793488967580917,18.900867462158203,550564000,0.0,0.0
2021-07-16 00:00:00-04:00,18.964904144857933,19.090967290639107,18.010704097196164,18.098400115966797,688224000,0.0,0.0
2021-07-19 00:00:00-04:00,17.85349537144191,18.976360409514456,17.80391558664098,18.715015411376953,749060000,0.0,0.0
2021-07-20 00:00:00-04:00,18.665442975738188,18.77307053516643,18.101393819429756,18.547849655151367,434687000,0.0,4.0
2021-07-21 00:00:00-04:00,18.81691214625468,19.459689233832748,18.67739534613808,19.34309196472168,371017000,0.0,0.0
2021-07-22 00:00:00-04:00,19.574295529309875,19.818449966161833,19.209555981723096,19.526460647583008,323826000,0.0,0.0
2021-07-23 00:00:00-04:00,19.58824901824623,19.63209798066953,19.183648299082556,19.49058723449707,195672000,0.0,0.0
2021-07-26 00:00:00-04:00,19.244429156915615,19.374976171059895,18.84879649045717,19.227487564086914,203943000,0.0,0.0
2021-07-27 00:00:00-04:00,19.198593120837312,19.554362894991016,18.676399176562164,19.14179039001465,248863000,0.0,0.0
2021-07-28 00:00:00-04:00,19.25241185691331,19.5782844245796,18.929529207405572,19.43577766418457,202191000,0.0,0.0
2021-07-29 00:00:00-04:00,19.451714412193017,19.78456460385741,19.26137283079654,19.594223022460938,190781000,0.0,0.0
2021-07-30 00:00:00-04:00,19.351065420539463,19.562334550057216,19.19660092206327,19.431787490844727,183497000,0.0,0.0
2021-08-02 00:00:00-04:00,19.632097922483993,19.892197976723832,19.29426570330478,19.68192481994629,217444000,0.0,0.0
2021-08-03 00:00:00-04:00,19.67195614363054,20.152295043077654,19.153748123448008,19.7466983795166,301811000,0.0,0.0
2021-08-04 00:00:00-04:00,19.921093477440312,20.24796386771161,19.75965124376936,20.20411491394043,231309000,0.0,0.0
2021-08-05 00:00:00-04:00,20.42933387160919,20.661530493054816,20.271877575083252,20.565860748291016,211435000,0.0,0.0
2021-08-06 00:00:00-04:00,20.45325366267707,20.49909462866521,20.140334945269064,20.29579734802246,178497000,0.0,0.0
2021-08-09 00:00:00-04:00,20.37552091210464,20.43730746916473,20.07356586786639,20.22504234313965,146443000,0.0,0.0
2021-08-10 00:00:00-04:00,20.25194620111402,20.359573704227063,19.766623580582603,19.867277145385742,179238000,0.0,0.0
2021-08-11 00:00:00-04:00,19.973913844041807,19.979893679889088,19.363027803581907,19.631099700927734,185925000,0.0,0.0
2021-08-12 00:00:00-04:00,19.801506528249956,19.95995693048754,19.55236830867384,19.83638572692871,151652000,0.0,0.0
2021-08-13 00:00:00-04:00,19.836388472220936,20.1443233694404,19.782573757798062,20.118412017822266,183063000,0.0,0.0
2021-08-16 00:00:00-04:00,20.065593064053427,20.217069532094754,19.385942869614865,19.8812313079834,210876000,0.0,0.0
2021-08-17 00:00:00-04:00,19.61714701214786,19.70185501306102,19.2005885511107,19.39093017578125,204585000,0.0,0.0
2021-08-18 00:00:00-04:00,19.432784446374054,19.566323330393175,18.934507922108054,18.9743709564209,285913000,0.0,0.0
2021-08-19 00:00:00-04:00,19.426802456904166,20.424353301221036,18.697325356525393,19.729755401611328,766555000,0.0,0.0
2021-08-20 00:00:00-04:00,19.92208494787543,20.79307258560102,19.864286227395755,20.74424171447754,675741000,0.0,0.0
2021-08-23 00:00:00-04:00,20.89871172530121,21.921174082435364,20.877784205447764,21.882308959960938,575807000,0.0,0.0
2021-08-24 00:00:00-04:00,21.678017210916853,21.88330650113912,21.460768250925426,21.717878341674805,297299000,0.0,0.0
2021-08-25 00:00:00-04:00,21.662077287513025,22.392550614625392,21.647129597163453,22.136436462402344,347701000,0.0,0.0
2021-08-26 00:00:00-04:00,22.12347879676051,22.262995617571487,21.71489219229339,21.991933822631836,237940000,0.0,0.0
2021-08-27 00:00:00-04:00,22.10753036152277,22.643675947875877,22.090588763919488,22.557971954345703,304722000,0.0,0.0
2021-08-30 00:00:00-04:00,22.751305343048546,22.963570482185514,22.473267719877327,22.60979461669922,262580000,0.0,0.0
2021-08-31 00:00:00-04:00,22.62075674664323,22.62075674664323,22.04763890496798,22.311771392822266,259850000,0.004,0.0
2021-09-01 00:00:00-04:00,22.411444728207552,22.622751099548815,22.28386320003959,22.36758804321289,201767000,0.0,0.0
2021-09-02 00:00:00-04:00,22.4443354699411,22.51909087939799,22.222065406056725,22.322734832763672,187834000,0.0,0.0
2021-09-03 00:00:00-04:00,22.2519691858628,22.91080616281464,22.12737809725463,22.768274307250977,280532000,0.0,0.0
2021-09-07 00:00:00-04:00,22.75831172620733,22.82409582004607,22.44832820926423,22.587871551513672,198107000,0.0,0.0
2021-09-08 00:00:00-04:00,22.439353122725205,22.53603592576677,21.905105352001236,22.26592254638672,254434000,0.0,0.0
2021-09-09 00:00:00-04:00,22.239014571951014,22.464275126748724,22.058606891844985,22.104455947875977,196856000,0.0,0.0
2021-09-10 00:00:00-04:00,22.274890843403057,22.55198127895653,22.19714689291508,22.40446662902832,248376000,0.0,0.0
2021-09-13 00:00:00-04:00,22.609793787016553,22.88887850668766,21.786495670040438,22.07953453063965,297500000,0.0,0.0
2021-09-14 00:00:00-04:00,22.202130131232664,22.336688726101833,22.013749239081235,22.169239044189453,199755000,0.0,0.0
2021-09-15 00:00:00-04:00,22.236018912995096,22.293829735980275,21.89414058393964,22.267913818359375,166538000,0.0,0.0
2021-09-16 00:00:00-04:00,22.1104320390737,22.204124394587865,21.855268989494725,22.169239044189453,156033000,0.0,0.0
2021-09-17 00:00:00-04:00,22.227052672404977,22.247983887075033,21.758590795663608,21.82836151123047,294503000,0.0,0.0
2021-09-20 00:00:00-04:00,21.076826867613953,21.362888683857676,20.594410879277827,21.043935775756836,349440000,0.0,0.0
2021-09-21 00:00:00-04:00,21.3469404733302,21.35491372577289,20.88146906785273,21.17650032043457,204688000,0.0,0.0
2021-09-22 00:00:00-04:00,21.296106638649068,21.888163405452396,21.12666266761119,21.869226455688477,268726000,0.0,0.0
2021-09-23 00:00:00-04:00,22.067572722802016,22.461281014018834,21.818390548782627,22.40845489501953,248555000,0.0,0.0
2021-09-24 00:00:00-04:00,21.997804384215325,22.076546431149566,21.789488429342764,22.00876808166504,217655000,0.0,0.0
2021-09-27 00:00:00-04:00,21.638979428215535,21.72768898320493,21.25524054701434,21.589143753051758,245215000,0.0,0.0
2021-09-28 00:00:00-04:00,21.144607100297833,21.34893644407722,20.583447115090674,20.631290435791016,343069000,0.0,0.0
2021-09-29 00:00:00-04:00,20.871501019861885,20.948248800717536,20.40004683540283,20.44988441467285,218394000,0.0,0.0
2021-09-30 00:00:00-04:00,20.700059532620926,20.997084994573704,20.620321319441768,20.648229598999023,221009000,0.0,0.0
2021-10-01 00:00:00-04:00,20.68212371981342,20.79076641966092,20.13691215457875,20.674150466918945,240978000,0.0,0.0
2021-10-04 00:00:00-04:00,20.436919861543057,20.474795649126847,19.491025155096903,19.66744613647461,345635000,0.0,0.0
2021-10-05 00:00:00-04:00,19.884735680862036,20.58045217530821,19.78904906919752,20.384096145629883,279282000,0.0,0.0
2021-10-06 00:00:00-04:00,20.054187175412817,20.652223020497054,20.014317105148756,20.63228988647461,297202000,0.0,0.0
2021-10-07 00:00:00-04:00,21.023004241236695,21.252253324633013,20.90339784226503,21.006061553955078,256919000,0.0,0.0
2021-10-08 00:00:00-04:00,21.03197660701689,21.136632686521562,20.707042768746597,20.762859344482422,151258000,0.0,0.0
2021-10-11 00:00:00-04:00,20.507697674953654,20.994100339135553,20.44390594615488,20.627304077148438,163388000,0.0,0.0
2021-10-12 00:00:00-04:00,20.759860446042797,20.988111365227073,20.460842654611554,20.603374481201172,162134000,0.0,0.0
2021-10-13 00:00:00-04:00,20.849567448558656,20.921332407323856,20.64523816823004,20.870498657226562,180652000,0.0,0.0
2021-10-14 00:00:00-04:00,21.21836559694219,21.68383706493013,21.052908229325823,21.674867630004883,243589000,0.0,0.0
2021-10-15 00:00:00-04:00,21.73865543684794,21.859259915283243,21.5911407550322,21.790485382080078,226994000,0.0,0.0
2021-10-18 00:00:00-04:00,21.677860560301653,22.218087520511002,21.573202565670083,22.14931297302246,189494000,0.0,0.0
2021-10-19 00:00:00-04:00,22.20313074793577,22.30579445739423,21.964914136514288,22.217086791992188,161473000,0.0,0.0
2021-10-20 00:00:00-04:00,22.23203574791411,22.359617290338466,21.910092397516213,22.030696868896484,146276000,0.0,0.0
2021-10-21 00:00:00-04:00,22.024716293024067,22.636708092213606,22.010762150737015,22.617769241333008,187590000,0.0,0.0
2021-10-22 00:00:00-04:00,22.74833799814001,23.054332903700523,22.487195958001656,22.651655197143555,249384000,0.0,0.0
2021-10-25 00:00:00-04:00,22.897848159028317,23.278598494667374,22.695513113631097,23.09021759033203,230235000,0.0,0.0
2021-10-26 00:00:00-04:00,23.910525487792796,25.176371413393948,23.845737588941468,24.63614273071289,485898000,0.0,0.0
2021-10-27 00:00:00-04:00,24.393941025402942,25.007925176618038,24.202567761764556,24.371015548706055,245990000,0.0,0.0
2021-10-28 00:00:00-04:00,24.796615700863228,24.86838066580957,24.4427774851292,24.85940933227539,234204000,0.0,0.0
2021-10-29 00:00:00-04:00,24.91921376694326,25.62489787147844,24.91821758575926,25.483362197875977,292503000,0.0,0.0
2021-11-01 00:00:00-04:00,25.565092648708934,25.809290097010273,25.144472287193395,25.742509841918945,265740000,0.0,0.0
2021-11-02 00:00:00-04:00,25.73753168250349,26.590730535065173,25.715602386475727,26.31463623046875,294112000,0.0,0.0
2021-11-03 00:00:00-04:00,26.58275893777931,26.69638634791327,26.149182413290003,26.51099395751953,239910000,0.0,0.0
2021-11-04 00:00:00-04:00,27.13993247807848,31.26240306661778,27.029295504578624,29.703519821166992,1153631000,0.0,0.0
2021-11-05 00:00:00-04:00,30.088247132824183,31.29727829518898,29.313788569052395,29.65467071533203,851260000,0.0,0.0
2021-11-08 00:00:00-05:00,30.05037569360793,30.998264961741995,29.809166754618374,30.70323371887207,503101000,0.0,0.0
2021-11-09 00:00:00-05:00,32.176395219195165,32.20430349924664,29.865977457167652,30.55670928955078,646746000,0.0,0.0
2021-11-10 00:00:00-05:00,29.25997665154842,30.749089221270815,28.683866285710014,29.362638473510742,636206000,0.0,0.0
2021-11-11 00:00:00-05:00,30.368330421751022,30.489931064518142,29.679590905724567,30.290584564208984,332172000,0.0,0.0
2021-11-12 00:00:00-05:00,29.911828494952534,30.57963679954635,29.53307052458696,30.290584564208984,413054000,0.0,0.0
2021-11-15 00:00:00-05:00,30.45206106579167,30.543759180639718,29.151329561322342,29.92678451538086,384909000,0.0,0.0
2021-11-16 00:00:00-05:00,29.661652535322734,30.29058701140295,29.608824510774056,30.104198455810547,264484000,0.0,0.0
2021-11-17 00:00:00-05:00,30.31849809734663,30.409201930373957,28.705790752092632,29.165283203125,428508000,0.0,0.0
2021-11-18 00:00:00-05:00,32.26111626069691,32.65282836277686,31.218536680348734,31.571378707885742,781711000,0.0,0.0
2021-11-19 00:00:00-05:00,32.137524780788404,32.97976178244582,31.800631120790957,32.877098083496094,533867000,0.0,0.0
2021-11-22 00:00:00-05:00,33.40735381658586,34.533658301488515,31.795644847195604,31.85146141052246,754335000,0.0,0.0
2021-11-23 00:00:00-05:00,31.431840673643133,32.25414264484403,30.77898266433961,31.64215087890625,532163000,0.0,0.0
2021-11-24 00:00:00-05:00,31.358084433513884,32.74752344863697,30.82682705345173,32.567115783691406,435162000,0.0,0.0
2021-11-26 00:00:00-05:00,32.493355877058754,32.60299664841291,31.2474468349952,31.399946212768555,283069000,0.0,0.0
2021-11-29 00:00:00-05:00,32.26012091262168,33.30269671767384,31.93119862998533,33.266815185546875,454964000,0.0,0.0
2021-11-30 00:00:00-05:00,33.060498227989086,33.24389825426,31.75976866465923,32.56911087036133,622066000,0.0,0.0
2021-12-01 00:00:00-05:00,33.114388375070114,33.184167626613956,31.281177159177126,31.33600425720215,484368000,0.004,0.0
2021-12-02 00:00:00-05:00,31.115710549250643,32.37573026318309,30.927304613724342,32.024837493896484,472890000,0.0,0.0
2021-12-03 00:00:00-05:00,31.89922925543246,32.02782463570663,30.035117209227543,30.596345901489258,544325000,0.0,0.0
2021-12-06 00:00:00-05:00,29.785904339285608,30.145767578458255,27.949705907051353,29.942411422729492,658938000,0.0,0.0
2021-12-07 00:00:00-05:00,30.859510618013076,32.346812573827144,30.55447261848209,32.32487869262695,593053000,0.0,0.0
2021-12-08 00:00:00-05:00,31.898232211155804,32.188316185516875,31.322051376993954,31.72577667236328,475551000,0.0,0.0
2021-12-09 00:00:00-05:00,31.634057907928252,32.103577136564674,30.33217119720817,30.39397621154785,488507000,0.0,0.0
2021-12-10 00:00:00-05:00,31.051903118678588,31.206415682530494,29.766962833942674,30.102901458740234,488825000,0.0,0.0
2021-12-13 00:00:00-05:00,30.1537389247884,30.19859728465225,28.027454948851968,28.07231330871582,598344000,0.0,0.0
2021-12-14 00:00:00-05:00,27.61176761656936,28.58768456683166,27.16418223461943,28.247758865356445,667035000,0.0,0.0
2021-12-15 00:00:00-05:00,28.31055963968994,30.403946500307338,27.75032926972712,30.363075256347656,698297000,0.0,0.0
2021-12-16 00:00:00-05:00,31.053899534566042,31.06187376372511,28.004532628837605,28.297605514526367,707366000,0.0,0.0
2021-12-17 00:00:00-05:00,27.896870039197612,28.830919505652275,27.67257823059536,27.713449478149414,713758000,0.0,0.0
2021-12-20 00:00:00-05:00,27.219008583039486,28.055365116089646,27.059512623643005,27.631704330444336,461847000,0.0,0.0
2021-12-21 00:00:00-05:00,28.284645850680768,29.028296854991318,27.31470852270142,28.98343849182129,524385000,0.0,0.0
2021-12-22 00:00:00-05:00,28.800017170257917,29.46192565947625,28.359407778692482,29.30741310119629,395184000,0.0,0.0
2021-12-23 00:00:00-05:00,29.661291348376615,29.9643348089571,29.338312319080405,29.546653747558594,343022000,0.0,0.0
2021-12-27 00:00:00-05:00,29.566592584176444,30.989098625583328,29.546655113197424,30.847545623779297,403686000,0.0,0.0
2021-12-28 00:00:00-05:00,31.21338914387757,31.231332106487933,29.917482103381964,30.22650718688965,420591000,0.0,0.0
2021-12-29 00:00:00-05:00,30.177667453136895,30.451801065304423,29.273522212886757,29.906522750854492,343139000,0.0,0.0
2021-12-30 00:00:00-05:00,29.73306863749012,30.36108570963226,29.44697370362588,29.492828369140625,308864000,0.0,0.0
2021-12-31 00:00:00-05:00,29.580548773634128,29.93542853604102,29.238628557646763,29.318376541137695,266530000,0.0,0.0
2022-01-03 00:00:00-05:00,29.72110414229306,30.614282277910625,29.691197936820654,30.026140213012695,391547000,0.0,0.0
2022-01-04 00:00:00-05:00,30.181652811785955,30.37205130388123,28.259724925855497,29.19776153564453,527154000,0.0,0.0
2022-01-05 00:00:00-05:00,28.857834470045624,29.323364772152377,27.446295212189224,27.517070770263672,498064000,0.0,0.0
2022-01-06 00:00:00-05:00,27.552954288101756,28.348441526045892,26.979766244192536,28.08926010131836,454186000,0.0,0.0
2022-01-07 00:00:00-05:00,28.052377508601495,28.33249270432617,26.971789766731415,27.161191940307617,409939000,0.0,0.0
2022-01-10 00:00:00-05:00,26.497291979306667,27.38249602616525,25.563242453455118,27.31371307373047,594681000,0.0,0.0
2022-01-11 00:00:00-05:00,27.23695493896439,27.97661882621992,26.754479886883722,27.729398727416992,404089000,0.0,0.0
2022-01-12 00:00:00-05:00,27.978604736551507,28.504941722431685,27.52105068423634,27.91082000732422,383413000,0.0,0.0
2022-01-13 00:00:00-05:00,28.289627869102336,28.390309630110426,26.41455104320911,26.491310119628906,540171000,0.0,0.0
2022-01-14 00:00:00-05:00,26.217172683523167,27.1113490250758,26.127455968299266,26.85715103149414,395832000,0.0,0.0
2022-01-18 00:00:00-05:00,26.177302480368454,26.554112344866216,25.688845811972694,25.821426391601562,424270000,0.0,0.0
2022-01-19 00:00:00-05:00,25.996874104337753,26.45941170270569,24.973107843056518,24.988059997558594,488315000,0.0,0.0
2022-01-20 00:00:00-05:00,25.22431503185262,25.498448638286458,24.00217414256686,24.07394790649414,435181000,0.0,0.0
2022-01-21 00:00:00-05:00,23.432974653185838,24.744830454694682,23.189743544758542,23.30039405822754,718958000,0.0,0.0
2022-01-24 00:00:00-05:00,22.259680516494218,23.30637320074799,20.822222081779014,23.298398971557617,913982000,0.0,0.0
2022-01-25 00:00:00-05:00,22.4750012913378,22.870752385278564,21.930721138257574,22.253700256347656,664616000,0.0,0.0
2022-01-26 00:00:00-05:00,23.16681347265323,23.98124005243623,22.22977314342867,22.700286865234375,755959000,0.0,0.0
2022-01-27 00:00:00-05:00,23.493781409014357,23.919436763705882,21.606741215717612,21.874895095825195,573353000,0.0,0.0
2022-01-28 00:00:00-05:00,21.942676819297425,22.78601318376408,21.22893211104231,22.768070220947266,543774000,0.0,0.0
2022-01-31 00:00:00-05:00,23.108997226913345,24.431819963911636,22.979407443957587,24.408891677856445,564680000,0.0,0.0
2022-02-01 00:00:00-05:00,25.024939661803632,25.065810904904282,23.814762231762714,24.560407638549805,518925000,0.0,0.0
2022-02-02 00:00:00-05:00,25.712769688020778,25.735696069563566,24.475676742278374,25.162508010864258,543419000,0.0,0.0
2022-02-03 00:00:00-05:00,24.38097948355901,24.99802967321124,23.705115075622988,23.87258529663086,410178000,0.0,0.0
2022-02-04 00:00:00-05:00,23.89651089080567,24.557423171481002,23.557581418595635,24.24241828918457,354829000,0.0,0.0
2022-02-07 00:00:00-05:00,24.29524762592509,25.10269624776117,24.125782912567686,24.650127410888672,376868000,0.0,0.0
2022-02-08 00:00:00-05:00,24.282285137278183,25.15054237458659,23.9044790159407,25.028926849365234,410359000,0.0,0.0
2022-02-09 00:00:00-05:00,25.54131148574977,26.640838580536943,25.27315951224319,26.620901107788086,524282000,0.0,0.0
2022-02-10 00:00:00-05:00,25.913138706568642,26.84020840080806,25.519382164128384,25.74267578125,513200000,0.0,0.0
2022-02-11 00:00:00-05:00,25.834385491481136,26.069642339244744,23.698134593993387,23.873579025268555,605472000,0.0,0.0
2022-02-14 00:00:00-05:00,23.858625081970295,24.796661591695667,23.680187951780663,24.190576553344727,440424000,0.0,0.0
2022-02-15 00:00:00-05:00,24.870427450931633,26.46140183291644,24.705948074593312,26.41156005859375,699869000,0.0,0.0
2022-02-16 00:00:00-05:00,26.176309687449518,26.49829249639972,25.47153534064749,26.427515029907227,732676000,0.0,0.0
2022-02-17 00:00:00-05:00,25.549285582156386,25.703798143147747,24.088900885684307,24.42982292175293,810595000,0.0,0.0
2022-02-18 00:00:00-05:00,24.590308868498568,24.907308137337274,23.027248301785136,23.567541122436523,761255000,0.0,0.0
2022-02-22 00:00:00-05:00,22.96245603840115,23.988214753545286,22.927566415528347,23.31633758544922,633422000,0.0,0.0
2022-02-23 00:00:00-05:00,23.727044613283795,24.078933611616357,22.230771994916,22.316499710083008,566511000,0.0,0.0
2022-02-24 00:00:00-05:00,20.948817318078245,23.725046427228275,20.82421097780637,23.67321014404297,735801000,0.0,0.0
2022-02-25 00:00:00-05:00,23.6462953618656,24.140731680792335,23.307365982681755,24.080921173095703,528866000,0.0,0.0
2022-02-28 00:00:00-05:00,23.91644455057124,24.587325461796915,23.632342229680074,24.30820655822754,477319000,0.0,0.0
2022-03-01 00:00:00-05:00,24.214500358111323,24.300229958145785,23.0591500185398,23.40306282043457,412056000,0.0,0.0
2022-03-02 00:00:00-05:00,23.685222229370265,24.336276568768735,23.345238595457605,24.147838592529297,389642000,0.004,0.0
2022-03-03 00:00:00-05:00,24.189714450005976,24.253524852561736,23.39907779476586,23.643348693847656,365095000,0.0,0.0
2022-03-04 00:00:00-05:00,23.314329501450473,23.609447114971164,22.41501653226553,22.867664337158203,431415000,0.0,0.0
2022-03-07 00:00:00-05:00,22.749016800661877,22.96437474060364,21.266447763904743,21.288381576538086,450821000,0.0,0.0
2022-03-08 00:00:00-05:00,21.245514318732305,22.306343532359403,20.588477275477324,21.44990348815918,557467000,0.0,0.0
2022-03-09 00:00:00-05:00,22.320299923146024,23.150818288505107,22.18071764381372,22.945432662963867,492742000,0.0,0.0
2022-03-10 00:00:00-05:00,22.46387362746883,22.72010791806969,21.816807022974896,22.590496063232422,428066000,0.0,0.0
2022-03-11 00:00:00-05:00,22.953408821575593,23.076043457185644,21.980316832138143,22.034156799316406,367209000,0.0,0.0
2022-03-14 00:00:00-04:00,21.80384067249969,22.195669376851416,21.095957034349265,21.266447067260742,385354000,0.0,0.0
2022-03-15 00:00:00-04:00,21.45388943534592,22.96936124008591,21.258474245006287,22.90455436706543,491996000,0.0,0.0
2022-03-16 00:00:00-04:00,23.429984670978083,24.523716417538445,23.102962788581674,24.423017501831055,671422000,0.0,0.0
2022-03-17 00:00:00-04:00,24.04813783867153,24.767984935801795,23.83477472930563,24.69221305847168,471941000,0.0,0.0
2022-03-18 00:00:00-04:00,24.725117703242326,26.489844911193696,24.550639830280833,26.374189376831055,730719000,0.0,0.0
2022-03-21 00:00:00-04:00,26.428027300009337,27.071106099040612,25.88963521663449,26.65435028076172,591727000,0.0,0.0
2022-03-22 00:00:00-04:00,26.647371123248757,27.156850275284068,25.994323791878227,26.444976806640625,547007000,0.0,0.0
2022-03-23 00:00:00-04:00,26.048157589776604,26.53270962394399,25.498800590929083,25.55762481689453,502120000,0.0,0.0
2022-03-24 00:00:00-04:00,26.088045093021876,28.23562710130492,25.82981594503605,28.066133499145508,877379000,0.0,0.0
2022-03-25 00:00:00-04:00,27.802915490968033,28.27350932502247,27.18974806430795,27.609493255615234,579016000,0.0,0.0
2022-03-28 00:00:00-04:00,27.67330593129394,28.165833619637276,27.124943427788132,28.134925842285156,425494000,0.0,0.0
2022-03-29 00:00:00-04:00,28.60950676132991,28.85975839254765,27.896636856560235,28.57062339782715,488984000,0.0,0.0
2022-03-30 00:00:00-04:00,28.219672974520872,28.41110037401944,27.42105885059828,27.607501983642578,463487000,0.0,0.0
2022-03-31 00:00:00-04:00,27.699226807551824,28.163838026854247,27.188753110757293,27.20470428466797,523440000,0.0,0.0
2022-04-01 00:00:00-04:00,27.293440575757664,27.414080364707395,26.188741881916698,26.632415771484375,517235000,0.0,0.0
2022-04-04 00:00:00-04:00,26.648374806098307,27.475902063117733,26.53371763272611,27.278491973876953,397120000,0.0,0.0
2022-04-05 00:00:00-04:00,27.17280089255996,27.237607768198263,25.743073244909805,25.853742599487305,436615000,0.0,0.0
2022-04-06 00:00:00-04:00,24.859714163923694,25.224622964462803,23.93148813508022,24.33428382873535,703833000,0.0,0.0
2022-04-07 00:00:00-04:00,24.368179386256767,24.64834229932388,23.40804924530621,24.135873794555664,557992000,0.0,0.0
2022-04-08 00:00:00-04:00,23.84574022331702,23.851722863847915,22.993288112629596,23.05011749267578,524781000,0.0,0.0
2022-04-11 00:00:00-04:00,22.147815823189774,22.253499000395795,21.595465570939584,21.851699829101562,575207000,0.0,0.0
2022-04-12 00:00:00-04:00,22.46985714800616,22.657296773923992,21.218595050115738,21.43993377685547,662258000,0.0,0.0
2022-04-13 00:00:00-04:00,21.663265165709976,22.432964462991524,21.39107781519928,22.13684844970703,516943000,0.0,0.0
2022-04-14 00:00:00-04:00,22.437946450799743,22.70913730080681,21.09994582726885,21.19466209411621,569097000,0.0,0.0
2022-04-18 00:00:00-04:00,21.13684199953331,22.02219506677443,21.016202192088386,21.71810531616211,525701000,0.0,0.0
2022-04-19 00:00:00-04:00,21.655288033662476,22.306342402426626,21.250497509099134,22.131864547729492,512781000,0.0,0.0
2022-04-20 00:00:00-04:00,22.449913552276662,22.602457585796717,21.1368379554735,21.417997360229492,468974000,0.0,0.0
2022-04-21 00:00:00-04:00,21.644320110833693,22.325285752038848,19.940412249254727,20.122867584228516,656209000,0.0,0.0
2022-04-22 00:00:00-04:00,20.24251007228569,20.424965416989473,19.441902979823055,19.456857681274414,624713000,0.0,0.0
2022-04-25 00:00:00-04:00,19.14479141968029,19.885577840769354,19.039108228053102,19.84270668029785,641566000,0.0,0.0
2022-04-26 00:00:00-04:00,19.659254708106264,19.72904585331805,18.614376672651343,18.732025146484375,653143000,0.0,0.0
2022-04-27 00:00:00-04:00,18.542587544483734,19.10989247416375,18.23550655747405,18.36013412475586,499460000,0.0,0.0
2022-04-28 00:00:00-04:00,18.910490135420694,19.977303851455268,18.43491199008361,19.72306251525879,570327000,0.0,0.0
2022-04-29 00:00:00-04:00,19.344193301516768,20.068030059623467,18.461829879065967,18.491741180419922,500435000,0.0,0.0
2022-05-02 00:00:00-04:00,18.48575893149055,19.515680231778166,18.33620622488366,19.474803924560547,572049000,0.0,0.0
2022-05-03 00:00:00-04:00,19.34220411270771,19.765939115024143,19.075999347942556,19.543601989746094,475751000,0.0,0.0
2022-05-04 00:00:00-04:00,19.863639883503055,20.33921795002483,18.695130967640978,20.273414611816406,648855000,0.0,0.0
2022-05-05 00:00:00-04:00,19.807807888219486,19.865633741473076,18.444880215286258,18.78785514831543,626331000,0.0,0.0
2022-05-06 00:00:00-04:00,18.680180965141894,19.453868144607874,17.936403191321382,18.619361877441406,633297000,0.0,0.0
2022-05-09 00:00:00-04:00,17.980273914729565,18.2006142842985,16.77686905131604,16.899503707885742,644455000,0.0,0.0
2022-05-10 00:00:00-04:00,17.636295630660026,18.1437798648561,16.974274428777502,17.54257583618164,761474000,0.0,0.0
2022-05-11 00:00:00-04:00,17.29531869321598,17.70010924577166,16.518640215360524,16.580453872680664,670167000,0.0,0.0
2022-05-12 00:00:00-04:00,16.170681523689158,16.737986648099227,15.520624434471946,16.126811981201172,708728000,0.0,0.0
2022-05-13 00:00:00-04:00,16.73797994693999,17.874582687114945,16.543561257348554,17.653244018554688,670437000,0.0,0.0
2022-05-16 00:00:00-04:00,17.456835364759026,17.735003457169242,17.055036163870508,17.21256446838379,521446000,0.0,0.0
2022-05-17 00:00:00-04:00,18.020149031920944,18.31626502100498,17.58146135414091,18.12284278869629,585830000,0.0,0.0
2022-05-18 00:00:00-04:00,17.652250113395763,18.064019738570103,16.813756162184983,16.887535095214844,545161000,0.0,0.0
2022-05-19 00:00:00-04:00,16.886535872778936,17.63430122078651,16.68413969929211,17.072978973388672,621310000,0.0,0.0
2022-05-20 00:00:00-04:00,17.280361950120188,17.358128675360334,15.708059831340721,16.644262313842773,739105000,0.0,0.0
2022-05-23 00:00:00-04:00,16.225509284140784,16.86460007161556,16.130793035835357,16.8476505279541,639889000,0.0,0.0
2022-05-24 00:00:00-04:00,16.460809506552845,16.547550187898246,15.732984010714674,16.10586929321289,588550000,0.0,0.0
2022-05-25 00:00:00-04:00,15.97227052482503,17.060019607721216,15.952329656354774,16.92442512512207,781132000,0.0,0.0
2022-05-26 00:00:00-04:00,15.988225751012793,18.038100388049628,15.974267519878618,17.797819137573242,996575000,0.0,0.0
2022-05-27 00:00:00-04:00,18.131821105909538,18.824750258238716,18.046076875849245,18.754959106445312,738379000,0.0,0.0
2022-05-31 00:00:00-04:00,18.923448310065066,19.14279403338094,18.295326242537005,18.61636734008789,664100000,0.0,0.0
2022-06-01 00:00:00-04:00,18.668216603337324,18.9962349851399,18.068008952451528,18.265419006347656,544514000,0.0,0.0
2022-06-02 00:00:00-04:00,18.237500543404728,19.560546538437922,18.14378074438324,19.533626556396484,648656000,0.0,0.0
2022-06-03 00:00:00-04:00,19.025151378896318,19.274406575530012,18.46681836923716,18.664228439331055,598779000,0.0,0.0
2022-06-06 00:00:00-04:00,19.081979003796526,19.279389055591135,18.508691344014494,18.730030059814453,422406000,0.0,0.0
2022-06-07 00:00:00-04:00,18.416967656771526,18.94339449795544,18.133813364518677,18.86961555480957,388914000,0.0,0.0
2022-06-08 00:00:00-04:00,18.74695362356912,19.12689931949138,18.4836845843309,18.596372604370117,363252000,0.004,0.0
2022-06-09 00:00:00-04:00,18.429837257031576,18.880585584914794,17.99105484045959,17.998035430908203,395574000,0.0,0.0
2022-06-10 00:00:00-04:00,17.551274019304014,17.648005592341615,16.822296926639886,16.9270076751709,465248000,0.0,0.0
2022-06-13 00:00:00-04:00,15.9557000705001,16.266836495772598,15.56279090300614,15.603677749633789,604153000,0.0,0.0
2022-06-14 00:00:00-04:00,15.687448327103725,16.021520910273885,15.369331242158152,15.792158126831055,469680000,0.0,0.0
2022-06-15 00:00:00-04:00,16.050441789659057,16.82130252550863,15.88190997775459,16.481246948242188,563936000,0.0,0.0
2022-06-16 00:00:00-04:00,15.816088757865616,15.897862458387,15.35835993661818,15.557806015014648,545749000,0.0,0.0
2022-06-17 00:00:00-04:00,15.604676739581116,15.950716157739642,15.285562995334534,15.836034774780273,630334000,0.0,0.0
2022-06-21 00:00:00-04:00,16.429388214877477,16.960911609240924,16.361575686273117,16.5201358795166,483089000,0.0,0.0
2022-06-22 00:00:00-04:00,16.181077014713374,16.61587073985761,16.135204840649315,16.314706802368164,437135000,0.0,0.0
2022-06-23 00:00:00-04:00,16.473265177528255,16.539082437023865,15.809109627633456,16.18008041381836,463680000,0.0,0.0
2022-06-24 00:00:00-04:00,16.454320190454215,17.092547758876677,16.264845667803225,17.07858657836914,472153000,0.0,0.0
2022-06-27 00:00:00-04:00,17.264068491152564,17.28201830452183,16.579966999575007,16.822294235229492,427968000,0.0,0.0
2022-06-28 00:00:00-04:00,16.853212443384802,17.154376410501133,15.900856410193713,15.93775463104248,461149000,0.0,0.0
2022-06-29 00:00:00-04:00,15.770217280899118,15.776200235548698,15.128000214513376,15.498970031738281,482352000,0.0,0.0
2022-06-30 00:00:00-04:00,15.31847053785556,15.52390051921732,14.820852506876262,15.117030143737793,686070000,0.0,0.0
2022-07-01 00:00:00-04:00,14.857750345223227,15.021295848581772,14.35215407119524,14.48279094696045,577610000,0.0,0.0
2022-07-05 00:00:00-04:00,14.135756008662238,14.92955177197515,14.01608834866183,14.922571182250977,651397000,0.0,0.0
2022-07-06 00:00:00-04:00,14.968445164272264,15.276589715480245,14.748056331462374,15.088112831115723,529066000,0.0,0.0
2022-07-07 00:00:00-04:00,15.413208995404638,15.900854523259023,15.346394102933195,15.814095497131348,492903000,0.0,0.0
2022-07-08 00:00:00-04:00,15.387280900081658,15.99260071355022,15.3463940472355,15.794151306152344,467972000,0.0,0.0
2022-07-11 00:00:00-04:00,15.483016286395417,15.484013921133512,14.996367398257068,15.110052108764648,437321000,0.0,0.0
2022-07-12 00:00:00-04:00,15.225729983268637,15.388278822055844,14.835812677537918,15.040245056152344,458483000,0.0,0.0
2022-07-13 00:00:00-04:00,14.549608496652455,15.332435112850415,14.424954552645541,15.122018814086914,521918000,0.0,0.0
2022-07-14 00:00:00-04:00,15.0661739121478,15.430163196087623,14.687225812732079,15.329442977905273,456235000,0.0,0.0
2022-07-15 00:00:00-04:00,15.615649224275273,15.738307898347761,15.402240972789158,15.718363761901855,385935000,0.0,0.0
2022-07-18 00:00:00-04:00,16.25686498780902,16.850216937133126,15.957696353307478,16.056421279907227,670517000,0.0,0.0
2022-07-19 00:00:00-04:00,16.440358091474902,17.062631077163257,16.127228231279975,16.944957733154297,702366000,0.0,0.0
2022-07-20 00:00:00-04:00,16.90008038178597,17.883350564875844,16.754484694338107,17.75769805908203,760538000,0.0,0.0
2022-07-21 00:00:00-04:00,17.835482614701714,18.093764403863,17.49642380939711,18.000024795532227,557049000,0.0,0.0
2022-07-22 00:00:00-04:00,17.843459684574043,17.91725420891557,17.089552288201755,17.27104949951172,536671000,0.0,0.0
2022-07-25 00:00:00-04:00,16.971880453577725,17.076591197104143,16.602905897371375,16.97686767578125,480748000,0.0,0.0
2022-07-26 00:00:00-04:00,16.84224178303558,16.872159411075533,16.43238035984879,16.487228393554688,397865000,0.0,0.0
2022-07-27 00:00:00-04:00,16.984844729606653,17.886343144331377,16.866174710818715,17.740747451782227,569776000,0.0,0.0
2022-07-28 00:00:00-04:00,17.925230147313716,18.089772296571798,17.39171163882311,17.9342041015625,474646000,0.0,0.0
2022-07-29 00:00:00-04:00,17.763681512135797,18.19348797443547,17.643016231379985,18.112712860107422,435460000,0.0,0.0
2022-08-01 00:00:00-04:00,18.13166037008038,18.79382347486427,17.940192505913,18.389944076538086,476469000,0.0,0.0
2022-08-02 00:00:00-04:00,18.071827728649904,18.885568560892924,18.041910100984115,18.474708557128906,489527000,0.0,0.0
2022-08-03 00:00:00-04:00,18.133655821615758,18.915485636087563,18.08678506318179,18.8406925201416,418146000,0.0,0.0
2022-08-04 00:00:00-04:00,18.796816360490926,19.220638962108396,18.708062062276774,19.161802291870117,409652000,0.0,0.0
2022-08-05 00:00:00-04:00,18.75792279078178,19.17576338661587,18.614322361680482,18.93642807006836,386068000,0.0,0.0
2022-08-08 00:00:00-04:00,17.45354536402082,18.188504443935763,17.19426496293747,17.743738174438477,981859000,0.0,0.0
2022-08-09 00:00:00-04:00,17.204240919850708,17.3987007837384,16.677702739944937,17.038700103759766,668263000,0.0,0.0
2022-08-10 00:00:00-04:00,17.64899490631096,18.067832019337,17.269049362578624,18.046890258789062,597422000,0.0,0.0
2022-08-11 00:00:00-04:00,18.080802254514673,18.655207729285816,17.826507193274058,17.892324447631836,509327000,0.0,0.0
2022-08-12 00:00:00-04:00,18.109720093847795,18.6661757172825,17.90329248620022,18.65719985961914,478094000,0.0,0.0
2022-08-15 00:00:00-04:00,18.649226086629287,19.110943606719005,18.56147037086015,18.97930908203125,457666000,0.0,0.0
2022-08-16 00:00:00-04:00,18.867617579479603,19.08900306515244,18.449777011947884,18.826730728149414,451240000,0.0,0.0
2022-08-17 00:00:00-04:00,18.47171611346851,18.636258289146177,18.094762422807918,18.28423500061035,446799000,0.0,0.0
2022-08-18 00:00:00-04:00,18.250332132443727,18.812769810722802,18.13265879882492,18.721025466918945,415447000,0.0,0.0
2022-08-19 00:00:00-04:00,18.35504444387847,18.468729162588712,17.72080548388627,17.79958724975586,441588000,0.0,0.0
2022-08-22 00:00:00-04:00,17.44157616837466,17.509388691765842,16.91902677104241,16.986839294433594,409593000,0.0,0.0
2022-08-23 00:00:00-04:00,16.941964523094743,17.41664650068236,16.923016122259966,17.133432388305664,369986000,0.0,0.0
2022-08-24 00:00:00-04:00,16.96490062655106,17.357810823683003,16.84822587028311,17.174320220947266,522661000,0.0,0.0
2022-08-25 00:00:00-04:00,16.79736826116041,17.897315311031562,16.78639903354692,17.8634090423584,770691000,0.0,0.0
2022-08-26 00:00:00-04:00,17.807563767738106,17.874377717185446,16.192047853448514,16.214984893798828,769127000,0.0,0.0
2022-08-29 00:00:00-04:00,15.97564717969457,16.29276564803654,15.723347381626995,15.75725269317627,496132000,0.0,0.0
2022-08-30 00:00:00-04:00,15.915812157547325,15.994592953755117,15.139966300020541,15.425174713134766,530181000,0.0,0.0
2022-08-31 00:00:00-04:00,15.341407879469896,15.496976116815032,14.91758433882462,15.052210807800293,573710000,0.0,0.0
2022-09-01 00:00:00-04:00,14.169659947404499,14.340186988303111,13.233260527452883,13.89841365814209,1178865000,0.0,0.0
2022-09-02 00:00:00-04:00,14.060963550220945,14.131766129658757,13.55337197606146,13.609217643737793,743157000,0.0,0.0
2022-09-06 00:00:00-04:00,13.6929833994128,13.74085083822802,13.314035378216058,13.427720069885254,535751000,0.0,0.0
2022-09-07 00:00:00-04:00,13.529468012385438,13.803788702525829,13.313004492414725,13.680094718933105,512657000,0.004,0.0
2022-09-08 00:00:00-04:00,13.4257236624068,13.973367055447751,13.335946977116002,13.955410957336426,624873000,0.0,0.0
2022-09-09 00:00:00-04:00,14.122001845912337,14.43821857334682,14.091079295828678,14.351433753967285,486612000,0.0,0.0
2022-09-12 00:00:00-04:00,14.333476599142045,14.511036035425132,14.162898875313989,14.46914005279541,484159000,0.0,0.0
2022-09-13 00:00:00-04:00,13.767876088333708,13.887579287110125,13.06661411156495,13.09853458404541,714956000,0.0,0.0
2022-09-14 00:00:00-04:00,13.22123276604588,13.25714401689083,12.881076192438005,13.095544815063477,588507000,0.0,0.0
2022-09-15 00:00:00-04:00,12.982825342829914,13.200285874328177,12.758381195489553,12.897037506103516,523625000,0.0,0.0
2022-09-16 00:00:00-04:00,12.710497048087857,13.179335313818578,12.585806090810705,13.165369987487793,670751000,0.0,0.0
2022-09-19 00:00:00-04:00,12.979829980486416,13.42971516771623,12.977835069768854,13.348915100097656,569685000,0.0,0.0
2022-09-20 00:00:00-04:00,13.182329079094677,13.44966616014184,13.024719705664902,13.143424987792969,524818000,0.0,0.0
2022-09-21 00:00:00-04:00,13.180334501882477,13.996312044305188,13.07758850400222,13.228215217590332,807679000,0.0,0.0
2022-09-22 00:00:00-04:00,13.03768878499316,13.116493957539719,12.397276654319372,12.529947280883789,759162000,0.0,0.0
2022-09-23 00:00:00-04:00,12.389293550179527,12.579821317047688,12.226696435880543,12.485055923461914,663309000,0.0,0.0
2022-09-26 00:00:00-04:00,12.4601175052189,12.62770236378115,12.183801932086613,12.19776725769043,547343000,0.0,0.0
2022-09-27 00:00:00-04:00,12.476077368836638,12.70451127518139,12.227693405646438,12.382309913635254,553854000,0.0,0.0
2022-09-28 00:00:00-04:00,12.379318359284666,12.791297397761815,12.323457052729534,12.704512596130371,542414000,0.0,0.0
2022-09-29 00:00:00-04:00,12.417224823009533,12.469096309319497,11.916466059827378,12.189788818359375,532763000,0.0,0.0
2022-09-30 00:00:00-04:00,12.057117275528151,12.601767882452046,12.045146859340639,12.108988761901855,565638000,0.0,0.0
2022-10-03 00:00:00-04:00,12.31647372975425,12.646655701474867,12.075071465670463,12.48106575012207,547478000,0.0,0.0
2022-10-04 00:00:00-04:00,12.847161810882275,13.18731938765851,12.847161810882275,13.13444995880127,584182000,0.0,0.0
2022-10-05 00:00:00-04:00,12.87908219169331,13.288068453828838,12.589799156184034,13.176344871520996,507131000,0.0,0.0
2022-10-06 00:00:00-04:00,13.187316594180706,13.62223854641482,13.070605273695971,13.097538948059082,644157000,0.0,0.0
2022-10-07 00:00:00-04:00,12.474083761565735,12.638675790831929,11.992278089651654,12.046144485473633,672478000,0.0,0.0
2022-10-10 00:00:00-04:00,12.007240867482555,12.094025672565365,11.379796220873162,11.641148567199707,698699000,0.0,0.0
2022-10-11 00:00:00-04:00,11.532419021743818,11.816714298827332,11.255106408972765,11.557357788085938,667482000,0.0,0.0
2022-10-12 00:00:00-04:00,11.550372304493225,11.705985792428375,11.31695064561585,11.471567153930664,492590000,0.0,0.0
2022-10-13 00:00:00-04:00,10.943875273241852,12.048138702279783,10.78626591637664,11.93043041229248,850103000,0.0,0.0
2022-10-14 00:00:00-04:00,12.027193495602644,12.081059900782172,11.176302548165202,11.19924545288086,713432000,0.0,0.0
2022-10-17 00:00:00-04:00,11.489525901270087,11.918463198926593,11.488528921337277,11.858611106872559,580774000,0.0,0.0
2022-10-18 00:00:00-04:00,12.313483940586105,12.461117830022587,11.589278871439754,11.937416076660156,659362000,0.0,0.0
2022-10-19 00:00:00-04:00,11.849631206949502,12.3194674213086,11.804742384541735,12.02120590209961,523131000,0.0,0.0
2022-10-20 00:00:00-04:00,12.08305357020032,12.73743191217373,12.075072975272215,12.163853645324707,652398000,0.0,0.0
2022-10-21 00:00:00-04:00,12.068090417832614,12.467102092739703,11.85761257031653,12.4351806640625,609494000,0.0,0.0
2022-10-24 00:00:00-04:00,12.477076444546938,12.678576698624157,12.034173916407727,12.567851066589355,517457000,0.0,0.0
2022-10-25 00:00:00-04:00,12.662617544617813,13.26711930987685,12.63269102706923,13.228215217590332,505482000,0.0,0.0
2022-10-26 00:00:00-04:00,12.837184898566917,13.354900896725308,12.676582681545735,12.864117622375488,532953000,0.0,0.0
2022-10-27 00:00:00-04:00,13.59630304820485,13.803788998303101,13.089558589412318,13.143424987792969,583113000,0.0,0.0
2022-10-28 00:00:00-04:00,13.071602334811837,13.815758246237337,13.028708425425865,13.799797058105469,521040000,0.0,0.0
2022-10-31 00:00:00-04:00,13.743938035026355,13.803790122164811,13.264127212017728,13.463632583618164,486341000,0.0,0.0
2022-11-01 00:00:00-04:00,13.776852794298506,13.890571254068195,13.485574933817967,13.509515762329102,432817000,0.0,0.0
2022-11-02 00:00:00-04:00,13.815759886644688,14.174869538553562,13.17833970749939,13.186319351196289,672628000,0.0,0.0
2022-11-03 00:00:00-04:00,13.01075449802835,13.74692988442399,12.92396969143258,13.387819290161133,500065000,0.0,0.0
2022-11-04 00:00:00-04:00,13.95142241289194,14.193821673388257,13.663136398930058,14.121002197265625,612576000,0.0,0.0
2022-11-07 00:00:00-05:00,14.19282459299917,14.376369715229352,13.919502771881342,14.265644073486328,410061000,0.0,0.0
2022-11-08 00:00:00-05:00,14.764406302820655,14.854183943001459,14.180852592961925,14.565898895263672,595292000,0.0,0.0
2022-11-09 00:00:00-05:00,14.126986819932588,14.175866414863753,13.724983283457384,13.741941452026367,454414000,0.0,0.0
2022-11-10 00:00:00-05:00,14.76341213300267,15.734006289264514,14.51103733225041,15.711063385009766,700819000,0.0,0.0
2022-11-11 00:00:00-05:00,15.767920535169456,16.348481436653724,15.443724222491777,16.28663444519043,655487000,0.0,0.0
2022-11-14 00:00:00-05:00,16.177909459643775,16.49911397684061,15.88264069318985,16.254718780517578,527852000,0.0,0.0
2022-11-15 00:00:00-05:00,16.680661045178866,16.955977806854108,16.341501419582265,16.624799728393555,545876000,0.0,0.0
2022-11-16 00:00:00-05:00,16.122044306055884,16.321548716407033,15.833758273609781,15.87066650390625,649547000,0.0,0.0
2022-11-17 00:00:00-05:00,15.676147926956387,16.225786282199604,15.496592636887353,15.6382417678833,710894000,0.0,0.0
2022-11-18 00:00:00-05:00,15.926527067026893,15.962439267152297,15.082618903576678,15.370904922485352,492072000,0.0,0.0
2022-11-21 00:00:00-05:00,15.109551164252508,15.438735202574657,15.042716425610418,15.279130935668945,404739000,0.0,0.0
2022-11-22 00:00:00-05:00,15.2901026692939,16.018298290451778,15.084611662515696,15.998347282409668,472866000,0.0,0.0
2022-11-23 00:00:00-05:00,16.05820026675545,16.486140496528126,16.008324643497133,16.478158950805664,427241000,0.0,0.0
2022-11-25 00:00:00-05:00,16.277659960613633,16.44624088571978,16.1320209884095,16.229778289794922,167934000,0.0,0.0
2022-11-28 00:00:00-05:00,15.986377823696634,16.31656076749582,15.686123298163908,15.787870407104492,303741000,0.0,0.0
2022-11-29 00:00:00-05:00,15.787871013684132,15.89261191979211,15.48163079273218,15.600336074829102,298384000,0.0,0.0
2022-11-30 00:00:00-05:00,15.662198222921692,16.892465330806235,15.56242050073122,16.885480880737305,565298000,0.004,0.0
2022-12-01 00:00:00-05:00,16.96130961638063,17.226718672364875,16.598116373493134,17.097007751464844,470977000,0.0,0.0
2022-12-02 00:00:00-05:00,16.622068821587856,16.895461554561713,16.408542540886174,16.838586807250977,371389000,0.0,0.0
2022-12-05 00:00:00-05:00,16.64202269753776,16.95732209492753,16.435480895818028,16.57317543029785,352255000,0.0,0.0
2022-12-06 00:00:00-05:00,16.493350586710367,16.536254516878426,15.783926565027583,15.951554298400879,352694000,0.0,0.0
2022-12-07 00:00:00-05:00,15.737033837548465,16.150116510882306,15.632266127408133,16.08426284790039,372388000,0.0,0.0
2022-12-08 00:00:00-05:00,16.236920451403726,17.14091181811326,15.923615566766111,17.13093376159668,515456000,0.0,0.0
2022-12-09 00:00:00-05:00,17.121952377755747,17.54401482926612,16.937363096057506,16.96330451965332,465338000,0.0,0.0
2022-12-12 00:00:00-05:00,16.99922915428006,17.499117875319435,16.75976146929497,17.496124267578125,457328000,0.0,0.0
2022-12-13 00:00:00-05:00,18.489920677782056,18.74834730391555,17.6717387555574,18.031938552856445,656589000,0.0,0.0
2022-12-14 00:00:00-05:00,17.947124880020315,18.211538706655226,17.381382402080057,17.63481903076172,496888000,0.0,0.0
2022-12-15 00:00:00-05:00,17.107985485394817,17.281599496574888,16.662975165285864,16.91441535949707,478542000,0.0,0.0
2022-12-16 00:00:00-05:00,16.82661330300129,17.003220944622573,16.373619336340138,16.53426170349121,478232000,0.0,0.0
2022-12-19 00:00:00-05:00,16.53525606050728,16.572172773420323,16.109202785089362,16.217960357666016,354039000,0.0,0.0
2022-12-20 00:00:00-05:00,16.028380227355484,16.273835057103852,15.816851356300733,16.049333572387695,403260000,0.0,0.0
2022-12-21 00:00:00-05:00,16.07827163091564,16.590134671337612,16.066297202560737,16.464412689208984,325025000,0.0,0.0
2022-12-22 00:00:00-05:00,16.05831892986543,16.102222004625823,14.849006080737974,15.30499267578125,565045000,0.0,0.0
2022-12-23 00:00:00-05:00,15.162310836101799,15.304993457460409,14.850005025607482,15.17228889465332,349326000,0.0,0.0
2022-12-27 00:00:00-05:00,15.040579253955626,15.066521631264365,14.024835696731898,14.089692115783691,464902000,0.0,0.0
2022-12-28 00:00:00-05:00,13.896123310795858,14.230380640006066,13.853218422811985,14.004881858825684,351066000,0.0,0.0
2022-12-29 00:00:00-05:00,14.370071654140734,14.650447871616409,14.195459433216843,14.570625305175781,354923000,0.0,0.0
2022-12-30 00:00:00-05:00,14.30222215199044,14.596568233600799,14.201446229451317,14.581602096557617,310490000,0.0,0.0
2023-01-03 00:00:00-05:00,14.818074155568226,14.962753137456133,14.064747927725566,14.283262252807617,401277000,0.0,0.0
2023-01-04 00:00:00-05:00,14.534705251277302,14.820070487005857,14.209427782320121,14.716300964355469,431324000,0.0,0.0
2023-01-05 00:00:00-05:00,14.458872413551465,14.531710520758232,14.11663246222546,14.233373641967773,389168000,0.0,0.0
2023-01-06 00:00:00-05:00,14.441909831289994,14.976721722809424,14.002885769126838,14.826056480407715,405044000,0.0,0.0
2023-01-09 00:00:00-05:00,15.250114184790577,16.020401941381497,15.1074306292161,15.593351364135742,504231000,0.0,0.0
2023-01-10 00:00:00-05:00,15.472620524555069,15.926611700930899,15.437698272766157,15.873729705810547,384101000,0.0,0.0
2023-01-11 00:00:00-05:00,15.804883260537807,15.992466195096986,15.528496936448766,15.96552562713623,353285000,0.0,0.0
2023-01-12 00:00:00-05:00,16.064305755567425,16.60011394726638,15.457652972865747,16.474393844604492,551409000,0.0,0.0
2023-01-13 00:00:00-05:00,16.24191245912775,16.884485751855593,16.129164009129322,16.861536026000977,447287000,0.0,0.0
2023-01-17 00:00:00-05:00,16.861536645437063,17.688699300985697,16.861536645437063,17.662755966186523,511102000,0.0,0.0
2023-01-18 00:00:00-05:00,17.627828386104188,17.833371016829354,17.243681783190326,17.338472366333008,439624000,0.0,0.0
2023-01-19 00:00:00-05:00,16.998231918602517,17.158876197897794,16.693909676604797,16.727832794189453,452932000,0.0,0.0
2023-01-20 00:00:00-05:00,16.973286475081306,17.816414337109105,16.787699916065623,17.79945182800293,564967000,0.0,0.0
2023-01-23 00:00:00-05:00,18.0239511412495,19.202334514054723,17.77849813911899,19.150449752807617,655163000,0.0,0.0
2023-01-24 00:00:00-05:00,18.78526133289635,19.451781589199925,18.778276881927304,19.2222900390625,496204000,0.0,0.0
2023-01-25 00:00:00-05:00,18.871066291562546,19.32705376410107,18.538804434903298,19.2801570892334,449537000,0.0,0.0
2023-01-26 00:00:00-05:00,19.657322688857523,20.121291926493868,19.235260153653364,19.758098602294922,489535000,0.0,0.0
2023-01-27 00:00:00-05:00,19.418849333138702,20.582264478452693,19.361976503519905,20.319847106933594,542142000,0.0,0.0
2023-01-30 00:00:00-05:00,19.905769395745818,20.09534677439952,19.10754194271611,19.119516372680664,488611000,0.0,0.0
2023-01-31 00:00:00-05:00,19.127497873404206,19.64335181995639,18.907986325068734,19.493684768676758,498017000,0.0,0.0
2023-02-01 00:00:00-05:00,19.64734149342646,21.14501295815038,19.56751894395112,20.89656639099121,660477000,0.0,0.0
2023-02-02 00:00:00-05:00,20.953440010374486,21.90033534849852,20.654105914331332,21.66086769104004,564276000,0.0,0.0
2023-02-03 00:00:00-05:00,20.95344207269312,21.696791212168588,20.74290942748652,21.053220748901367,429366000,0.0,0.0
2023-02-06 00:00:00-05:00,20.759872338931974,21.522178471104034,20.739916222678673,21.042245864868164,452197000,0.0,0.0
2023-02-07 00:00:00-05:00,21.334595540764557,22.209652016752774,21.10310954039303,22.123842239379883,664150000,0.0,0.0
2023-02-08 00:00:00-05:00,22.337365045310303,22.82727757872674,21.95920561326959,22.15576934814453,559651000,0.0,0.0
2023-02-09 00:00:00-05:00,22.555885970462455,22.96896773808155,22.07096331622083,22.2874813079834,523876000,0.0,0.0
2023-02-10 00:00:00-05:00,21.64191049076745,22.02904881959799,20.7648596572667,21.217851638793945,550737000,0.0,0.0
2023-02-13 00:00:00-05:00,21.49025451911303,21.999124175957835,20.915531186749966,21.739700317382812,474919000,0.0,0.0
2023-02-14 00:00:00-05:00,21.530157577256894,22.997896827890425,21.318627718423105,22.92007064819336,675474000,0.0,0.0
2023-02-15 00:00:00-05:00,22.499008003095835,22.804329348665444,22.056991258302702,22.713531494140625,420575000,0.0,0.0
2023-02-16 00:00:00-05:00,22.08393046172455,22.500005788164945,21.878387788866807,21.953222274780273,412026000,0.0,0.0
2023-02-17 00:00:00-05:00,21.583041248476633,21.69179883261227,20.92849556480954,21.340579986572266,465888000,0.0,0.0
2023-02-21 00:00:00-05:00,20.953439640659408,21.446343845986352,20.57228662621733,20.60920524597168,410015000,0.0,0.0
2023-02-22 00:00:00-05:00,20.661092053593148,21.05721124102222,20.37572493019937,20.70798683166504,513184000,0.0,0.0
2023-02-23 00:00:00-05:00,23.388033612605756,23.8350403425162,22.973952761903,23.611536026000977,1117995000,0.0,0.0
2023-02-24 00:00:00-05:00,23.17350560891848,23.421954070982288,22.896122115929508,23.2343692779541,589716000,0.0,0.0
2023-02-27 00:00:00-05:00,23.617522349762986,23.827055854409227,23.40200162980687,23.448896408081055,452994000,0.0,0.0
2023-02-28 00:00:00-05:00,23.320184085898383,23.772180806302725,23.15455174201123,23.16452980041504,455963000,0.0,0.0
2023-03-01 00:00:00-05:00,23.14058460599458,23.204443804026024,22.458100964699696,22.647680282592773,460026000,0.0,0.0
2023-03-02 00:00:00-05:00,22.43814303132255,23.328163685156042,22.382265528634285,23.262310028076172,389415000,0.0,0.0
2023-03-03 00:00:00-05:00,23.268298244670323,23.8470122834048,23.07871895003249,23.837034225463867,412393000,0.0,0.0
2023-03-06 00:00:00-05:00,23.8380361602402,24.194243164611763,23.43493056523591,23.50178337097168,437429000,0.0,0.0
2023-03-07 00:00:00-05:00,23.551677824513874,24.07560247170694,23.193411743392723,23.24031639099121,515154000,0.004,0.0
2023-03-08 00:00:00-05:00,23.438911384313315,24.150452811132357,23.376040646874685,24.13149070739746,513573000,0.0,0.0
2023-03-09 00:00:00-05:00,24.12549713017086,24.403927067293445,23.335119057261018,23.388011932373047,501257000,0.0,0.0
2023-03-10 00:00:00-05:00,23.36106942050816,23.578623466893095,22.679467330163575,22.917978286743164,474866000,0.0,0.0
2023-03-13 00:00:00-04:00,22.705413316762304,23.250294843227117,22.25134506080111,22.918973922729492,421890000,0.0,0.0
2023-03-14 00:00:00-04:00,23.447890629973315,24.169409811888126,23.411963139447696,24.013729095458984,474910000,0.0,0.0
2023-03-15 00:00:00-04:00,23.71234578983034,24.236270399989948,23.31216782093887,24.178390502929688,524486000,0.0,0.0
2023-03-16 00:00:00-04:00,23.977802891862606,25.535605516897093,23.845073897032023,25.48870277404785,583253000,0.0,0.0
2023-03-17 00:00:00-04:00,25.92880464247604,26.34495069136216,25.61544644686534,25.672330856323242,848547000,0.0,0.0
2023-03-20 00:00:00-04:00,25.56255140531931,25.970714347329455,25.07854386503028,25.846967697143555,432747000,0.0,0.0
2023-03-21 00:00:00-04:00,26.126395026788483,26.337960836204616,25.329031245204536,26.145355224609375,547408000,0.0,0.0
2023-03-22 00:00:00-04:00,26.37088997719431,27.532507969585293,26.183275210273973,26.413803100585938,797295000,0.0,0.0
2023-03-23 00:00:00-04:00,27.059477978352234,27.442692460706514,26.635348987272323,27.13532257080078,564889000,0.0,0.0
2023-03-24 00:00:00-04:00,26.975653609349873,27.111374826778054,26.301037139360137,26.72416877746582,454920000,0.0,0.0
2023-03-27 00:00:00-04:00,26.782050151047695,26.944716509158773,26.3110164665487,26.47667694091797,361026000,0.0,0.0
2023-03-28 00:00:00-04:00,26.392849502534016,26.45871435039119,25.7970717555382,26.355924606323242,356104000,0.0,0.0
2023-03-29 00:00:00-04:00,26.770076147029812,27.022556480928984,26.542542341100866,26.928749084472656,393694000,0.0,0.0
2023-03-30 00:00:00-04:00,27.17324699449219,27.44269460926943,27.04650622795167,27.32693099975586,364516000,0.0,0.0
2023-03-31 00:00:00-04:00,27.084430325748205,27.777009606558664,27.04950214041425,27.72012710571289,433933000,0.0,0.0
2023-04-03 00:00:00-04:00,27.452673959085395,27.942667821784,27.280027855037655,27.907739639282227,398716000,0.0,0.0
2023-04-04 00:00:00-04:00,27.908735793018696,27.94266656976958,27.251084780335454,27.396785736083984,368592000,0.0,0.0
2023-04-05 00:00:00-04:00,26.774062779224042,26.942715439128293,26.340951464980066,26.825956344604492,515015000,0.0,0.0
2023-04-06 00:00:00-04:00,26.529566401792227,27.02455108460632,26.372888285157632,26.981639862060547,397654000,0.0,0.0
2023-04-10 00:00:00-04:00,26.768077072918704,27.564443419953324,26.614393073942708,27.52252960205078,395279000,0.0,0.0
2023-04-11 00:00:00-04:00,27.667232866582555,27.733097708803008,27.07045586293639,27.11336898803711,314378000,0.0,0.0
2023-04-12 00:00:00-04:00,27.31395651647884,27.4117554199044,26.39384357131544,26.44074821472168,446259000,0.0,0.0
2023-04-13 00:00:00-04:00,26.67926233700585,26.831948953111812,26.27509277834578,26.408817291259766,353615000,0.0,0.0
2023-04-14 00:00:00-04:00,26.44973120006375,26.827954885781043,26.166312310977247,26.703210830688477,395660000,0.0,0.0
2023-04-17 00:00:00-04:00,26.510605128627287,26.95070210668743,26.37887544680579,26.94671058654785,321471000,0.0,0.0
2023-04-18 00:00:00-04:00,27.476625156577658,28.05244337278638,27.30098493529646,27.610349655151367,604812000,0.0,0.0
2023-04-19 00:00:00-04:00,27.304973482039863,27.942664953460447,27.176237922113327,27.87380599975586,358660000,0.0,0.0
2023-04-20 00:00:00-04:00,27.614338469088974,27.97260451308213,26.94471292728332,27.048500061035156,427713000,0.0,0.0
2023-04-21 00:00:00-04:00,26.896811075410813,27.12733896388513,26.667282494525807,27.06346893310547,345103000,0.0,0.0
2023-04-24 00:00:00-04:00,26.957689535565127,27.309965480209698,26.61638884445198,26.986629486083984,339282000,0.0,0.0
2023-04-25 00:00:00-04:00,27.022557264988468,27.191211864022204,26.17130503524893,26.187271118164062,378527000,0.0,0.0
2023-04-26 00:00:00-04:00,26.94671176186849,27.274039268907778,26.65031901312097,26.90080451965332,406337000,0.0,0.0
2023-04-27 00:00:00-04:00,27.306974277389113,27.438703972842852,26.57048448729234,27.17025375366211,377161000,0.0,0.0
2023-04-28 00:00:00-04:00,27.169255299832017,27.701162985929276,27.015569392110717,27.692182540893555,292216000,0.0,0.0
2023-05-01 00:00:00-04:00,27.782994624988884,28.998501044313812,27.7231180146928,28.85080337524414,570329000,0.0,0.0
2023-05-02 00:00:00-04:00,28.621273856351937,28.776954560836412,28.025496178380074,28.15223503112793,402730000,0.0,0.0
2023-05-03 00:00:00-04:00,27.782997527115576,28.308918916724693,27.415750979636734,27.745075225830078,383387000,0.0,0.0
2023-05-04 00:00:00-04:00,27.594380294690612,27.801954572191782,27.184222567509938,27.505563735961914,321850000,0.0,0.0
2023-05-05 00:00:00-04:00,27.76902351276572,28.696120235561477,27.67421872062941,28.621274948120117,361494000,0.0,0.0
2023-05-08 00:00:00-04:00,28.46359684267218,29.160167550884644,28.291950055367597,29.09130859375,344979000,0.0,0.0
2023-05-09 00:00:00-04:00,28.83982635316878,28.91367423632623,28.3917463228912,28.512496948242188,314869000,0.0,0.0
2023-05-10 00:00:00-04:00,28.945604646457426,29.053385196702436,28.40271989270496,28.825851440429688,369350000,0.0,0.0
2023-05-11 00:00:00-04:00,28.836833229798795,28.89072351358173,28.18816453314951,28.51948356628418,322149000,0.0,0.0
2023-05-12 00:00:00-04:00,28.47058123775665,28.72106862682804,27.988570462268328,28.28196907043457,274222000,0.0,0.0
2023-05-15 00:00:00-04:00,28.44962451405931,28.909680980904948,28.094354488734744,28.893712997436523,293926000,0.0,0.0
2023-05-16 00:00:00-04:00,28.781948713333726,29.808843106968173,28.772968267342456,29.153186798095703,449405000,0.0,0.0
2023-05-17 00:00:00-04:00,29.523421662513595,30.13716212322984,29.369737672158177,30.1162052154541,432535000,0.0,0.0
2023-05-18 00:00:00-04:00,30.347732971846412,31.76282877397273,30.257917101676483,31.613136291503906,748725000,0.0,0.0
2023-05-19 00:00:00-04:00,31.47142600851462,31.51533653819643,30.852696589930833,31.199983596801758,473908000,0.0,0.0
2023-05-22 00:00:00-04:00,30.83772890145582,31.45546287720747,30.617182635048753,31.112167358398438,372000000,0.0,0.0
2023-05-23 00:00:00-04:00,30.936525465603022,31.223935873295638,30.568281535055462,30.625164031982422,356253000,0.0,0.0
2023-05-24 00:00:00-04:00,30.14814019154648,30.54432854642124,29.74496810397816,30.4754695892334,721419000,0.0,0.0
2023-05-25 00:00:00-04:00,38.44411669724596,39.39915781484461,36.559982197378055,37.90222930908203,1543911000,0.0,0.0
2023-05-26 00:00:00-04:00,37.81241541975771,39.08979325980009,37.47311145513567,38.86625289916992,714397000,0.0,0.0
2023-05-30 00:00:00-04:00,40.51187589734803,41.852124379037896,39.86719878603495,40.028865814208984,923401000,0.0,0.0
2023-05-31 00:00:00-04:00,39.40714734389047,40.212494220771234,37.7445581109248,37.756534576416016,1002580000,0.0,0.0
2023-06-01 00:00:00-04:00,38.410189027460895,39.967993574032356,38.2614958531395,39.688568115234375,635873000,0.0,0.0
2023-06-02 00:00:00-04:00,40.014895164925456,40.4170698367897,38.97802122010776,39.2464714050293,482731000,0.0,0.0
2023-06-05 00:00:00-04:00,38.82934042146835,39.483995599655195,38.62775431927066,39.09080505371094,396094000,0.0,0.0
2023-06-06 00:00:00-04:00,38.750494112150655,39.0798164296081,38.069887549884086,38.574851989746094,388729000,0.0,0.0
2023-06-07 00:00:00-04:00,38.8393365135724,39.42220064737449,37.28336583715142,37.40213394165039,511998000,0.004,0.0
2023-06-08 00:00:00-04:00,37.650656098499375,38.78843910356959,37.43208391857247,38.43512725830078,417772000,0.0,0.0
2023-06-09 00:00:00-04:00,38.96108969754948,39.63377886359309,38.49200622084951,38.694610595703125,427717000,0.0,0.0
2023-06-12 00:00:00-04:00,39.12378209838564,39.45313848189554,38.542912981212005,39.40523147583008,388701000,0.0,0.0
2023-06-13 00:00:00-04:00,40.107864800357326,41.0210866253636,39.66273283742683,40.942237854003906,613208000,0.0,0.0
2023-06-14 00:00:00-04:00,40.74461994343987,42.91638744979996,40.47314567377515,42.913394927978516,740465000,0.0,0.0
2023-06-15 00:00:00-04:00,42.519176450195246,43.20484109231197,42.06505921158456,42.57007598876953,568622000,0.0,0.0
2023-06-16 00:00:00-04:00,43.36552302344678,43.635996039851086,42.57805557607221,42.6089973449707,655709000,0.0,0.0
2023-06-20 00:00:00-04:00,42.914401391724816,43.90447325497645,42.591030025374586,43.72282409667969,451153000,0.0,0.0
2023-06-21 00:00:00-04:00,43.41641836747542,43.530198935249985,41.998183661789234,42.9613037109375,551603000,0.0,0.0
2023-06-22 00:00:00-04:00,42.170846843287116,43.341566542076215,42.15188658669768,42.941349029541016,417737000,0.0,0.0
2023-06-23 00:00:00-04:00,42.3814316538767,42.72575823031128,41.93330340139626,42.12692642211914,358140000,0.0,0.0
2023-06-26 00:00:00-04:00,42.378435975213705,42.68084821314237,40.02202672023089,40.55299377441406,594322000,0.0,0.0
2023-06-27 00:00:00-04:00,40.71967293420545,41.858453292545065,40.369357466339395,41.794578552246094,462175000,0.0,0.0
2023-06-28 00:00:00-04:00,40.58094756482351,41.763645026068765,40.439225350764865,41.03705978393555,582639000,0.0,0.0
2023-06-29 00:00:00-04:00,41.47719909021722,41.51911724853508,40.52106150883683,40.74263000488281,380514000,0.0,0.0
2023-06-30 00:00:00-04:00,41.59896098123988,42.467268355429134,41.420308161971434,42.219749450683594,501148000,0.0,0.0
2023-07-03 00:00:00-04:00,42.43433377598921,42.81459352699216,42.11994759159172,42.330535888671875,198209000,0.0,0.0
2023-07-05 00:00:00-04:00,42.053080590984536,43.09305457985884,42.003178561095986,42.2347297668457,323618000,0.0,0.0
2023-07-06 00:00:00-04:00,41.76264195382368,42.09698967937306,41.2656091487607,42.02113723754883,303582000,0.0,0.0
2023-07-07 00:00:00-04:00,42.239708925322894,43.12997664792233,42.097986731680244,42.42035675048828,355881000,0.0,0.0
2023-07-10 00:00:00-04:00,42.574069582991044,42.72776951271603,41.568026064774784,42.09799575805664,353908000,0.0,0.0
2023-07-11 00:00:00-04:00,42.398400353937646,42.67486219078261,41.98520766702778,42.322547912597656,298244000,0.0,0.0
2023-07-12 00:00:00-04:00,42.94933285605686,43.84957954428274,42.69383007327396,43.81664276123047,481277000,0.0,0.0
2023-07-13 00:00:00-04:00,44.43144099690916,46.06525525133524,44.405490576503716,45.887603759765625,478204000,0.0,0.0
2023-07-14 00:00:00-04:00,46.492428621249765,47.99450350820883,44.972390985691305,45.38059616088867,772075000,0.0,0.0
2023-07-17 00:00:00-04:00,46.19900003919172,46.40559448511717,45.17399644703976,46.370662689208984,510488000,0.0,0.0
2023-07-18 00:00:00-04:00,46.61019966194242,47.8028759240553,45.645080740043866,47.40165710449219,569164000,0.0,0.0
2023-07-19 00:00:00-04:00,47.37171073363014,47.7250225002053,46.65111448328101,46.9854621887207,427502000,0.0,0.0
2023-07-20 00:00:00-04:00,46.41657614955658,46.99545027981004,44.974385975713794,45.431495666503906,537865000,0.0,0.0
2023-07-21 00:00:00-04:00,45.698971418551594,45.776822685139486,44.01425371443011,44.22284698486328,963769000,0.0,0.0
2023-07-24 00:00:00-04:00,44.644032862073885,45.02130011597327,43.954378225037345,44.525264739990234,382516000,0.0,0.0
2023-07-25 00:00:00-04:00,44.85362675642214,46.09320880823953,44.83566019898798,45.59019088745117,348081000,0.0,0.0
2023-07-26 00:00:00-04:00,45.93151847506049,45.96345774796509,44.54322423850326,45.363624572753906,364237000,0.0,0.0
2023-07-27 00:00:00-04:00,46.42855649018283,47.302852779891246,45.66105061247082,45.810760498046875,455976000,0.0,0.0
2023-07-28 00:00:00-04:00,46.57726209617673,46.93556524542494,46.29082136263418,46.65910339355469,331194000,0.0,0.0
2023-07-31 00:00:00-04:00,46.66309454574556,47.03836291442901,46.41557565297474,46.63814163208008,251055000,0.0,0.0
2023-08-01 00:00:00-04:00,46.36967069517526,46.80881767569898,45.93751388194452,46.41658020019531,237858000,0.0,0.0
2023-08-02 00:00:00-04:00,45.741897261987354,45.75087863735261,43.302648610435476,44.18293380737305,530142000,0.0,0.0
2023-08-03 00:00:00-04:00,43.714841517541664,45.03027980086514,43.714841517541664,44.42845153808594,324176000,0.0,0.0
2023-08-04 00:00:00-04:00,44.897531651391645,45.55325186395774,44.30668368202593,44.59312438964844,362666000,0.0,0.0
2023-08-07 00:00:00-04:00,45.02328860387296,45.451455331655026,44.47635377122551,45.32869338989258,322154000,0.0,0.0
2023-08-08 00:00:00-04:00,44.76579924242118,45.1540429033625,43.97034785445162,44.57716751098633,353843000,0.0,0.0
2023-08-09 00:00:00-04:00,44.187917131866904,44.22584525940291,42.05207850406444,42.47126388549805,586449000,0.0,0.0
2023-08-10 00:00:00-04:00,42.07802662294512,43.489278793199354,41.75365777083557,42.30558395385742,492705000,0.0,0.0
2023-08-11 00:00:00-04:00,41.669820039034846,41.93630299373014,40.55998266636193,40.77556228637695,533085000,0.0,0.0
2023-08-14 00:00:00-04:00,40.40728424676243,43.714840105511556,40.23262525589616,43.667930603027344,690286000,0.0,0.0
2023-08-15 00:00:00-04:00,44.473365790467945,45.17998944739272,43.62501611478745,43.85456848144531,676512000,0.0,0.0
2023-08-16 00:00:00-04:00,44.43343721611258,44.588134620821634,43.321601018047524,43.40144729614258,527451000,0.0,0.0
2023-08-17 00:00:00-04:00,43.884505920253574,43.97632609118521,42.91738827793847,43.25972366333008,452395000,0.0,0.0
2023-08-18 00:00:00-04:00,42.55209903416188,43.49326626137414,41.57899634242321,43.21480941772461,583768000,0.0,0.0
2023-08-21 00:00:00-04:00,44.40749503476182,46.97349568922654,44.13602449197177,46.87568664550781,692573000,0.0,0.0
2023-08-22 00:00:00-04:00,48.041406896438666,48.09330773941367,45.24485683130546,45.57920455932617,755293000,0.0,0.0
2023-08-23 00:00:00-04:00,45.77682161070316,47.10822748349232,45.12010004821166,47.024391174316406,779046000,0.0,0.0
2023-08-24 00:00:00-04:00,50.118361983877634,50.16826400478164,47.067306662299096,47.07129669189453,1156044000,0.0,0.0
2023-08-25 00:00:00-04:00,46.9205868658926,47.71204415760056,44.936449732101195,45.92852020263672,925341000,0.0,0.0
2023-08-28 00:00:00-04:00,46.3916241394205,46.88865698143186,44.800725372190506,46.74393844604492,685192000,0.0,0.0
2023-08-29 00:00:00-04:00,46.57526237156326,48.98556752704201,46.30079556232575,48.689144134521484,701397000,0.0,0.0
2023-08-30 00:00:00-04:00,48.94863943193041,49.82992198159772,48.330843509784565,49.168212890625,735206000,0.0,0.0
2023-08-31 00:00:00-04:00,49.283989932424504,49.64728061160453,48.86280955740575,49.259037017822266,528570000,0.0,0.0
2023-09-01 00:00:00-04:00,49.66524637506185,49.7031706927899,48.0483934780796,48.41468048095703,463830000,0.0,0.0
2023-09-05 00:00:00-04:00,48.129240595849275,48.75602175102256,47.76694740479326,48.453609466552734,382653000,0.0,0.0
2023-09-06 00:00:00-04:00,48.35080099771677,48.45859779156676,46.49326626281809,46.97336959838867,468670000,0.004,0.0
2023-09-07 00:00:00-04:00,45.44023319735737,46.257708449088824,45.067926633125616,46.15489959716797,433330000,0.0,0.0
2023-09-08 00:00:00-04:00,45.8564467422701,46.51920787567737,45.18669486734432,45.48713302612305,473069000,0.0,0.0
2023-09-11 00:00:00-04:00,46.062063171640766,46.07703462980452,44.229483586598796,45.0938720703125,473966000,0.0,0.0
2023-09-12 00:00:00-04:00,44.6546914479524,45.587951736657104,44.44807617569655,44.78644561767578,349256000,0.0,0.0
2023-09-13 00:00:00-04:00,44.51695619617833,45.84448165087657,44.42013668198633,45.40031051635742,398355000,0.0,0.0
2023-09-14 00:00:00-04:00,45.86443278415264,45.90136263395265,45.0469576802591,45.49612045288086,370097000,0.0,0.0
2023-09-15 00:00:00-04:00,45.25657120735263,45.5140902129406,43.726424825872876,43.81825637817383,506831000,0.0,0.0
2023-09-18 00:00:00-04:00,42.66840557284806,44.15962327078049,41.92179723034894,43.88413619995117,500271000,0.0,0.0
2023-09-19 00:00:00-04:00,43.7513779115944,43.8841296709857,42.921924053303314,43.438961029052734,373064000,0.0,0.0
2023-09-20 00:00:00-04:00,43.51881278602881,43.82124998391259,42.14437793528599,42.16034698486328,367108000,0.0,0.0
2023-09-21 00:00:00-04:00,41.50556449339025,42.02160003234205,40.90368675780257,40.940616607666016,450736000,0.0,0.0
2023-09-22 00:00:00-04:00,41.49459285327168,42.036584881029356,41.1542281804466,41.53252410888672,479236000,0.0,0.0
2023-09-25 00:00:00-04:00,41.51355366859355,42.4567936946112,41.1003231092512,42.14337921142578,419091000,0.0,0.0
2023-09-26 00:00:00-04:00,41.92279843351321,42.740273793651255,41.57744197547374,41.83296585083008,402282000,0.0,0.0
2023-09-27 00:00:00-04:00,42.2511801171412,42.79217068875673,41.55148521974545,42.388919830322266,444935000,0.0,0.0
2023-09-28 00:00:00-04:00,42.38092828086827,43.36509217094579,42.03657334360293,43.008758544921875,424663000,0.0,0.0
2023-09-29 00:00:00-04:00,43.74538760189782,44.06179864340564,43.22635545841842,43.417999267578125,397830000,0.0,0.0
2023-10-02 00:00:00-04:00,43.948009813372195,45.09087814744479,43.77932579033049,44.698612213134766,433298000,0.0,0.0
2023-10-03 00:00:00-04:00,44.7245629218231,45.045965740925496,43.16547120468859,43.43596649169922,470850000,0.0,0.0
2023-10-04 00:00:00-04:00,43.66055277170503,44.06080708258773,43.21138991227506,43.9589958190918,361821000,0.0,0.0
2023-10-05 00:00:00-04:00,43.967973455641534,44.816392949836604,43.80627636575413,44.60478591918945,393483000,0.0,0.0
2023-10-06 00:00:00-04:00,44.11070601288464,45.70373466330227,43.944017177662325,45.67678451538086,434436000,0.0,0.0
2023-10-09 00:00:00-04:00,44.75849682767498,45.52007649973999,44.28538045832398,45.18869400024414,409675000,0.0,0.0
2023-10-10 00:00:00-04:00,45.225624939795324,46.17285521109452,45.00403822708207,45.71271514892578,368582000,0.0,0.0
2023-10-11 00:00:00-04:00,46.109976834306515,46.77174426177856,45.96424879463127,46.718841552734375,378137000,0.0,0.0
2023-10-12 00:00:00-04:00,46.68989185981617,47.52034323269725,46.24372566858878,46.85757827758789,481325000,0.0,0.0
2023-10-13 00:00:00-04:00,46.87255194030723,47.02826348384449,45.195680068516225,45.3763427734375,474115000,0.0,0.0
2023-10-16 00:00:00-04:00,44.97909439315566,46.13892955114849,44.82837457379921,46.00917434692383,375099000,0.0,0.0
2023-10-17 00:00:00-04:00,43.91807074145932,44.67066838631244,42.40090056802487,43.85618591308594,812333000,0.0,0.0
2023-10-18 00:00:00-04:00,42.511692770661035,43.13852556211427,41.7471202631781,42.117427825927734,627294000,0.0,0.0
2023-10-19 00:00:00-04:00,42.73128289845607,43.21637798376251,41.8040119269262,42.022605895996094,501233000,0.0,0.0
2023-10-20 00:00:00-04:00,41.81199440818419,42.39091619548763,41.00150619051564,41.309932708740234,477266000,0.0,0.0
2023-10-23 00:00:00-04:00,41.152230295210934,43.1674718539468,40.86875871685224,42.89497756958008,478530000,0.0,0.0
2023-10-24 00:00:00-04:00,42.99678065247912,43.61562500762833,42.61150169448096,43.581687927246094,401463000,0.0,0.0
2023-10-25 00:00:00-04:00,43.317195049761395,43.56872855601065,41.477628067612955,41.701210021972656,398379000,0.0,0.0
2023-10-26 00:00:00-04:00,41.775064849583806,42.17731428874224,39.80573926150373,40.25090789794922,541001000,0.0,0.0
2023-10-27 00:00:00-04:00,41.053411354619094,41.1292700454015,39.94048596248548,40.424583435058594,416784000,0.0,0.0
2023-10-30 00:00:00-04:00,41.01049469201982,41.68822738791205,40.405620307517786,41.084354400634766,388028000,0.0,0.0
2023-10-31 00:00:00-04:00,40.37468366362989,40.80288572703797,39.15695406100747,40.70406723022461,517969000,0.0,0.0
2023-11-01 00:00:00-04:00,40.807870455778854,42.30208459844571,40.79289899587781,42.24618911743164,437593000,0.0,0.0
2023-11-02 00:00:00-04:00,43.24731404731201,43.802278424689874,42.814124127350155,43.424983978271484,409172000,0.0,0.0
2023-11-03 00:00:00-04:00,43.93803330221259,45.22463078266812,43.641585445769095,44.921199798583984,424610000,0.0,0.0
2023-11-06 00:00:00-05:00,45.20067395834923,45.849465106470674,44.815391150878824,45.66580581665039,400733000,0.0,0.0
2023-11-07 00:00:00-05:00,45.63386992886557,46.13193749816825,45.073913725971586,45.86943054199219,343165000,0.0,0.0
2023-11-08 00:00:00-05:00,46.01416154146456,46.77973551029514,45.88240735230462,46.487281799316406,346719000,0.0,0.0
2023-11-09 00:00:00-05:00,47.378607266813916,48.1401869158154,46.662943389487246,46.862571716308594,540496000,0.0,0.0
2023-11-10 00:00:00-05:00,47.41155837114357,48.38174869797084,47.19496335402622,48.24500274658203,421245000,0.0,0.0
2023-11-13 00:00:00-05:00,48.23002031531456,49.02453947075824,48.009431181663935,48.52946090698242,384136000,0.0,0.0
2023-11-14 00:00:00-05:00,49.58749498042509,49.74120755867973,48.948687284637685,49.56353759765625,416954000,0.0,0.0
2023-11-15 00:00:00-05:00,49.8420139297863,49.86696509098912,48.11024418489581,48.79696273803711,475497000,0.0,0.0
2023-11-16 00:00:00-05:00,48.588356005845505,49.432781344923285,48.240006851203624,49.38786315917969,339756000,0.0,0.0
2023-11-17 00:00:00-05:00,49.43178439121729,49.62442581647781,48.9157487529458,49.206207275390625,325205000,0.0,0.0
2023-11-20 00:00:00-05:00,49.22017477900762,50.45387324372552,49.08941820057832,50.31513214111328,414120000,0.0,0.0
2023-11-21 00:00:00-05:00,50.03265822480747,50.42292897370047,49.130342262240724,49.85099792480469,565747000,0.0,0.0
2023-11-22 00:00:00-05:00,49.759164546453185,50.24126298029007,47.6011881616042,48.62527847290039,899420000,0.0,0.0
2023-11-24 00:00:00-05:00,48.37974638442562,48.829906801279186,47.656094105123046,47.68703842163086,294645000,0.0,0.0
2023-11-27 00:00:00-05:00,47.7109937696309,48.43963402417859,47.56327053938668,48.15217208862305,395662000,0.0,0.0
2023-11-28 00:00:00-05:00,48.146180818273855,48.233020614585215,47.38460109717888,47.73195266723633,401491000,0.0,0.0
2023-11-29 00:00:00-05:00,48.288914999950215,48.67120123627393,47.7708804254883,48.050357818603516,382005000,0.0,0.0
2023-11-30 00:00:00-05:00,47.93458151014452,48.020423730668426,46.33556692252438,46.682918548583984,526247000,0.0,0.0
2023-12-01 00:00:00-05:00,46.43837031596677,47.11211268040661,46.10099843511436,46.677921295166016,369317000,0.0,0.0
2023-12-04 00:00:00-05:00,45.99120035967438,45.99120035967438,44.926185864436995,45.425254821777344,437543000,0.0,0.0
2023-12-05 00:00:00-05:00,45.385328820380614,46.51731562556562,45.19067511548695,46.48337936401367,371718000,0.004,0.0
2023-12-06 00:00:00-05:00,47.13122044302318,47.302916124514056,45.33141833887503,45.42225646972656,380590000,0.0,0.0
2023-12-07 00:00:00-05:00,45.6189146142351,46.54626712955494,45.52308427817849,46.51332473754883,350823000,0.0,0.0
2023-12-08 00:00:00-05:00,46.51232056625321,47.65628695136218,46.467398436529756,47.42170333862305,359224000,0.0,0.0
2023-12-11 00:00:00-05:00,47.40673492251671,47.446661054028745,45.74868283771919,46.54426574707031,509728000,0.0,0.0
2023-12-12 00:00:00-05:00,45.96430321028968,47.581427820158346,45.96430321028968,47.572444915771484,372387000,0.0,0.0
2023-12-13 00:00:00-05:00,47.54449647259797,48.507784486050255,47.523533822968744,48.002681732177734,447792000,0.0,0.0
2023-12-14 00:00:00-05:00,48.30413587026834,48.58363781796952,47.33785498826681,48.26420593261719,391232000,0.0,0.0
2023-12-15 00:00:00-05:00,48.10848518903452,49.31633726064535,48.034615184125286,48.80324935913086,479948000,0.0,0.0
2023-12-18 00:00:00-05:00,49.31235079913167,50.34351507731144,49.062794375670336,49.9881477355957,412587000,0.0,0.0
2023-12-19 00:00:00-05:00,49.33630266590499,49.61181391094036,48.80824198487287,49.51598358154297,464444000,0.0,0.0
2023-12-20 00:00:00-05:00,49.5668939044448,49.91028529819524,48.012657344636494,48.025634765625,397894000,0.0,0.0
2023-12-21 00:00:00-05:00,48.724392927903814,49.007889407965415,48.333086371904265,48.903076171875,300425000,0.0,0.0
2023-12-22 00:00:00-05:00,49.107712672335644,49.29537882848635,48.38100372795406,48.74336242675781,252507000,0.0,0.0
2023-12-26 00:00:00-05:00,48.88110985273242,49.51198840359391,48.873124626710656,49.191558837890625,244200000,0.0,0.0
2023-12-27 00:00:00-05:00,49.42315780443188,49.591856680513665,48.997911127361846,49.329322814941406,233648000,0.0,0.0
2023-12-28 00:00:00-05:00,49.554922947314495,49.795492674643874,49.324329994165225,49.43413543701172,246587000,0.0,0.0
2023-12-29 00:00:00-05:00,49.724619498674286,49.908294957673476,48.664503467597335,49.43413543701172,389293000,0.0,0.0
2024-01-02 00:00:00-05:00,49.15661805673898,49.20752624943747,47.51054587491967,48.08252716064453,411254000,0.0,0.0
2024-01-03 00:00:00-05:00,47.40074185532866,48.098499031561545,47.23603372218609,47.48459243774414,320896000,0.0,0.0
2024-01-04 00:00:00-05:00,47.68224124777032,48.413942329548256,47.42370194062123,47.91283416748047,306535000,0.0,0.0
2024-01-05 00:00:00-05:00,48.37600851565981,49.459082326064205,48.22028328844258,49.00988006591797,415039000,0.0,0.0
2024-01-08 00:00:00-05:00,49.424155596522276,52.18225389964643,49.39121320158821,52.1602897644043,642510000,0.0,0.0
2024-01-09 00:00:00-05:00,52.30802809263291,54.22861420741035,51.598287244233845,53.04571533203125,773100000,0.0,0.0
2024-01-10 00:00:00-05:00,53.52087170860792,54.50312317370562,53.39409433002728,54.25356674194336,533796000,0.0,0.0
2024-01-11 00:00:00-05:00,54.90141170121365,55.24779611496442,53.46496584925973,54.72472381591797,596759000,0.0,0.0
2024-01-12 00:00:00-05:00,54.52307840206245,54.87245962885345,54.23359588697403,54.612918853759766,352994000,0.0,0.0
2024-01-16 00:00:00-05:00,54.920385030235444,56.734158722808395,54.80259436306696,56.28196334838867,449580000,0.0,0.0
2024-01-17 00:00:00-05:00,56.24702168282456,56.37080221365978,54.642874592370525,55.95354461669922,474394000,0.0,0.0
2024-01-18 00:00:00-05:00,57.15840086229008,57.497797746406825,56.00744677307047,57.005672454833984,491650000,0.0,0.0
2024-01-19 00:00:00-05:00,57.88610696898355,59.394427545023596,57.12346261571884,59.38544464111328,543501000,0.0,0.0
2024-01-22 00:00:00-05:00,59.942452516713104,60.223953645882176,58.96518950299891,59.548152923583984,452955000,0.0,0.0
2024-01-23 00:00:00-05:00,59.46430561582059,59.803702511682395,58.48105267598879,59.76676940917969,294654000,0.0,0.0
2024-01-24 00:00:00-05:00,60.19700279855746,62.73748534909312,59.831651069260054,61.25312423706055,560271000,0.0,0.0
2024-01-25 00:00:00-05:00,62.23937252647403,62.607721109617174,60.742033936667,61.50767517089844,482777000,0.0,0.0
2024-01-26 00:00:00-05:00,60.85183724757184,61.67337885004867,60.465526677085045,60.92271041870117,390309000,0.0,0.0
2024-01-29 00:00:00-05:00,61.12335021592604,62.37811980223714,60.798929932553925,62.354164123535156,348733000,0.0,0.0
2024-01-30 00:00:00-05:00,62.788396424260334,63.38034275629544,62.14952879417416,62.66261672973633,410735000,0.0,0.0
2024-01-31 00:00:00-05:00,61.33099160859471,62.158523170614345,60.59230665111332,61.41783905029297,453795000,0.0,0.0
2024-02-01 00:00:00-05:00,61.98981163068563,63.07887923181449,61.5406131324354,62.91516876220703,369146000,0.0,0.0
2024-02-02 00:00:00-05:00,63.8604917267368,66.48183193924027,63.57699522405565,66.04261779785156,476578000,0.0,0.0
2024-02-05 00:00:00-05:00,68.10393877262449,69.37368488045085,67.085752030502,69.20897674560547,680078000,0.0,0.0
2024-02-06 00:00:00-05:00,69.50644505901005,69.63022558045657,66.18235963384292,68.10194396972656,683111000,0.0,0.0
2024-02-07 00:00:00-05:00,68.19777661316522,70.09540449820057,67.48005062301553,69.97461700439453,495575000,0.0,0.0
2024-02-08 00:00:00-05:00,69.94964819029468,70.66837173802037,69.33175095808991,69.51741790771484,414422000,0.0,0.0
2024-02-09 00:00:00-05:00,70.40786779391557,72.05693748338919,70.08743811818825,72.00503540039062,436637000,0.0,0.0
2024-02-12 00:00:00-05:00,72.47117717433613,74.4786104438433,71.12357413495056,72.11980438232422,613710000,0.0,0.0
2024-02-13 00:00:00-05:00,70.27510691021548,73.31969142351917,69.49649190429426,72.00003814697266,602580000,0.0,0.0
2024-02-14 00:00:00-05:00,73.0721231436502,74.10428513350574,71.81036588559786,73.76888275146484,504917000,0.0,0.0
2024-02-15 00:00:00-05:00,73.73793302512789,73.8437401296513,72.27153779440317,72.5290756225586,420122000,0.0,0.0
2024-02-16 00:00:00-05:00,73.96850692718213,74.2699729733596,72.37234535124092,72.48414611816406,495327000,0.0,0.0
2024-02-20 00:00:00-05:00,71.81934169951924,71.82832841143384,67.61381946264177,69.32877349853516,704833000,0.0,0.0
2024-02-21 00:00:00-05:00,67.88533642606332,68.76577530674938,66.13045996080022,67.35228729248047,673755000,0.0,0.0
2024-02-22 00:00:00-05:00,74.8918837924214,78.43558041658676,74.08831180865685,78.39865112304688,865100000,0.0,0.0
2024-02-23 00:00:00-05:00,80.64665337566204,82.24780364536768,77.4323654765101,78.67715454101562,829388000,0.0,0.0
2024-02-26 00:00:00-05:00,79.55858308487059,80.5029113343283,78.36570371037314,78.95166778564453,503973000,0.0,0.0
2024-02-27 00:00:00-05:00,79.24014935736925,79.33898034064636,77.0250924240117,78.56135559082031,391705000,0.0,0.0
2024-02-28 00:00:00-05:00,77.48228454390929,78.79295085611872,76.98816006177154,77.52520751953125,393110000,0.0,0.0
2024-02-29 00:00:00-05:00,78.95365284686739,79.84805903387235,78.2109697529952,78.97161865234375,507289000,0.0,0.0
2024-03-01 00:00:00-05:00,79.85804776923267,82.15396968894088,79.29404786978826,82.13300323486328,479135000,0.0,0.0
2024-03-04 00:00:00-05:00,83.98073146925641,87.5394087840452,83.5704651854909,85.08576965332031,615616000,0.0,0.0
2024-03-05 00:00:00-05:00,85.12270452666515,85.94827947163024,83.2729084960246,85.81550598144531,520639000,0.004,0.0
2024-03-06 00:00:00-05:00,87.86993807352297,89.56899358821315,86.87964744648528,88.54676055908203,582520000,0.0,0.0
2024-03-07 00:00:00-05:00,90.00224735235656,92.60674140930558,89.44720809741612,92.5089111328125,608119000,0.0,0.0
2024-03-08 00:00:00-05:00,94.97364703765751,97.23174040772027,86.35655527181379,87.37679290771484,1142269000,0.0,0.0
2024-03-11 00:00:00-04:00,86.27969121669621,88.64359662209651,84.02060015441661,85.62582397460938,678364000,0.0,0.0
2024-03-12 00:00:00-04:00,87.89689583589372,91.80113493638854,86.0011743538899,91.75421905517578,668075000,0.0,0.0
2024-03-13 00:00:00-04:00,90.89770650975179,91.34592838246506,88.28222971094472,90.73099517822266,635713000,0.0,0.0
2024-03-14 00:00:00-04:00,89.42225831640668,90.48941185201531,86.45039611721776,87.79207611083984,602318000,0.0,0.0
2024-03-15 00:00:00-04:00,86.77983369344113,89.39131202190967,86.10799973550625,87.68526458740234,642086000,0.0,0.0
2024-03-18 00:00:00-04:00,90.2318598178106,92.24537384693531,86.93456418081807,88.30220031738281,668976000,0.0,0.0
2024-03-19 00:00:00-04:00,86.55021612428985,90.38757708954982,84.86314090656104,89.24356079101562,672171000,0.0,0.0
2024-03-20 00:00:00-04:00,89.6418701073994,90.25381771221527,88.07059173697641,90.21588134765625,479063000,0.0,0.0
2024-03-21 00:00:00-04:00,92.140557424416,92.48795583781609,90.24882671788191,91.27704620361328,480372000,0.0,0.0
2024-03-22 00:00:00-04:00,90.9835495525749,94.61426754269417,90.67708069798141,94.12611389160156,586719000,0.0,0.0
2024-03-25 00:00:00-04:00,93.77870376975639,96.59882008344006,93.34844863498571,94.8378677368164,552136000,0.0,0.0
2024-03-26 00:00:00-04:00,95.68541767838448,96.20851455285562,92.34220396856466,92.4011001586914,513648000,0.0,0.0
2024-03-27 00:00:00-04:00,92.95115660792449,93.07893385392306,88.96904884364167,90.09410095214844,586067000,0.0,0.0
2024-03-28 00:00:00-04:00,89.8445176119648,91.14227480173439,89.03891256279711,90.19990539550781,435212000,0.0,0.0
2024-04-01 00:00:00-04:00,90.14300911365386,92.0656767674512,89.04989954343785,90.20689392089844,452441000,0.0,0.0
2024-04-02 00:00:00-04:00,88.29520668047454,89.93836697964663,87.46864171818919,89.29747772216797,433064000,0.0,0.0
2024-04-03 00:00:00-04:00,88.33114383542578,90.21787822523544,88.24728931215489,88.81031036376953,370067000,0.0,0.0
2024-04-04 00:00:00-04:00,90.24980742241583,90.4774179638533,85.73162583573242,85.75658416748047,434965000,0.0,0.0
2024-04-05 00:00:00-04:00,86.71593914747515,88.32815477151372,85.77756814573236,87.85597229003906,399678000,0.0,0.0
2024-04-08 00:00:00-04:00,88.54675414355297,88.67653442305598,86.5821594652945,86.98246765136719,283220000,0.0,0.0
2024-04-09 00:00:00-04:00,87.29093308519522,87.48360044285332,82.87857107978263,85.20653533935547,501700000,0.0,0.0
2024-04-10 00:00:00-04:00,83.78102746556362,87.24902545092569,83.56439945092491,86.8886489868164,431929000,0.0,0.0
2024-04-11 00:00:00-04:00,87.2689793680449,90.58224601063488,86.77583708331596,90.45945739746094,431637000,0.0,0.0
2024-04-12 00:00:00-04:00,89.54404775764081,90.01923104025528,87.37879585703206,88.03366088867188,426805000,0.0,0.0
2024-04-15 00:00:00-04:00,88.94407438415881,90.45645646962656,85.78055040974887,85.85242462158203,443077000,0.0,0.0
2024-04-16 00:00:00-04:00,86.2836713637175,87.96575781048008,85.91531319822654,87.26397705078125,370453000,0.0,0.0
2024-04-17 00:00:00-04:00,88.18738725935935,88.62164096734257,83.80497167986917,83.88983154296875,495400000,0.0,0.0
2024-04-18 00:00:00-04:00,84.82321393436638,86.0411075798554,82.25964941091485,84.52472686767578,447260000,0.0,0.0
2024-04-19 00:00:00-04:00,83.00637428065669,84.17834237736079,75.47540651529913,76.06837463378906,875198000,0.0,0.0
2024-04-22 00:00:00-04:00,77.96907171420484,79.93467203595871,76.26802061217705,79.38063049316406,596341000,0.0,0.0
2024-04-23 00:00:00-04:00,80.6294820720588,82.62602740194592,80.12535711810007,82.28062438964844,438559000,0.0,0.0
2024-04-24 00:00:00-04:00,83.80497344877082,83.93674919660243,79.0462101404743,79.53936004638672,512208000,0.0,0.0
2024-04-25 00:00:00-04:00,78.73175253009703,83.1790583894206,78.08787011237102,82.4892578125,424641000,0.0,0.0
2024-04-26 00:00:00-04:00,83.67321658546781,88.17842147858853,83.2429613231266,87.58345031738281,551011000,0.0,0.0
2024-04-29 00:00:00-04:00,87.44366977250507,87.83997945690294,85.11869103843989,87.60539245605469,388971000,0.0,0.0
2024-04-30 00:00:00-04:00,87.08929643239856,88.66557118869024,86.15092540038592,86.25274658203125,363709000,0.0,0.0
2024-05-01 00:00:00-04:00,84.93001509196907,85.85141694267458,81.11461218464028,82.89752960205078,559863000,0.0,0.0
2024-05-02 00:00:00-04:00,84.30311392551386,86.08802721004574,83.05627099401435,85.66875457763672,377898000,0.0,0.0
2024-05-03 00:00:00-04:00,87.6373400551101,89.12675929539812,86.8896334546632,88.63561248779297,398341000,0.0,0.0
2024-05-06 00:00:00-04:00,89.23557056109705,92.06068332323404,88.90115021604193,91.98081970214844,376203000,0.0,0.0
2024-05-07 00:00:00-04:00,90.94063437830519,91.62245320483287,88.8572415302883,90.39757537841797,437342000,0.0,0.0
2024-05-08 00:00:00-04:00,89.32842516703573,91.03646805439529,89.26553046184982,90.25582122802734,325721000,0.0,0.0
2024-05-09 00:00:00-04:00,90.37260819958134,90.91466942223298,88.07858152551931,88.59368896484375,378013000,0.0,0.0
2024-05-10 00:00:00-04:00,90.14901217503873,91.24311967224041,89.07287133117944,89.72274780273438,335325000,0.0,0.0
2024-05-13 00:00:00-04:00,90.32169428450598,90.84080023922876,88.37606371894472,90.24283599853516,289680000,0.0,0.0
2024-05-14 00:00:00-04:00,89.44422015487879,91.49267735254841,88.78036800318161,91.19818878173828,296507000,0.0,0.0
2024-05-15 00:00:00-04:00,92.31225306463462,94.69812368698847,91.44076009123388,94.46652221679688,417735000,0.0,0.0
2024-05-16 00:00:00-04:00,94.74604213563502,95.65346838301872,93.94042944222824,94.19599151611328,323952000,0.0,0.0
2024-05-17 00:00:00-04:00,94.20597874528181,94.57633241179128,91.64740285082287,92.3192367553711,359691000,0.0,0.0
2024-05-20 00:00:00-04:00,93.58805245494568,95.03554461976276,93.27859039868353,94.61627197265625,318764000,0.0,0.0
2024-05-21 00:00:00-04:00,93.43730641374981,95.23519767784772,93.01903151729087,95.22122192382812,328946000,0.0,0.0
2024-05-22 00:00:00-04:00,95.29409598809328,95.85412388547536,93.08791463591838,94.78597259521484,548648000,0.0,0.0
2024-05-23 00:00:00-04:00,101.85175314144693,106.1363388077003,101.34462744914427,103.61969757080078,835065000,0.0,0.0
2024-05-24 00:00:00-04:00,104.2685576920773,106.29105867121642,102.82206339543845,106.28507232666016,429494000,0.0,0.0
2024-05-28 00:00:00-04:00,110.05354384473526,114.74043237669933,109.69316745366345,113.7042236328125,652728000,0.0,0.0
2024-05-29 00:00:00-04:00,112.8547051589029,115.29248024146612,110.70941556106891,114.62663269042969,557442000,0.0,0.0
2024-05-30 00:00:00-04:00,114.45194499585061,115.61892428256706,109.47356046717066,110.30911254882812,484553000,0.0,0.0
2024-05-31 00:00:00-04:00,112.32561724375552,112.52228313915187,106.75526253688238,109.44361114501953,613263000,0.0,0.0
2024-06-03 00:00:00-04:00,113.42472260342709,114.80133819580078,111.80951385006522,114.80133819580078,438392000,0.0,0.0
2024-06-04 00:00:00-04:00,115.51609997186799,116.39856789561996,113.84798144289938,116.23584747314453,403324000,0.0,0.0
2024-06-05 00:00:00-04:00,118.16652151115385,122.23747225440593,117.26508152569082,122.2284927368164,528402000,0.0,0.0
2024-06-06 00:00:00-04:00,123.83371299207869,125.37005594832782,118.1156108470622,120.78898620605469,664696000,0.0,0.0
2024-06-07 00:00:00-04:00,119.56310374577737,121.48178833918006,117.81812979264019,120.6791763305664,412386000,0.0,0.0
2024-06-10 00:00:00-04:00,120.16206756268633,122.88734731323206,116.80787124184927,121.5796127319336,313434100,0.0,10.0
2024-06-11 00:00:00-04:00,121.56962984389475,122.66782593913159,118.54461678500223,120.71105194091797,222551200,0.01,0.0
2024-06-12 00:00:00-04:00,122.85750988511934,126.67122400488891,122.36831828276222,124.99398803710938,299595000,0.0,0.0
2024-06-13 00:00:00-04:00,129.17707407207072,129.58640302855855,126.95074804505506,129.39671325683594,260704500,0.0,0.0
2024-06-14 00:00:00-04:00,129.7461556011969,132.62140615970972,128.10885485479358,131.66299438476562,309320400,0.0,0.0
2024-06-17 00:00:00-04:00,132.77118307637525,133.5099557271365,129.3667902512595,130.7644805908203,288504400,0.0,0.0
2024-06-18 00:00:00-04:00,130.92420671975586,136.10566894087242,130.47495024767164,135.35690307617188,294335100,0.0,0.0
2024-06-20 00:00:00-04:00,139.56996619369176,140.52837801062054,129.30688285479897,130.56480407714844,517768400,0.0,0.0
2024-06-21 00:00:00-04:00,126.91083052082259,130.4150570517715,124.09547105255645,126.36173248291016,649445800,0.0,0.0
2024-06-24 00:00:00-04:00,123.03720520530106,124.25519890170064,117.84576490444155,117.9156494140625,476060900,0.0,0.0
2024-06-25 00:00:00-04:00,121.00056206941291,126.29184395373642,119.1236583558784,125.88251495361328,414192600,0.0,0.0
2024-06-26 00:00:00-04:00,125.92244899462368,127.90917229563556,122.39825886605338,126.19200897216797,362975900,0.0,0.0
2024-06-27 00:00:00-04:00,123.89580747213047,126.2020118359468,122.71774870964305,123.7859878540039,252571700,0.0,0.0
2024-06-28 00:00:00-04:00,124.37501298465715,127.49986001719877,122.54802231076043,123.33672332763672,315516700,0.0,0.0
2024-07-01 00:00:00-04:00,123.26683813440599,124.6345790000873,118.63447360818265,124.09547424316406,284885500,0.0,0.0
2024-07-02 00:00:00-04:00,120.93066533405532,123.20691975674896,120.83083141775005,122.46813201904297,218374000,0.0,0.0
2024-07-03 00:00:00-04:00,121.45980705227005,128.06890869140625,121.16029766804549,128.06890869140625,215749000,0.0,0.0
2024-07-05 00:00:00-04:00,127.17039258704797,128.63798252741702,125.47319299554034,125.6229476928711,214176700,0.0,0.0
2024-07-08 00:00:00-04:00,127.28019823232947,130.55480700867955,126.83094180644568,127.98902893066406,237677300,0.0,0.0
2024-07-09 00:00:00-04:00,130.1355144487565,133.59980576329167,128.43829962119838,131.163818359375,285366600,0.0,0.0
2024-07-10 00:00:00-04:00,133.8094467425138,134.87769332438475,132.20209545632153,134.68800354003906,248978600,0.0,0.0
2024-07-11 00:00:00-04:00,135.52662745493282,135.92596317348227,126.84094609019272,127.19036865234375,374782700,0.0,0.0
2024-07-12 00:00:00-04:00,128.04896049446677,131.70294212873284,127.01067837288572,129.02735900878906,252680500,0.0,0.0
2024-07-15 00:00:00-04:00,130.34517510581753,131.17381125800816,126.97073927484084,128.22866821289062,208326200,0.0,0.0
2024-07-16 00:00:00-04:00,128.22865593379024,128.82765950066548,124.37500690887067,126.1520767211914,214769500,0.0,0.0
2024-07-17 00:00:00-04:00,121.15031675281162,121.64949400158038,116.52793817127537,117.79584503173828,390086200,0.0,0.0
2024-07-18 00:00:00-04:00,121.64949097287113,122.19858897958201,116.36819489836525,120.89073944091797,320979500,0.0,0.0
2024-07-19 00:00:00-04:00,120.15196272062997,121.39990584738524,117.176870571876,117.73594665527344,217223800,0.0,0.0
2024-07-22 00:00:00-04:00,120.15196984200875,123.86585002604772,119.66277824004172,123.33672332763672,258068900,0.0,0.0
2024-07-23 00:00:00-04:00,122.57796493987696,124.48482570104972,121.89908357161131,122.38827514648438,173911000,0.0,0.0
2024-07-24 00:00:00-04:00,118.97389854949489,119.75261380553808,113.2533317889684,114.06199645996094,327776900,0.0,0.0
2024-07-25 00:00:00-04:00,112.85399693651604,116.43808604158575,106.12508953993542,112.09524536132812,460067000,0.0,0.0
2024-07-26 00:00:00-04:00,115.998801321254,116.00877938122822,111.39638688236367,112.87394714355469,293399100,0.0,0.0
2024-07-29 00:00:00-04:00,113.50292255867154,116.08865698961546,111.1168559757427,111.4063720703125,248152100,0.0,0.0
2024-07-30 00:00:00-04:00,111.33647720819822,111.80570498592243,102.37125913301429,103.5593032836914,486833300,0.0,0.0
2024-07-31 00:00:00-04:00,112.71421539482289,118.1452582531107,110.6975352036146,116.82743072509766,473174200,0.0,0.0
2024-08-01 00:00:00-04:00,117.33660563582859,119.9622829008677,106.63424395188704,109.0302963256836,523462300,0.0,0.0
2024-08-02 00:00:00-04:00,103.58927156926894,108.5411092867564,101.20320477351441,107.09349060058594,482027500,0.0,0.0
2024-08-05 00:00:00-04:00,91.90851250035082,103.239842127859,90.5407717150732,100.28470611572266,552842400,0.0,0.0
2024-08-06 00:00:00-04:00,103.66913927566458,107.53277436697496,100.38455930431832,104.0784683227539,409012100,0.0,0.0
2024-08-07 00:00:00-04:00,107.63260292939728,108.62097943024764,98.52761419555756,98.74725341796875,411440400,0.0,0.0
2024-08-08 00:00:00-04:00,101.83215768316434,105.3263983879788,97.3595262295921,104.79727172851562,391910000,0.0,0.0
2024-08-09 00:00:00-04:00,105.46616394434741,106.42458330646772,103.25980151433504,104.57762908935547,290844200,0.0,0.0
2024-08-12 00:00:00-04:00,106.14505252549102,110.88723650727509,106.08515369153115,108.84060668945312,325559900,0.0,0.0
2024-08-13 00:00:00-04:00,112.25497470709487,116.03873891622582,111.39638928672005,115.94888305664062,312646700,0.0,0.0
2024-08-14 00:00:00-04:00,118.33496052966188,118.40484504167927,113.88230026594151,117.88570404052734,339246400,0.0,0.0
2024-08-15 00:00:00-04:00,118.56458490618095,123.03720888953038,117.27670666159618,122.6578369140625,318086700,0.0,0.0
2024-08-16 00:00:00-04:00,121.73934484458584,124.79430704362497,120.98059332504539,124.375,302589900,0.0,0.0
2024-08-19 00:00:00-04:00,124.0754979878485,129.7860870361328,123.21691249503145,129.7860870361328,318333600,0.0,0.0
2024-08-20 00:00:00-04:00,128.18872055728244,129.66629628755138,125.6828560733908,127.04061889648438,300087400,0.0,0.0
2024-08-21 00:00:00-04:00,127.11048517418402,129.13715105648026,126.45157521398528,128.28854370117188,257883600,0.0,0.0
2024-08-22 00:00:00-04:00,129.80605728559254,130.5348518103843,122.89743830728821,123.53638458251953,376189100,0.0,0.0
2024-08-23 00:00:00-04:00,125.65288601497598,129.38673697357257,125.01393980516215,129.1571044921875,323230300,0.0,0.0
2024-08-26 00:00:00-04:00,129.35679802537265,131.04400430992783,124.16535012958609,126.25190734863281,331964700,0.0,0.0
2024-08-27 00:00:00-04:00,124.84423039602758,128.98739538212007,123.6761498691349,128.08888244628906,303134600,0.0,0.0
2024-08-28 00:00:00-04:00,127.90917706049713,128.118838213882,122.43819852070378,125.40331268310547,448101100,0.0,0.0
2024-08-29 00:00:00-04:00,121.16030028839229,124.22524823697073,116.51795043355128,117.39649963378906,453023300,0.0,0.0
2024-08-30 00:00:00-04:00,119.33331674975315,121.54966504357485,117.02712020356385,119.173583984375,333751600,0.0,0.0
2024-09-03 00:00:00-04:00,115.81910218205195,116.01877002584149,107.11345013644421,107.82228088378906,477155100,0.0,0.0
2024-09-04 00:00:00-04:00,105.23655349888746,113.0836130103624,103.94867525541761,106.03523254394531,372470300,0.0,0.0
2024-09-05 00:00:00-04:00,104.8172363950656,109.46957200218677,104.58761912643209,107.03358459472656,306850700,0.0,0.0
2024-09-06 00:00:00-04:00,107.86222325429438,107.97204286084109,100.78388574677186,102.66079711914062,413638100,0.0,0.0
2024-09-09 00:00:00-04:00,104.70741977949132,106.37467762407766,103.51938307487873,106.29480743408203,273912000,0.0,0.0
2024-09-10 00:00:00-04:00,107.63258781478571,109.21997530676359,104.77729355808466,107.92211151123047,268283700,0.0,0.0
2024-09-11 00:00:00-04:00,109.20999835891277,116.99716652085532,107.24323877137772,116.7176284790039,441422400,0.0,0.0
2024-09-12 00:00:00-04:00,116.65770972299038,120.60155174511642,115.19998843977761,118.9541244506836,366052700,0.01,0.0
2024-09-13 00:00:00-04:00,118.8942191250157,119.77284345041441,117.41652479583126,118.9141845703125,238358300,0.0,0.0
2024-09-16 00:00:00-04:00,116.60779536966285,117.99562620382233,114.1815861384539,116.59780883789062,248772300,0.0,0.0
2024-09-17 00:00:00-04:00,117.98564481894722,118.61466685067687,114.65085910577872,115.40966796875,231925900,0.0,0.0
2024-09-18 00:00:00-04:00,115.70919560695407,117.51636932909096,113.04336298957726,113.19313049316406,310318900,0.0,0.0
2024-09-19 00:00:00-04:00,117.16691844656921,119.47331975028854,117.06707598202318,117.68611145019531,293506400,0.0,0.0
2024-09-20 00:00:00-04:00,116.87737463970251,118.43494609535816,115.2099818009,115.81903076171875,382462400,0.0,0.0
2024-09-23 00:00:00-04:00,116.36817703420066,116.80748542405605,114.68081111279044,116.07862854003906,206228500,0.0,0.0
2024-09-24 00:00:00-04:00,116.33821493002908,121.60998405209612,115.19999404233639,120.68143463134766,354966800,0.0,0.0
2024-09-25 00:00:00-04:00,121.82963321276459,124.74508350925583,121.42027681497308,123.31731414794922,284692900,0.0,0.0
2024-09-26 00:00:00-04:00,126.60217747362803,127.47081527785902,121.6099781665842,123.84648132324219,302582900,0.0,0.0
2024-09-27 00:00:00-04:00,123.77659196922,123.83649592385486,119.07394109309165,121.21060180664062,271009200,0.0,0.0
2024-09-30 00:00:00-04:00,118.12541254893574,121.3104380091603,117.96566613899036,121.25053405761719,226553700,0.0,0.0
2024-10-01 00:00:00-04:00,121.5800295838127,122.2489901408394,115.60936293760753,116.81747436523438,302094500,0.0,0.0
2024-10-02 00:00:00-04:00,116.25833761189251,119.19374556676668,114.9603627706106,118.6645736694336,221845900,0.0,0.0
2024-10-03 00:00:00-04:00,120.73135113827638,124.16598683922703,120.15225416683853,122.65834045410156,277118000,0.0,0.0
2024-10-04 00:00:00-04:00,124.7450859792245,124.84492844767553,121.63993722019764,124.72511291503906,243678100,0.0,0.0
2024-10-07 00:00:00-04:00,124.79500006476454,130.43618698242878,124.7550615549546,127.52074432373047,346250200,0.0,0.0
2024-10-08 00:00:00-04:00,130.0567614433445,133.27173878303944,129.21807567689768,132.6826629638672,285722500,0.0,0.0
2024-10-09 00:00:00-04:00,133.9007832398008,134.31014727855833,131.1750464230449,132.44305419921875,246191600,0.0,0.0
2024-10-10 00:00:00-04:00,131.70421594134592,134.7893916948541,130.79563194093248,134.5996856689453,242311300,0.0,0.0
2024-10-11 00:00:00-04:00,133.80093033986074,135.5681732923908,133.4514855032485,134.58970642089844,170209500,0.0,0.0
2024-10-14 00:00:00-04:00,136.2570891265267,139.3822107684187,136.0873561782587,137.85459899902344,232347700,0.0,0.0
2024-10-15 00:00:00-04:00,137.654906403531,138.3538265330219,128.5391603262797,131.3946990966797,377831000,0.0,0.0
2024-10-16 00:00:00-04:00,133.7709642153392,136.40684475827754,131.37471471629812,135.5082550048828,264879700,0.0,0.0
2024-10-17 00:00:00-04:00,139.12261346955344,140.6701983777905,136.65646567187503,136.71636962890625,306435900,0.0,0.0
2024-10-18 00:00:00-04:00,138.45366668655112,138.6833036103306,137.06583575895257,137.7847137451172,176090200,0.0,0.0
2024-10-21 00:00:00-04:00,137.91449801128798,143.4857940673828,137.78469595874105,143.4857940673828,264554500,0.0,0.0
2024-10-22 00:00:00-04:00,142.68705023422552,144.194689003585,141.55880826832362,143.36598205566406,226311600,0.0,0.0
2024-10-23 00:00:00-04:00,141.80841766733155,142.20778753302577,137.24555525009052,139.34226989746094,285930000,0.0,0.0
2024-10-24 00:00:00-04:00,140.6003124972593,141.12948441968888,138.2439937495604,140.19094848632812,172354900,0.0,0.0
2024-10-25 00:00:00-04:00,140.71013437273555,143.90515439009727,140.5803475394567,141.31918334960938,205122100,0.0,0.0
2024-10-28 00:00:00-04:00,142.77692350375753,142.91670449778834,139.83152847847435,140.30079650878906,173586700,0.0,0.0
2024-10-29 00:00:00-04:00,140.0711235834401,142.0380513591214,138.68329276437913,141.02963256835938,157593600,0.0,0.0
2024-10-30 00:00:00-04:00,139.32230457284558,140.11108066863528,136.59656776236113,139.12261962890625,179418100,0.0,0.0
2024-10-31 00:00:00-04:00,137.38533225522045,137.39531116933003,131.90389188236236,132.55287170410156,270039600,0.0,0.0
2024-11-01 00:00:00-04:00,134.4898615442038,137.09579048755296,134.36007470728345,135.1887664794922,207127800,0.0,0.0
2024-11-04 00:00:00-05:00,136.9959472521015,138.74321710094807,135.3585064031532,135.83775329589844,187528200,0.0,0.0
2024-11-05 00:00:00-05:00,137.23555788662173,140.151000495864,137.11574997671616,139.6917266845703,160537400,0.0,0.0
2024-11-06 00:00:00-05:00,142.73696823952852,146.26145970555473,141.73852838547052,145.38282775878906,242043900,0.0,0.0
2024-11-07 00:00:00-05:00,146.1616297903136,148.69766066609404,145.9419717733186,148.6477508544922,207323300,0.0,0.0
2024-11-08 00:00:00-05:00,148.53790960818029,149.53634951772108,146.03181568484314,147.39968872070312,175665800,0.0,0.0
2024-11-11 00:00:00-05:00,148.44803352101476,148.6177817068004,143.3460203778287,145.0333709716797,182325600,0.0,0.0
2024-11-12 00:00:00-05:00,146.55100082856893,149.41651833977537,145.78219787373922,148.0586395263672,198634700,0.0,0.0
2024-11-13 00:00:00-05:00,148.83741275957428,149.09700159587854,145.67234551723544,146.04177856445312,191903300,0.0,0.0
2024-11-14 00:00:00-05:00,147.40968372724925,148.76756276185756,145.32294774490563,146.5310516357422,194463300,0.0,0.0
2024-11-15 00:00:00-05:00,144.6439744081883,145.0134075079149,139.86145428913719,141.75848388671875,250132900,0.0,0.0
2024-11-18 00:00:00-05:00,139.28235565663965,141.32916034590224,136.93601597273187,139.93133544921875,221205300,0.0,0.0
2024-11-19 00:00:00-05:00,141.09954425974988,146.90047806374457,140.77005724054902,146.78065490722656,227834900,0.0,0.0
2024-11-20 00:00:00-05:00,147.18003223590216,147.32979212988033,142.50732548898966,145.6623992919922,309871700,0.0,0.0
2024-11-21 00:00:00-05:00,149.11701974284432,152.65149063112756,140.4805046221909,146.44119262695312,400946600,0.0,0.0
2024-11-22 00:00:00-05:00,145.70233282975542,146.93042492260167,140.8798813363258,141.72854614257812,236406200,0.0,0.0
2024-11-25 00:00:00-05:00,141.76848775116036,141.82839170792872,135.60811535874635,135.80780029296875,344941900,0.0,0.0
2024-11-26 00:00:00-05:00,137.48518763604767,139.08269776121745,135.45835561529256,136.70640563964844,190287700,0.0,0.0
2024-11-27 00:00:00-05:00,134.7993582371888,137.00591700209634,131.59437486042492,135.12884521484375,226370900,0.0,0.0
2024-11-29 00:00:00-05:00,136.56662423239774,139.13262238748922,135.837767286179,138.03433227539062,141863200,0.0,0.0
2024-12-02 00:00:00-05:00,138.6134117376161,140.23087948399635,137.60499293345052,138.41372680664062,171682800,0.0,0.0
2024-12-03 00:00:00-05:00,138.04430354930304,140.32074544201365,137.73478959893222,140.0411834716797,164414000,0.0,0.0
2024-12-04 00:00:00-05:00,141.77847337465352,145.56255409442886,140.07113435104438,144.91357421875,231224300,0.0,0.0
2024-12-05 00:00:00-05:00,144.89361745373108,146.3214777724878,143.7353435501018,144.84368896484375,172621200,0.01,0.0
2024-12-06 00:00:00-05:00,144.38436733563313,145.4827177885172,141.09926510716357,142.2275848388672,188505600,0.0,0.0
2024-12-09 00:00:00-05:00,138.76274660606958,139.74128080496888,136.92549436926976,138.6029815673828,189308600,0.0,0.0
2024-12-10 00:00:00-05:00,138.80267178561354,141.6084936848826,133.59045579547387,134.86856079101562,210020900,0.0,0.0
2024-12-11 00:00:00-05:00,137.15514511831444,139.9609519122756,135.00835767243856,139.10223388671875,184905200,0.0,0.0
2024-12-12 00:00:00-05:00,136.87555561216806,138.2335278669699,135.5974658707112,137.13516235351562,159211400,0.0,0.0
2024-12-13 00:00:00-05:00,138.7327975455873,139.39181692680097,132.34233289302693,134.04978942871094,231514900,0.0,0.0
2024-12-16 00:00:00-05:00,133.9798879813558,134.19956111084232,130.22550081237128,131.8031463623047,237951100,0.0,0.0
2024-12-17 00:00:00-05:00,128.89747709842524,131.39374870651014,126.67080709010266,130.19554138183594,259410300,0.0,0.0
2024-12-18 00:00:00-05:00,133.6603731199009,136.49613412730267,128.08869283192976,128.71775817871094,277444500,0.0,0.0
2024-12-19 00:00:00-05:00,131.56348324328064,133.8301019554315,129.35678784338916,130.48509216308594,209719200,0.0,0.0
2024-12-20 00:00:00-05:00,129.61640819653473,135.07825184796977,128.02878306565836,134.49911499023438,306528600,0.0,0.0
2024-12-23 00:00:00-05:00,136.07677163513355,139.58153187306692,134.91849782504636,139.4617156982422,176053500,0.0,0.0
2024-12-24 00:00:00-05:00,139.7912368716414,141.68839756334225,138.44324385025058,140.0109100341797,105157000,0.0,0.0
2024-12-26 00:00:00-05:00,139.4916759779926,140.6399702368576,137.52461242783102,139.72132873535156,116205600,0.0,0.0
2024-12-27 00:00:00-05:00,138.3433913393573,138.81269167406333,134.50912136885398,136.80567932128906,170582600,0.0,0.0
2024-12-30 00:00:00-05:00,134.628906293037,140.060795108374,133.82011682531788,137.28494262695312,167734700,0.0,0.0
2024-12-31 00:00:00-05:00,137.82416524884428,137.8641141320975,133.63043143330796,134.08973693847656,155659200,0.0,0.0
2025-01-02 00:00:00-05:00,135.79717669922962,138.6728864930968,134.42922472124587,138.10372924804688,198247200,0.0,0.0
2025-01-03 00:00:00-05:00,139.80120658589456,144.6839138332244,139.5216253508109,144.2545623779297,229322500,0.0,0.0
2025-01-06 00:00:00-05:00,148.36839446450836,151.93307760587138,147.59955378526087,149.20713806152344,265377400,0.0,0.0
2025-01-07 00:00:00-05:00,152.80177547515166,152.9016324332477,139.80118875754107,139.93099975585938,351782200,0.0,0.0
2025-01-08 00:00:00-05:00,142.36736432306787,143.7353162901366,137.35484666292894,139.9010467529297,227349900,0.0,0.0
2025-01-10 00:00:00-05:00,137.24501786219508,139.71133557177419,134.0198390250661,135.7073211669922,207602500,0.0,0.0
2025-01-13 00:00:00-05:00,129.7961674567433,133.29094833912805,129.31687225149923,133.0313262939453,204808900,0.0,0.0
2025-01-14 00:00:00-05:00,135.84710238324766,136.1766120600162,129.85605059334506,131.56349182128906,195590500,0.0,0.0
2025-01-15 00:00:00-05:00,133.45068552943664,136.2465130176968,131.09420431967888,136.03683471679688,185217300,0.0,0.0
2025-01-16 00:00:00-05:00,138.4332346192246,138.54307117698642,133.2909213149963,133.3708038330078,209235600,0.0,0.0
2025-01-17 00:00:00-05:00,136.4861555399997,138.29345383465838,135.25799411499426,137.504638671875,201188800,0.0,0.0
2025-01-21 00:00:00-05:00,138.95247218370304,141.6184885428412,136.88555189361048,140.61997985839844,197749000,0.0,0.0
2025-01-22 00:00:00-05:00,144.44429795506818,147.5696203828536,143.4557686808276,146.8507080078125,237651400,0.0,0.0
2025-01-23 00:00:00-05:00,144.83369562852502,147.0104373660888,143.50567717742842,147.00045776367188,155915500,0.0,0.0
2025-01-24 00:00:00-05:00,148.14872775799392,148.74783905952535,141.66841618539428,142.4073028564453,234657600,0.0,0.0
2025-01-27 00:00:00-05:00,124.61389107098998,128.20851331467108,116.52596435964819,118.24340057373047,818830900,0.0,0.0
2025-01-28 00:00:00-05:00,121.62833781559046,128.8076175411123,116.0766320864675,128.79763793945312,579666400,0.0,0.0
2025-01-29 00:00:00-05:00,126.31135328562937,126.70077107762197,119.8709750783515,123.5155258178711,467120600,0.0,0.0
2025-01-30 00:00:00-05:00,122.91642732609624,124.81359550131977,117.92388350604345,124.46411895751953,392925500,0.0,0.0
2025-01-31 00:00:00-05:00,123.59540412169352,127.6593341751579,119.01225290264883,119.89093780517578,388161100,0.0,0.0
2025-02-03 00:00:00-05:00,114.57887527254843,118.39317826666118,112.84147223806173,116.48603057861328,371235700,0.0,0.0
2025-02-04 00:00:00-05:00,116.78557844108887,121.01925326141507,116.52596404203554,118.47306060791016,256550000,0.0,0.0
2025-02-05 00:00:00-05:00,121.57841571528579,124.81358161777388,120.5799070623436,124.64383697509766,262230800,0.0,0.0
2025-02-06 00:00:00-05:00,127.22996749994309,128.57796024161053,125.02326434711814,128.4880828857422,251483600,0.0,0.0
2025-02-07 00:00:00-05:00,129.02729180363133,130.17557068191934,124.8135839892709,129.6463623046875,228186300,0.0,0.0
2025-02-10 00:00:00-05:00,129.89598286165247,134.79866384787866,129.76618710141213,133.3708038330078,216989100,0.0,0.0
2025-02-11 00:00:00-05:00,132.38230132778313,134.27946199343057,130.8246300046561,132.6019744873047,178902400,0.0,0.0
2025-02-12 00:00:00-05:00,129.8261026458349,132.04279313100764,128.88750205027108,130.94442749023438,160278600,0.0,0.0
2025-02-13 00:00:00-05:00,131.36380821970238,136.29644386397356,130.9743904181038,135.08824157714844,197430000,0.0,0.0
2025-02-14 00:00:00-05:00,136.2764682668825,139.04234173663804,135.29793396994222,138.6429443359375,195479600,0.0,0.0
2025-02-18 00:00:00-05:00,141.05934526698334,143.2261075780513,137.72431422880837,139.19212341308594,219176600,0.0,0.0
2025-02-19 00:00:00-05:00,139.3019353271886,141.14918241151278,137.01535723812603,139.02235412597656,167536000,0.0,0.0
2025-02-20 00:00:00-05:00,139.8211642330671,140.45022955446439,136.58599074078032,139.9010467529297,143903600,0.0,0.0
2025-02-21 00:00:00-05:00,139.83114145453473,141.2490371129211,133.83011008980694,134.22950744628906,228217600,0.0,0.0
2025-02-24 00:00:00-05:00,136.35635785611953,138.38332947991822,129.88602516626045,130.08572387695312,251381100,0.0,0.0
2025-02-25 00:00:00-05:00,129.78615711570163,130.00583024952502,124.25442559786755,126.44115447998047,271428700,0.0,0.0
2025-02-26 00:00:00-05:00,129.79615892181477,133.53057192522448,128.29839578499454,131.084228515625,322553800,0.0,0.0
2025-02-27 00:00:00-05:00,134.7986782828192,134.80865788512716,119.83103458283094,119.9708251953125,443175800,0.0,0.0
2025-02-28 00:00:00-05:00,117.84399213493025,124.90344826210318,116.2264129341289,124.73370361328125,389091100,0.0,0.0
2025-03-03 00:00:00-05:00,123.32581202011416,123.51552349340123,112.11255593535711,113.88990020751953,411381400,0.0,0.0
2025-03-04 00:00:00-05:00,110.48498404782327,119.13206502689525,109.94578846070081,115.8170166015625,398163300,0.0,0.0
2025-03-05 00:00:00-05:00,117.40464986998916,118.10360288358513,114.33922859376143,117.12506866455078,284337900,0.0,0.0
2025-03-06 00:00:00-05:00,113.3606904001891,115.17797591196373,110.05562907278994,110.40510559082031,321181900,0.0,0.0
2025-03-07 00:00:00-05:00,111.08409477767312,113.31077256873955,107.39959517379882,112.5219497680664,341755500,0.0,0.0
2025-03-10 00:00:00-04:00,109.73610869113334,111.68319762733589,105.30272758345134,106.82046508789062,366487400,0.0,0.0
2025-03-11 00:00:00-04:00,106.83044416478043,112.0726148635708,104.6137536218378,108.59780883789062,354865700,0.0,0.0
2025-03-12 00:00:00-04:00,113.96030532134075,116.59661034457649,112.72203506897391,115.57803344726562,323857500,0.01,0.0
2025-03-13 00:00:00-04:00,116.86621875800482,117.59520049683546,113.63075517539951,115.41825103759766,299033100,0.0,0.0
2025-03-14 00:00:00-04:00,118.44401014075397,121.70943054003341,117.98465480860956,121.49972534179688,277593500,0.0,0.0
2025-03-17 00:00:00-04:00,122.56823120330081,122.71802281178023,117.86482345684047,119.36272430419922,255501500,0.0,0.0
2025-03-18 00:00:00-04:00,117.83485847417,118.85342762738914,114.37970167383446,115.2684555053711,299686900,0.0,0.0
2025-03-19 00:00:00-04:00,117.10587204193429,120.28142179456783,115.51810097497594,117.35552215576172,273426200,0.0,0.0
2025-03-20 00:00:00-04:00,116.38688818380663,120.0317738155389,116.30699831746894,118.3641128540039,248829700,0.0,0.0
2025-03-21 00:00:00-04:00,116.77634740953133,117.82487338576216,115.25847035053427,117.5352783203125,266498500,0.0,0.0
2025-03-24 00:00:00-04:00,119.71223179694545,122.04896105750126,119.17298658297102,121.24009704589844,228452500,0.0,0.0
2025-03-25 00:00:00-04:00,120.38129943766901,121.12026171196634,118.75357566400419,120.52110290527344,167447200,0.0,0.0
2025-03-26 00:00:00-04:00,118.5638454632065,118.6736845133834,112.55226594608844,113.60079956054688,293463300,0.0,0.0
2025-03-27 00:00:00-04:00,111.19416561141583,114.28982567832341,110.50513643809545,111.27405548095703,236902100,0.0,0.0
2025-03-28 00:00:00-04:00,111.33397028810096,112.71204388720727,108.9173588485005,109.51651763916016,229872500,0.0,0.0
2025-03-31 00:00:00-04:00,104.98287310192077,110.80471613819729,103.50494855407659,108.22832489013672,299212700,0.0,0.0
2025-04-01 00:00:00-04:00,108.36813339033893,110.04578269736857,106.32100673854832,109.99585723876953,222614000,0.0,0.0
2025-04-02 00:00:00-04:00,107.1398479774266,111.82328673498283,106.64054773013802,110.26546478271484,220601200,0.0,0.0
2025-04-03 00:00:00-04:00,103.36514539947606,105.48217369637304,101.45781468579652,101.65753936767578,338769400,0.0,0.0
2025-04-04 00:00:00-04:00,98.7715853475697,99.98987163475934,91.98109847139008,94.17801666259766,532273800,0.0,0.0
2025-04-07 00:00:00-04:00,87.33759621246332,101.60759784636036,86.4987754744505,97.50334930419922,611041300,0.0,0.0
2025-04-08 00:00:00-04:00,103.6647139576977,105.70185986228381,94.3278009423825,96.16522979736328,476243400,0.0,0.0
2025-04-09 00:00:00-04:00,98.75160385221358,114.93891720962625,97.39350654873371,114.16999816894531,612918300,0.0,0.0
2025-04-10 00:00:00-04:00,109.21694044618194,110.70485307181585,99.01124202201945,107.4194564819336,437812400,0.0,0.0
2025-04-11 00:00:00-04:00,108.34815778630501,111.39389245819964,107.32958859529616,110.7747573852539,313417300,0.0,0.0
2025-04-14 00:00:00-04:00,113.9503045917023,114.1300529879136,108.91735711650354,110.55506134033203,264705000,0.0,0.0
2025-04-15 00:00:00-04:00,110.81470199440513,113.46099492172469,110.3453585264742,112.04297637939453,228966900,0.0,0.0
2025-04-16 00:00:00-04:00,104.40369410395131,106.64055727885454,100.30942561460589,104.3437728881836,397016900,0.0,0.0
2025-04-17 00:00:00-04:00,104.30382580885471,104.32380208660638,99.90998942448081,101.34796905517578,292517500,0.0,0.0
2025-04-21 00:00:00-04:00,98.63177356997639,99.3008417327631,94.90699776234818,96.77438354492188,288501100,0.0,0.0
2025-04-22 00:00:00-04:00,98.64176312999923,99.6703204985673,97.1438622743251,98.7516098022461,241004800,0.0,0.0
2025-04-23 00:00:00-04:00,104.37373360783914,104.65334818158476,101.87723205406772,102.56626892089844,247526000,0.0,0.0
2025-04-24 00:00:00-04:00,103.33517578708889,106.39089066307956,102.96569088547095,106.28104400634766,220815000,0.0,0.0
2025-04-25 00:00:00-04:00,106.70047033928225,111.76337496991529,105.58204256681438,110.85465240478516,251064700,0.0,0.0
2025-04-28 00:00:00-04:00,109.53649064316203,110.21553928394424,105.87162103934429,108.57783508300781,207708500,0.0,0.0
2025-04-29 00:00:00-04:00,107.51932238432487,110.04578062718967,107.2896485179105,108.867431640625,170444300,0.0,0.0
2025-04-30 00:00:00-04:00,104.32379376082015,108.76756286621094,103.93434018163836,108.76756286621094,235044600,0.0,0.0
2025-05-01 00:00:00-04:00,112.92174799120272,114.7791455573913,111.14424029465428,111.45380401611328,236121500,0.0,0.0
2025-05-02 00:00:00-04:00,114.02021557227994,115.23850951002053,113.21135153306962,114.33976745605469,190194800,0.0,0.0
2025-05-05 00:00:00-04:00,112.75199823422925,114.50952981770942,112.50234808238875,113.66072082519531,133163200,0.0,0.0
2025-05-06 00:00:00-04:00,111.32399638135878,114.57942879752297,110.66491633937942,113.38111114501953,158525600,0.0,0.0
2025-05-07 00:00:00-04:00,112.89179643623137,117.51531428959993,112.12286973799952,116.89617919921875,206758800,0.0,0.0
2025-05-08 00:00:00-04:00,118.08452294119296,118.51392151118237,115.68787993703612,117.20575714111328,198428100,0.0,0.0
2025-05-09 00:00:00-04:00,117.18577270674557,118.06454606438504,115.04876814493281,116.48675537109375,132972200,0.0,0.0
2025-05-12 00:00:00-04:00,121.79931583574867,122.82787322998047,120.11167839159091,122.82787322998047,225023300,0.0,0.0
2025-05-13 00:00:00-04:00,124.8051066300396,131.03637225526788,124.29581818961599,129.7481689453125,330430100,0.0,0.0
2025-05-14 00:00:00-04:00,133.01358451331882,135.25045513495294,131.49570747587302,135.1505889892578,281180800,0.0,0.0
2025-05-15 00:00:00-04:00,134.10205882491402,136.1092556474961,132.47435031815246,134.6413116455078,226632600,0.0,0.0
2025-05-16 00:00:00-04:00,136.02937003025397,136.15919297953724,133.27323795943153,135.21051025390625,226542500,0.0,0.0
2025-05-19 00:00:00-04:00,132.20470706939753,135.6798322139183,132.20470706939753,135.38026428222656,193154600,0.0,0.0
2025-05-20 00:00:00-04:00,134.10205468200522,134.39165736048994,132.4343936724944,134.1919403076172,161514200,0.0,0.0
2025-05-21 00:00:00-04:00,132.87378601013486,137.2077087161811,130.40724144628157,131.6155548095703,270608700,0.0,0.0
2025-05-22 00:00:00-04:00,132.0449376190489,134.0621148614722,131.3658966044825,132.64410400390625,187344000,0.0,0.0
2025-05-23 00:00:00-04:00,129.81807417545411,132.49431639064062,128.97925335315108,131.10626220703125,198821300,0.0,0.0
2025-05-27 00:00:00-04:00,133.96224703921547,135.47014350181522,133.1234263008756,135.31036376953125,192953600,0.0,0.0
2025-05-28 00:00:00-04:00,135.83963178227697,137.05792567392893,134.60136161311598,134.621337890625,304021100,0.0,0.0
2025-05-29 00:00:00-04:00,142.0509238917618,143.28919402135628,137.71700129433316,138.99520874023438,369241900,0.0,0.0
2025-05-30 00:00:00-04:00,138.5258751739265,139.42460961066672,132.73398869983464,134.94090270996094,333170900,0.0,0.0
2025-06-02 00:00:00-04:00,135.30038976970178,137.9266987725352,135.21050414256473,137.187744140625,197663100,0.0,0.0
2025-06-03 00:00:00-04:00,138.58576663563605,141.80126124338923,137.7569264491721,141.02235412597656,225578800,0.0,0.0
2025-06-04 00:00:00-04:00,141.99101618842522,142.19073325311263,139.34471555965237,141.7213897705078,167120800,0.0,0.0
2025-06-05 00:00:00-04:00,141.97103980754113,143.79848066110154,138.63571759363617,139.79409790039062,231397900,0.0,0.0
2025-06-06 00:00:00-04:00,142.31053984611202,143.06948591448216,141.31193942977922,141.5216522216797,153986200,0.0,0.0
2025-06-09 00:00:00-04:00,142.98961854621228,144.7970831461155,141.74136782943543,142.43040466308594,185114500,0.0,0.0
2025-06-10 00:00:00-04:00,142.4903028059026,144.08805440763362,141.33192260937975,143.75852966308594,155881900,0.0,0.0
2025-06-11 00:00:00-04:00,144.41764573923192,144.79714515361243,141.6812848999734,142.6400146484375,167694000,0.01,0.0
2025-06-12 00:00:00-04:00,141.78116046611606,144.80712890625,141.6613249598906,144.80712890625,162365000,0.0,0.0
2025-06-13 00:00:00-04:00,142.2904745799642,143.38901749969733,140.6626531024409,141.78115844726562,180820600,0.0,0.0
2025-06-16 00:00:00-04:00,143.159329390418,145.98555166191812,143.00951976951112,144.49754333496094,183133700,0.0,0.0
2025-06-17 00:00:00-04:00,144.2978018718573,145.0268265438421,143.58873962374116,143.92828369140625,139108000,0.0,0.0
2025-06-18 00:00:00-04:00,143.81843788371728,145.4562558084884,142.92962233744194,145.28648376464844,161494100,0.0,0.0
2025-06-20 00:00:00-04:00,145.2565234707711,146.00552584195606,142.46024490398213,143.65866088867188,242956200,0.0,0.0
2025-06-23 00:00:00-04:00,142.31046402404658,144.58743022935184,141.84108794116847,143.97824096679688,154308900,0.0,0.0
2025-06-24 00:00:00-04:00,145.36636355778856,147.7631800544848,145.30644581210706,147.7032470703125,187566100,0.0,0.0
2025-06-25 00:00:00-04:00,149.0714619384952,154.24456476496755,149.06146548674553,154.10475158691406,269146500,0.0,0.0
2025-06-26 00:00:00-04:00,155.77251147358507,156.5115326130379,153.795149532093,154.8137969970703,198145700,0.0,0.0
2025-06-27 00:00:00-04:00,155.83244416127852,158.4989061985097,155.05348286000648,157.54017639160156,263234500,0.0,0.0
2025-06-30 00:00:00-04:00,158.1893045239527,158.4489684480595,155.7525627920192,157.7798614501953,194580300,0.0,0.0
2025-07-01 00:00:00-04:00,156.08211312403307,156.9909063970138,151.2885097592641,153.09609985351562,213143600,0.0,0.0
2025-07-02 00:00:00-04:00,152.77650803107835,157.39037305932783,152.7665268185242,157.04083251953125,171224100,0.0,0.0
2025-07-03 00:00:00-04:00,158.15934077500395,160.76586971787668,157.56014800239086,159.1280517578125,143716100,0.0,0.0
2025-07-07 00:00:00-04:00,157.98957042846925,159.09809459400483,157.1307137305003,158.02952575683594,140139000,0.0,0.0
2025-07-08 00:00:00-04:00,159.11807865757584,160.0068942683196,158.1793265036118,159.7871856689453,138133000,0.0,0.0
2025-07-09 00:00:00-04:00,161.0055497766517,164.2012901564699,160.9456320255445,162.66334533691406,183656400,0.0,0.0
2025-07-10 00:00:00-04:00,164.10143771292147,164.28119097215313,161.3950357038234,163.88172912597656,167704100,0.0,0.0
2025-07-11 00:00:00-04:00,163.50223698698784,167.66668863474402,163.25256951238498,164.7006378173828,193633300,0.0,0.0
2025-07-14 00:00:00-04:00,165.15003478890583,165.2698855378492,161.80449980139463,163.85177612304688,136975800,0.0,0.0
2025-07-15 00:00:00-04:00,170.96229989605533,172.17068192225182,168.97494134085255,170.4729461669922,230627400,0.0,0.0
2025-07-16 00:00:00-04:00,170.83247408910898,171.52155877211666,168.67534340451815,171.14205932617188,158831500,0.0,0.0
2025-07-17 00:00:00-04:00,171.79120519874627,173.92835823409905,170.60278554683865,172.7698974609375,160841100,0.0,0.0
2025-07-18 00:00:00-04:00,173.4090543863528,174.0182436825287,171.03221496217563,172.18069458007812,146456400,0.0,0.0
2025-07-21 00:00:00-04:00,172.52022673163836,173.1493936504508,170.77255439137573,171.1520538330078,123126100,0.0,0.0
2025-07-22 00:00:00-04:00,171.11211125862738,171.16204780548466,164.36110765827524,166.80784606933594,193114300,0.0,0.0
2025-07-23 00:00:00-04:00,169.30450383433347,171.03219846298632,167.74658125695927,170.55284118652344,154082200,0.0,0.0
2025-07-24 00:00:00-04:00,172.21063723590794,173.59878776513457,171.07215417768242,173.5089111328125,128984600,0.0,0.0
2025-07-25 00:00:00-04:00,173.37908037175941,174.4876045602178,172.72995103806022,173.26922607421875,122316800,0.0,0.0
2025-07-28 00:00:00-04:00,173.78852820706248,176.7645600358027,173.7385916678285,176.514892578125,140023500,0.0,0.0
2025-07-29 00:00:00-04:00,177.7233037615148,179.14141320408203,174.78721179005433,175.27655029296875,154077500,0.0,0.0
2025-07-30 00:00:00-04:00,176.27521653092245,179.65072563032518,175.80584046425426,179.03155517578125,174312200,0.0,0.0
2025-07-31 00:00:00-04:00,182.65671589592668,183.05619299307685,175.69598557745124,177.63340759277344,221685400,0.0,0.0
2025-08-01 00:00:00-04:00,173.85844036702034,176.3051785902702,170.66269971388826,173.4889373779297,204529000,0.0,0.0
2025-08-04 00:00:00-04:00,174.9270307365029,179.9603205403546,174.28788258302183,179.76058959960938,148174600,0.0,0.0
2025-08-05 00:00:00-04:00,179.38107983649965,180.0202279532499,175.6660266458598,178.02288818359375,156407600,0.0,0.0
2025-08-06 00:00:00-04:00,176.09546439011424,179.66070799076476,176.01556896990587,179.1813507080078,137192300,0.0,0.0
2025-08-07 00:00:00-04:00,181.32851054269395,183.6354356942093,178.5621905082108,180.52957153320312,151878400,0.0,0.0
2025-08-08 00:00:00-04:00,181.30852119793246,183.05619350177665,180.16004168373897,182.4569854736328,123396700,0.0,0.0
2025-08-11 00:00:00-04:00,181.80784410502207,183.59545638109407,180.01023537809715,181.8178253173828,138323200,0.0,0.0
2025-08-12 00:00:00-04:00,182.7166509044063,184.234618174838,179.22130626788388,182.9163818359375,145485700,0.0,0.0
2025-08-13 00:00:00-04:00,182.37709375214726,183.72530422356274,179.11145412417423,181.3484649658203,179871700,0.0,0.0
2025-08-14 00:00:00-04:00,179.5108931379294,182.77654758863486,179.22128560637054,181.7778778076172,129554000,0.0,0.0
2025-08-15 00:00:00-04:00,181.6380820439347,181.658044469753,177.8031781362909,180.20997619628906,156602200,0.0,0.0
2025-08-18 00:00:00-04:00,180.359785616326,182.69666946783065,180.3497891649352,181.7678985595703,132008000,0.0,0.0
2025-08-19 00:00:00-04:00,182.1873336556069,182.25724785967336,175.25657768801665,175.4063720703125,185229200,0.0,0.0
2025-08-20 00:00:00-04:00,174.93699721113848,175.76589502196344,168.57547509149074,175.16668701171875,215142700,0.0,0.0
2025-08-21 00:00:00-04:00,174.61742144674352,176.66468235557974,173.57879631630271,174.7472381591797,140040900,0.0,0.0
2025-08-22 00:00:00-04:00,172.38041630972646,178.35245819257523,170.9722880586796,177.75326538085938,172789400,0.0,0.0
2025-08-25 00:00:00-04:00,178.11278178635797,181.6680441727565,176.33515059315872,179.57083129882812,163012800,0.0,0.0
2025-08-26 00:00:00-04:00,179.82049655621498,182.14739921043056,178.57215920342722,181.52822875976562,168688200,0.0,0.0
2025-08-27 00:00:00-04:00,181.73792838079515,182.24725973827816,178.86176968029795,181.3584442138672,235518900,0.0,0.0
2025-08-28 00:00:00-04:00,180.57950348224864,184.22464261974775,176.17536544772958,179.93035888671875,281787800,0.0,0.0
2025-08-29 00:00:00-04:00,177.87308356836775,177.91302365652732,172.91967451951007,173.94830322265625,243257900,0.0,0.0
2025-09-02 00:00:00-04:00,169.77387989783634,172.15071909272382,166.99757884564528,170.55284118652344,231164900,0.0,0.0
2025-09-03 00:00:00-04:00,170.83248363379096,172.18069419661035,168.65539040087648,170.39306640625,164424900,0.0,0.0
2025-09-04 00:00:00-04:00,170.34313981864827,171.6314173426514,169.18467902530818,171.4316864013672,141670100,0.0,0.0
2025-09-05 00:00:00-04:00,167.8065180303181,168.8051880252559,163.85179338392152,166.79786682128906,224441400,0.0,0.0
2025-09-08 00:00:00-04:00,167.32713700266137,170.73260486035574,167.12740607965867,168.08612060546875,163769100,0.0,0.0
2025-09-09 00:00:00-04:00,168.86507540993838,170.75256075129445,166.51821048710502,170.53285217285156,157548400,0.0,0.0
2025-09-10 00:00:00-04:00,176.4050468150653,179.05151589898875,175.2366048852674,177.09413146972656,226852000,0.0,0.0
2025-09-11 00:00:00-04:00,179.45113345293117,180.0503753259473,176.25521235533765,176.9443359375,151159300,0.01,0.0
2025-09-12 00:00:00-04:00,177.5435512454145,178.37249577533527,176.22522541777622,177.59349060058594,124911000,0.0,0.0
2025-09-15 00:00:00-04:00,175.44622258887705,178.62217970015598,174.28769658655634,177.52357482910156,147061600,0.0,0.0
2025-09-16 00:00:00-04:00,176.77453647764895,177.27389957504343,174.15787872389456,174.65724182128906,140737800,0.0,0.0
2025-09-17 00:00:00-04:00,172.42008695754546,172.97937117956877,168.1954794867923,170.0730743408203,211843800,0.0,0.0
2025-09-18 00:00:00-04:00,173.7583871307785,176.87442336525442,172.73969733735942,176.01551818847656,191763300,0.0,0.0
2025-09-19 00:00:00-04:00,175.54609885389235,177.8531538116004,174.95683884616588,176.4449462890625,237182100,0.0,0.0
2025-09-22 00:00:00-04:00,175.07670180251023,184.31491893588398,174.48745701577195,183.37611389160156,269637000,0.0,0.0
2025-09-23 00:00:00-04:00,181.73821238324945,182.18763613663097,175.9855548133895,178.2027130126953,192559600,0.0,0.0
2025-09-24 00:00:00-04:00,179.54100413716742,179.5509859124944,175.17656050171237,176.74456787109375,143564100,0.0,0.0
2025-09-25 00:00:00-04:00,174.2577508730865,180.03038734713982,172.90947958662534,177.4636688232422,191586700,0.0,0.0
2025-09-26 00:00:00-04:00,177.94304916264082,179.54101721374016,174.70717071687335,177.96302795410156,148573700,0.0,0.0
2025-09-29 00:00:00-04:00,180.20017297627672,183.7656330630971,180.09032771672483,181.61837768554688,193063500,0.0,0.0
2025-09-30 00:00:00-04:00,181.848063160254,187.11135435179565,181.2488213615314,186.3423309326172,236981000,0.0,0.0
2025-10-01 00:00:00-04:00,185.00404300205486,187.90034282726023,183.6657383394342,187.00149536132812,173844900,0.0,0.0
2025-10-02 00:00:00-04:00,189.35850113919957,190.80665113886596,187.82045419605362,188.64939880371094,136805800,0.0,0.0
2025-10-03 00:00:00-04:00,188.94900408551683,190.11751186051177,185.1438598655547,187.38099670410156,137596900,0.0,0.0
2025-10-06 00:00:00-04:00,185.2637075602064,186.9914995955013,183.09647356463947,185.30364990234375,157678100,0.0,0.0
2025-10-07 00:00:00-04:00,185.99277739696944,188.8191743935438,183.76562222076905,184.80429077148438,140088000,0.0,0.0
2025-10-08 00:00:00-04:00,186.33235229407293,189.35849142592937,186.30237648821537,188.86911010742188,130168900,0.0,0.0
2025-10-09 00:00:00-04:00,191.9851285494953,195.05122522476873,190.816620752273,192.32470703125,182997200,0.0,0.0
2025-10-10 00:00:00-04:00,193.26350393527704,195.37081685366852,181.81811007166195,182.92669677734375,268774400,0.0,0.0
2025-10-13 00:00:00-04:00,187.73056363822363,189.8678370807686,185.72312947730666,188.0801239013672,153482800,0.0,0.0
2025-10-14 00:00:00-04:00,184.53462639606815,184.5645869600227,179.47107773683655,179.8006591796875,205641400,0.0,0.0
2025-10-15 00:00:00-04:00,184.56460739230218,184.63451030281777,177.06416377208902,179.60093688964844,214450500,0.0,0.0
2025-10-16 00:00:00-04:00,181.99787810828644,183.0465437061986,179.5410200965125,181.5784149169922,179723300,0.0,0.0
2025-10-17 00:00:00-04:00,179.9504818191574,183.86550198639478,179.52103686227596,182.9866180419922,173135200,0.0,0.0
2025-10-20 00:00:00-04:00,182.89672994644732,184.96408521149223,181.4985041529273,182.4073486328125,128544700,0.0,0.0
2025-10-21 00:00:00-04:00,182.55714296878105,182.55714296878105,179.5709615871908,180.92922973632812,124240200,0.0,0.0
2025-10-22 00:00:00-04:00,180.9092591258601,183.20633238125785,176.53483359319367,180.05035400390625,162249600,0.0,0.0
2025-10-23 00:00:00-04:00,180.19017423035882,182.7968501503985,179.5609718650331,181.92796325683594,111363700,0.0,0.0
2025-10-24 00:00:00-04:00,183.60580497197222,187.23118563906056,183.26624175096782,186.02272033691406,131296700,0.0,0.0
2025-10-27 00:00:00-04:00,189.74798924630224,191.75542334831323,188.18996363054165,191.24607849121094,153452700,0.0,0.0
2025-10-28 00:00:00-04:00,192.80410966447576,202.89123585796654,191.66556232510956,200.77394104003906,297986200,0.0,0.0
2025-10-29 00:00:00-04:00,207.715080745974,211.9197249544373,204.51915980095313,206.77627563476562,308829600,0.0,0.0
2025-10-30 00:00:00-04:00,204.88867704045037,205.89740027142088,201.1534507471854,202.63156127929688,178864400,0.0,0.0
2025-10-31 00:00:00-04:00,206.18701808603035,207.70508615602077,201.81260775338424,202.23207092285156,179802200,0.0,0.0
2025-11-03 00:00:00-05:00,207.81493866642379,211.07078042213968,205.29814450690722,206.61647033691406,180267300,0.0,0.0
2025-11-04 00:00:00-05:00,202.7414122562426,203.71017785907821,197.67786326579136,198.43690490722656,188919300,0.0,0.0
2025-11-05 00:00:00-05:00,198.51681234435117,202.66152000582164,194.40205001057666,194.9613494873047,171350300,0.0,0.0
2025-11-06 00:00:00-05:00,196.169796348482,197.36826472822915,186.1425921093966,187.84042358398438,223029800,0.0,0.0
2025-11-07 00:00:00-05:00,184.66447901682176,188.08013622996737,178.68211848431696,187.91033935546875,264942300,0.0,0.0
2025-11-10 00:00:00-05:00,194.8614791513322,199.68532876518447,193.5431531870904,198.7964630126953,198897100,0.0,0.0
2025-11-11 00:00:00-05:00,194.91140808059743,195.17107140540628,191.05632435423007,192.91395568847656,176483300,0.0,0.0
2025-11-12 00:00:00-05:00,195.4706988945922,195.64048052491762,190.88654915774768,193.5531463623047,154935300,0.0,0.0
2025-11-13 00:00:00-05:00,190.80662838449902,191.1961309619508,183.61580336420005,186.62196350097656,207423100,0.0,0.0
2025-11-14 00:00:00-05:00,182.62707860640327,190.76669126639962,180.3499840264004,189.92776489257812,186591900,0.0,0.0
2025-11-17 00:00:00-05:00,185.73310233977776,188.75924133892028,184.08521029684528,186.3623046875,173628900,0.0,0.0
2025-11-18 00:00:00-05:00,183.14641371605563,184.5646030780414,179.42115405263684,181.1289825439453,213598900,0.0,0.0
2025-11-19 00:00:00-05:00,184.5545873026742,187.6206837111527,182.59709270204067,186.2823944091797,247246400,0.0,0.0
2025-11-20 00:00:00-05:00,195.70039225393623,195.7503316108911,179.62090987236718,180.40989685058594,343504800,0.0,0.0
2025-11-21 00:00:00-05:00,181.00913979899244,184.32490281868388,172.70971237567008,178.6521453857422,346926200,0.0,0.0
2025-11-24 00:00:00-05:00,179.2613745727385,183.26626122561635,176.25519889972114,182.31747436523438,256618300,0.0,0.0
2025-11-25 00:00:00-05:00,174.68719385821646,177.93305383278917,169.33402110596253,177.59349060058594,320600300,0.0,0.0
2025-11-26 00:00:00-05:00,181.3986455127995,182.67701383620675,178.01296428701193,180.03038024902344,183852000,0.0,0.0
2025-11-28 00:00:00-05:00,178.7819702942556,179.0616124091028,176.27517303639212,176.7745361328125,121332800,0.0,0.0
2025-12-01 00:00:00-05:00,174.53739527000454,180.07034727044882,173.45876908321011,179.69082641601562,188131000,0.0,0.0
2025-12-02 00:00:00-05:00,181.52845696763603,185.42349804109853,179.77070445469002,181.22885131835938,182632200,0.0,0.0
2025-12-03 00:00:00-05:00,180.8493441127912,182.21759414523953,178.88185225801445,179.36123657226562,165138000,0.0,0.0
2025-12-04 00:00:00-05:00,181.3987504426599,184.2952268834804,179.74078419330877,183.1566162109375,167364900,0.01,0.0
2025-12-05 00:00:00-05:00,183.66598269849337,184.43504894381925,180.6896172324408,182.1877899169922,143971100,0.0,0.0
2025-12-08 00:00:00-05:00,182.41751577930148,187.7709870845105,182.17780264974235,185.323974609375,204378100,0.0,0.0
2025-12-09 00:00:00-05:00,185.33395229946427,185.4937610485011,183.09669077375298,184.7446746826172,144719700,0.0,0.0
2025-12-10 00:00:00-05:00,184.74467463147755,185.2540478736652,181.8182359713298,183.55612182617188,162785400,0.0,0.0
2025-12-11 00:00:00-05:00,180.060377409269,181.09911899111663,176.40483245042134,180.70957946777344,182136600,0.0,0.0
2025-12-12 00:00:00-05:00,180.88937065842447,182.59729422559735,174.40727135263347,174.80679321289062,204274900,0.0,0.0
2025-12-15 00:00:00-05:00,177.7232402429772,178.20265125135413,174.8167814768023,176.0752410888672,164775600,0.0,0.0
2025-12-16 00:00:00-05:00,176.0452813318811,178.27257580423,174.68693742218818,177.50350952148438,148588100,0.0,0.0
2025-12-17 00:00:00-05:00,175.88548356566727,175.91544580087532,170.10252832729947,170.7317657470703,222775500,0.0,0.0
2025-12-18 00:00:00-05:00,174.3173807251694,175.93540231223645,171.6106906687844,173.9278564453125,176096000,0.0,0.0
2025-12-19 00:00:00-05:00,176.45477147838753,181.2289470656948,176.12517166919682,180.76951599121094,324925900,0.0,0.0
2025-12-22 00:00:00-05:00,183.6959478478248,183.935660967629,182.1278683380167,183.4662322998047,129064400,0.0,0.0
2025-12-23 00:00:00-05:00,182.7471036477755,189.099356383118,182.67718160782493,188.97950744628906,174873600,0.0,0.0
2025-12-24 00:00:00-05:00,187.71105179508496,188.67987134928,186.36269028434322,188.38023376464844,65528500,0.0,0.0
2025-12-26 00:00:00-05:00,189.68863982420257,192.45526970950266,187.7709805748158,190.2978973388672,139740300,0.0,0.0
2025-12-29 00:00:00-05:00,187.4813341773615,188.53004285167208,185.68352392965699,187.99070739746094,120006100,0.0,0.0
2025-12-30 00:00:00-05:00,188.01069817319677,188.75978454971104,186.70228116711607,187.31153869628906,97687300,0.0,0.0
2025-12-31 00:00:00-05:00,189.33907943283364,190.32786369396138,186.26282955778902,186.27281188964844,120100500,0.0,0.0
2026-01-02 00:00:00-05:00,189.60873357074172,192.69496568024334,188.03065649528438,188.6199493408203,148240500,0.0,0.0
2026-01-05 00:00:00-05:00,191.52640398377517,193.39413642527967,185.9232371396652,187.89083862304688,183529700,0.0,0.0
2026-01-06 00:00:00-05:00,190.2879203285983,191.935904267691,186.5924305704924,187.0119171142578,176862600,0.0,0.0
2026-01-07 00:00:00-05:00,188.34028795646717,191.13686475404677,186.3327268208183,188.87962341308594,153543200,0.0,0.0
2026-01-08 00:00:00-05:00,188.87963997886857,189.31910643994627,183.48622397884648,184.81459045410156,172457000,0.0,0.0
2026-01-09 00:00:00-05:00,184.8545293482555,186.1129888751533,183.44624341374129,184.63479614257812,131327500,0.0,0.0
2026-01-12 00:00:00-05:00,182.99680052530172,186.89204340473577,182.79704721562317,184.71470642089844,137968500,0.0,0.0
2026-01-13 00:00:00-05:00,184.7746378408776,187.88084992986475,183.17658082293008,185.58364868164062,160128900,0.0,0.0
2026-01-14 00:00:00-05:00,184.0954557419801,184.23528457453645,180.57973978602013,182.91688537597656,159586100,0.0,0.0
2026-01-15 00:00:00-05:00,186.27281050248445,189.46890929684608,186.103019420931,186.8221435546875,206188600,0.0,0.0
2026-01-16 00:00:00-05:00,188.84966224271636,190.20800608356458,185.85331687968656,186.0031280517578,187967200,0.0,0.0
2026-01-20 00:00:00-05:00,181.67839380225757,182.1578200140757,177.39362681050815,177.8530731201172,223345300,0.0,0.0
2026-01-21 00:00:00-05:00,178.8318922054109,185.15418310637224,178.18267486272933,183.09669494628906,200381000,0.0,0.0
2026-01-22 00:00:00-05:00,184.52493568425237,185.94320399708803,183.70592730123704,184.6148223876953,139636600,0.0,0.0
2026-01-23 00:00:00-05:00,187.27158465782284,189.3690325020707,186.59242035942677,187.44137573242188,142748100,0.0,0.0
2026-01-26 00:00:00-05:00,186.93200550896393,188.88960930416175,185.76343263076708,186.2428436279297,124799600,0.0,0.0
2026-01-27 00:00:00-05:00,187.01190478720812,189.76853699604698,185.47377232125424,188.29034423828125,143711600,0.0,0.0
2026-01-28 00:00:00-05:00,191.03700193406064,192.1156881225865,189.60873601436586,191.2866973876953,148552700,0.0,0.0
2026-01-29 00:00:00-05:00,191.10690928022157,193.244301759811,185.83334250366076,192.27548217773438,171764400,0.0,0.0
2026-01-30 00:00:00-05:00,190.97707539362895,194.25307849059112,189.23918956869622,190.8971710205078,179489500,0.0,0.0
2026-02-02 00:00:00-05:00,186.97195532434574,190.0681850900544,184.6547894061738,185.38389587402344,165794100,0.0,0.0
2026-02-03 00:00:00-05:00,186.01312186532803,186.04308409913696,176.01530661894333,180.12030029296875,204019600,0.0,0.0
2026-02-04 00:00:00-05:00,179.24138264216026,179.36123157735668,171.70057725198066,173.97779846191406,207014100,0.0,0.0
2026-02-05 00:00:00-05:00,174.71688060291817,176.604592702014,170.82163795446576,171.6706085205078,206312900,0.0,0.0
2026-02-06 00:00:00-05:00,176.47474973392875,186.77218713146127,174.3872995354016,185.1841278076172,231346200,0.0,0.0
2026-02-09 00:00:00-05:00,184.03552934237337,193.42408742490235,183.7259094221984,189.80848693847656,196387400,0.0,0.0
2026-02-10 00:00:00-05:00,191.1468699498802,192.24552080983682,187.89083145679504,188.31031799316406,136764800,0.0,0.0
2026-02-11 00:00:00-05:00,192.2155516352278,193.0245624433192,188.54004197866425,189.8184814453125,144192700,0.0,0.0
2026-02-12 00:00:00-05:00,192.79485804306626,193.3741533411549,186.28279615580217,186.7122802734375,189932500,0.0,0.0
2026-02-13 00:00:00-05:00,187.25162028422807,187.27160018883805,181.36879569323744,182.58731079101562,161888000,0.0,0.0
2026-02-17 00:00:00-05:00,181.5285959992061,186.92201173748992,178.9617194034806,184.7446746826172,162276900,0.0,0.0
2026-02-18 00:00:00-05:00,188.52005804720127,190.13807962880853,186.53247684939709,187.75099182128906,164749100,0.0,0.0
2026-02-19 00:00:00-05:00,186.8321237354349,188.20044994409497,185.43383529156333,187.6710968017578,126554500,0.0,0.0
2026-02-20 00:00:00-05:00,186.342734664171,190.09814888521723,185.71349722992974,189.58877563476562,178422300,0.0,0.0
2026-02-23 00:00:00-05:00,191.16683922839312,193.71373598373438,189.3490641935772,191.31666564941406,171584800,0.0,0.0
2026-02-24 00:00:00-05:00,191.2567378902843,193.53395924081437,187.171708627792,192.61508178710938,175123600,0.0,0.0
2026-02-25 00:00:00-05:00,194.2131137016724,197.38924768090467,193.5539140704845,195.32176208496094,250637100,0.0,0.0
2026-02-26 00:00:00-05:00,194.03334246429932,194.0533071271398,184.09546670933034,184.66476440429688,360807900,0.0,0.0
2026-02-27 00:00:00-05:00,181.0292033274304,182.36756729714082,176.1651407824763,176.97415161132812,311636500,0.0,0.0
2026-03-02 00:00:00-05:00,174.79680413295333,183.2365228635074,174.42725972943845,182.25770568847656,209095300,0.0,0.0
2026-03-03 00:00:00-05:00,178.27256086028186,180.67961330625172,176.70446619030554,179.83065795898438,178099400,0.0,0.0
2026-03-04 00:00:00-05:00,180.22019302825058,184.47499807110998,179.84065106191534,182.8170166015625,177731200,0.0,0.0
2026-03-05 00:00:00-05:00,180.94929874286032,183.83577756501342,177.6633132926684,183.1166534423828,198779700,0.0,0.0
2026-03-06 00:00:00-05:00,179.6209064601764,182.5373473445644,176.60459654479845,177.60337829589844,189021900,0.0,0.0
2026-03-09 00:00:00-04:00,176.61458806542097,182.68718325690133,175.34613090826778,182.427490234375,177213600,0.0,0.0
2026-03-10 00:00:00-04:00,182.17779858894656,186.21288569214076,181.7882742872215,184.544921875,179118500,0.0,0.0
2026-03-11 00:00:00-04:00,185.6935753620157,187.40157611978597,184.23526832414757,185.8134307861328,145280400,0.01,0.0
2026-03-12 00:00:00-04:00,183.83574790315467,184.72471123223085,181.53842231669145,182.9268035888672,155762700,0.0,0.0
2026-03-13 00:00:00-04:00,184.70472270189353,185.87335881208497,179.73052445930352,180.0401611328125,160988400,0.0,0.0
2026-03-16 00:00:00-04:00,182.7570048934839,188.66012868968363,181.19882333613754,183.0067138671875,217307400,0.0,0.0
2026-03-17 00:00:00-04:00,184.8445618023411,185.1841623368753,181.4684917186082,181.71820068359375,182497800,0.0,0.0
2026-03-18 00:00:00-04:00,182.26756764801692,183.16652908726184,180.12007659614625,180.1899871826172,156683100,0.0,0.0
2026-03-19 00:00:00-04:00,177.80276430906588,179.77047215436778,175.5853475010711,178.3521270751953,170968500,0.0,0.0
2026-03-20 00:00:00-04:00,177.79278016290237,178.05247199547227,171.52009228430225,172.4989471435547,241323500,0.0,0.0
2026-03-23 00:00:00-04:00,177.0536408486584,178.16234927411983,174.55655117338722,175.43553161621094,182836300,0.0,0.0
2026-03-24 00:00:00-04:00,174.6264683383626,176.01484951930743,173.777451794472,174.99603271484375,147667800,0.0,0.0
2026-03-25 00:00:00-04:00,176.89383761026875,181.00903649280792,176.64412864426953,178.47198486328125,162602100,0.0,0.0
2026-03-26 00:00:00-04:00,175.86504388946904,176.30451888215924,170.9407749866337,171.04066467285156,186152200,0.0,0.0
2026-03-27 00:00:00-04:00,169.80209026823204,170.77096223786808,166.81556566439232,167.32498168945312,196212700,0.0,0.0
2026-03-30 00:00:00-04:00,168.58352034150624,169.25273855906806,164.07877596313077,164.97772216796875,185627000,0.0,0.0
2026-03-31 00:00:00-04:00,166.77563225072552,174.41672082635512,166.7656493784466,174.1969757080078,226181300,0.0,0.0
2026-04-01 00:00:00-04:00,175.79511913229018,177.16351944386196,174.54657425208924,175.54541015625,168132000,0.0,0.0
2026-04-02 00:00:00-04:00,171.97954556798163,177.28337661769746,171.170490985778,177.18348693847656,143143200,0.0,0.0
2026-04-06 00:00:00-04:00,176.953760088437,177.58301630024127,175.55538077559635,177.43319702148438,107564300,0.0,0.0
2026-04-07 00:00:00-04:00,175.52541836668527,178.0225079733855,173.4578360976707,177.89266967773438,132534900,0.0,0.0
2026-04-08 00:00:00-04:00,184.28522303450282,185.0443328296099,180.09011531444295,181.8680419921875,147732700,0.0,0.0
2026-04-09 00:00:00-04:00,181.6283100364998,183.86570786090292,180.40972906189933,183.69590759277344,116428500,0.0,0.0
2026-04-10 00:00:00-04:00,184.09543736125556,189.77881591864653,184.08545448929232,188.41041564941406,160459500,0.0,0.0
2026-04-13 00:00:00-04:00,185.81343445538195,189.43921351677633,185.52377876103736,189.08961486816406,133648200,0.0,0.0
2026-04-14 00:00:00-04:00,190.61783708872017,196.28123474121094,190.54792650193752,196.28123474121094,161307000,0.0,0.0
2026-04-15 00:00:00-04:00,196.31119931453722,200.166706463506,195.5121427945441,198.63848876953125,185338400,0.0,0.0
2026-04-16 00:00:00-04:00,197.20015246424893,199.6173486077875,195.58204328148997,198.1190948486328,134012900,0.0,0.0
2026-04-17 00:00:00-04:00,199.66727910555997,201.46518667284232,199.03802288778024,201.44520568847656,160324400,0.0,0.0
2026-04-20 00:00:00-04:00,199.7471876833392,201.9346406188145,197.6096795882359,201.82476806640625,119381400,0.0,0.0
2026-04-21 00:00:00-04:00,201.89470437258373,202.51397775047528,198.76834314349978,199.64732360839844,107945300,0.0,0.0
2026-04-22 00:00:00-04:00,200.75603026628932,202.26426696777344,198.76834136586132,202.26426696777344,107501000,0.0,0.0
2026-04-23 00:00:00-04:00,202.22431724671497,203.59271751351986,196.99041179336916,199.4075927734375,113561800,0.0,0.0
2026-04-24 00:00:00-04:00,199.72721882416832,210.70441481695215,199.57738430538978,208.0275421142578,214134400,0.0,0.0
2026-04-27 00:00:00-04:00,209.4059296471886,216.5775789683675,207.13858324348888,216.3578338623047,187172400,0.0,0.0
2026-04-28 00:00:00-04:00,209.24613572912838,214.4800260296235,207.95762889823203,212.92184448242188,180275400,0.0,0.0
2026-04-29 00:00:00-04:00,212.4523894424142,212.47237042757808,207.33835459433345,209.00640869140625,123711800,0.0,0.0
2026-04-30 00:00:00-04:00,209.68560172993963,210.05518135667162,198.46867945247158,199.33767700195312,225239200,0.0,0.0
2026-05-01 00:00:00-04:00,201.0456862731779,202.76368521944246,196.89052532216473,198.21897888183594,128647000,0.0,0.0
2026-05-04 00:00:00-04:00,199.26774870200734,201.49514834231712,194.51329562325486,198.24893188476562,125368100,0.0,0.0
2026-05-05 00:00:00-04:00,199.06798360144137,200.00689171848026,195.80178617585554,196.271240234375,113406600,0.0,0.0
2026-05-06 00:00:00-04:00,199.65729931010404,208.0275486883452,198.37879062945476,207.5880584716797,188362800,0.0,0.0
2026-05-07 00:00:00-04:00,208.0974592073836,213.95063795079753,206.25960488465944,211.2537841796875,168307900,0.0,0.0
2026-05-08 00:00:00-04:00,212.7820061205359,217.5464575316693,212.642169707093,214.94947814941406,136421400,0.0,0.0
2026-05-11 00:00:00-04:00,213.79081709888328,222.04121091513153,213.64099781886503,219.18453979492188,160685800,0.0,0.0
2026-05-12 00:00:00-04:00,218.29558003818886,223.48952345691538,214.6698009927987,220.52297973632812,159176600,0.0,0.0
2026-05-13 00:00:00-04:00,224.6681467194947,227.57476278227756,221.3120728008497,225.56710815429688,150405400,0.0,0.0
2026-05-14 00:00:00-04:00,229.58243343997336,236.26463268418732,229.03307065698914,235.465576171875,180782900,0.0,0.0
2026-05-15 00:00:00-04:00,229.49252726355346,231.23050718880455,223.97896415639156,225.05770874023438,180977600,0.0,0.0
2026-05-18 00:00:00-04:00,229.60240180074675,229.7322553439391,218.1157890335498,222.0612030029297,146280900,0.0,0.0
2026-05-19 00:00:00-04:00,219.36432694236115,224.21866983705235,217.6563261548179,220.35317993164062,140948200,0.0,0.0
2026-05-20 00:00:00-04:00,222.9201831873553,225.8667612103758,220.2433103590018,223.20985412597656,184201600,0.0,0.0
2026-05-21 00:00:00-04:00,222.03121805596584,227.13526994336974,217.6762930684293,219.25445556640625,203381800,0.0,0.0
2026-05-22 00:00:00-04:00,220.64283833374193,220.75271088945502,214.54994865072538,215.07933044433594,169275700,0.0,0.0
2026-05-26 00:00:00-04:00,216.28791550863897,217.92600574795006,211.75320730356688,214.60987854003906,187202600,0.0,0.0
2026-05-27 00:00:00-04:00,213.87072806866348,213.90069192498567,208.53694826896,212.35250854492188,167601200,0.0,0.0
2026-05-28 00:00:00-04:00,211.03403615445995,215.2691056248748,210.97410844231206,214.00057983398438,143996000,0.0,0.0
2026-05-29 00:00:00-04:00,214.33020874183248,217.6063892667686,210.88422794322287,210.8942108154297,289410600,0.0,0.0
2026-06-01 00:00:00-04:00,215.47885750139108,224.60821672379726,215.44889364463796,224.09881591796875,212850700,0.0,0.0
2026-06-02 00:00:00-04:00,226.91551751623658,232.00958636747916,221.09231801448135,222.56060791015625,193362900,0.0,0.0
2026-06-03 00:00:00-04:00,221.46188713313538,222.56061267075634,214.2602739078757,214.5,160907000,0.0,0.0
2026-06-04 00:00:00-04:00,213.91000366210938,221.60000610351562,210.97000122070312,218.66000366210938,169022200,0.25,0.0
2026-06-05 00:00:00-04:00,214.52999877929688,214.8699951171875,204.3300018310547,205.10000610351562,219655500,0.0,0.0
2026-06-08 00:00:00-04:00,210.17999267578125,210.47000122070312,206.0,208.63999938964844,138372800,0.0,0.0
2026-06-09 00:00:00-04:00,210.6199951171875,211.39999389648438,199.33999633789062,208.19000244140625,180962500,0.0,0.0
2026-06-10 00:00:00-04:00,204.42999267578125,207.22000122070312,199.9199981689453,200.4199981689453,161746600,0.0,0.0
2026-06-11 00:00:00-04:00,201.49000549316406,205.66000366210938,199.5399932861328,204.8699951171875,158643200,0.0,0.0
2026-06-12 00:00:00-04:00,204.86000061035156,207.07000732421875,203.44000244140625,205.19000244140625,112001800,0.0,0.0
2026-06-15 00:00:00-04:00,208.9199981689453,212.7100067138672,208.33999633789062,212.4499969482422,149936700,0.0,0.0
2026-06-16 00:00:00-04:00,211.17999267578125,211.49000549316406,207.2899932861328,207.41000366210938,125694100,0.0,0.0
2026-06-17 00:00:00-04:00,208.52999877929688,209.2100067138672,203.0800018310547,204.64999389648438,128363500,0.0,0.0
2026-06-18 00:00:00-04:00,207.3300018310547,211.38999938964844,206.5,210.69000244140625,241272000,0.0,0.0
2026-06-22 00:00:00-04:00,211.44000244140625,213.99000549316406,207.72000122070312,208.64999389648438,122041400,0.0,0.0
2026-06-23 00:00:00-04:00,202.1699981689453,203.77000427246094,200.0,200.0399932861328,153496200,0.0,0.0
2026-06-24 00:00:00-04:00,200.1199951171875,201.6699981689453,196.5800018310547,199.0,151810700,0.0,0.0
2026-06-25 00:00:00-04:00,200.0800018310547,200.8000030517578,192.1300048828125,195.74000549316406,149550000,0.0,0.0
2026-06-26 00:00:00-04:00,193.1199951171875,195.5500030517578,191.22000122070312,192.52999877929688,179304100,0.0,0.0
2026-06-29 00:00:00-04:00,193.85000610351562,196.17999267578125,189.8000030517578,194.97000122070312,148835700,0.0,0.0
2026-06-30 00:00:00-04:00,197.24000549316406,200.6300048828125,195.11000061035156,200.08999633789062,166476700,0.0,0.0
2026-07-01 00:00:00-04:00,196.1999969482422,199.85000610351562,193.4499969482422,197.5800018310547,146147600,0.0,0.0
2026-07-02 00:00:00-04:00,197.13999938964844,200.05999755859375,192.35000610351562,194.8300018310547,142068700,0.0,0.0
2026-07-06 00:00:00-04:00,194.4199981689453,197.5500030517578,193.99000549316406,195.5500030517578,108999000,0.0,0.0
2026-07-07 00:00:00-04:00,192.3699951171875,198.41000366210938,191.13999938964844,196.92999267578125,124154600,0.0,0.0
2026-07-08 00:00:00-04:00,195.17999267578125,205.16000366210938,195.05999755859375,204.1199951171875,147419100,0.0,0.0
2026-07-09 00:00:00-04:00,204.4600067138672,204.58999633789062,198.9600067138672,202.77999877929688,132037400,0.0,0.0
2026-07-10 00:00:00-04:00,202.0,211.0,201.9199981689453,210.9600067138672,148421000,0.0,0.0
2026-07-13 00:00:00-04:00,208.5399932861328,210.57000732421875,203.0,203.52999877929688,121411000,0.0,0.0
2026-07-14 00:00:00-04:00,208.1999969482422,212.5500030517578,203.8000030517578,211.8000030517578,124379600,0.0,0.0
2026-07-15 00:00:00-04:00,211.9600067138672,213.80999755859375,206.0399932861328,212.5,124797200,0.0,0.0
2026-07-16 00:00:00-04:00,210.1699981689453,211.0800018310547,205.85000610351562,207.39999389648438,122986100,0.0,0.0
2026-07-17 00:00:00-04:00,202.63999938964844,206.64999389648438,197.97000122070312,202.80999755859375,144281900,0.0,0.0
2026-07-20 00:00:00-04:00,205.8699951171875,207.74000549316406,202.27999877929688,203.27999877929688,88701500,0.0,0.0
2026-07-21 00:00:00-04:00,207.5399932861328,208.64999389648438,204.00999450683594,207.2899932861328,108685600,0.0,0.0
2026-07-22 00:00:00-04:00,205.80999755859375,214.38999938964844,204.9499969482422,212.05999755859375,137645600,0.0,0.0
2026-07-23 00:00:00-04:00,209.4600067138672,210.8699951171875,205.9600067138672,208.75999450683594,110505300,0.0,0.0
2026-07-24 00:00:00-04:00,207.4499969482422,211.91000366210938,204.80999755859375,206.83999633789062,114836800,0.0,0.0
2026-07-27 00:00:00-04:00,208.1999969482422,208.75,195.44000244140625,196.50999450683594,154353700,0.0,0.0
2026-07-28 00:00:00-04:00,195.0,198.6999969482422,192.74000549316406,197.00999450683594,134111500,0.0,0.0
2026-07-29 00:00:00-04:00,195.85000610351562,197.07000732421875,190.00999450683594,190.00999450683594,147680800,0.0,0.0
2026-07-30 00:00:00-04:00,193.4499969482422,197.25,191.52000427246094,195.0399932861328,129010200,0.0,0.0
2026-07-31 00:00:00-04:00,198.44000244140625,202.0,194.9499969482422,200.75,139961200,0.0,0.0
2026-08-03 00:00:00-04:00,197.69000244140625,208.74000549316406,196.85000610351562,206.63999938964844,128406900,0.0,0.0
2026-08-04 00:00:00-04:00,211.3000030517578,213.05999755859375,209.0500030517578,211.94000244140625,134922000,0.0,0.0
2026-08-05 00:00:00-04:00,216.86000061035156,222.22000122070312,216.39999389648438,219.22000122070312,158187400,0.0,0.0
2026-08-06 00:00:00-04:00,221.52999877929688,223.6300048828125,217.0,218.99000549316406,113940600,0.0,0.0
2026-08-07 00:00:00-04:00,221.5399932861328,224.75999450683594,220.66000366210938,223.9600067138672,105473700,0.0,0.0
